legacy_character_id,legacy_variant_id,hero_version_id,awakened,mapping_kind,reason
a-fourth-raikage,__BASE__,fourth-raikage-base,false,PRIMARY_COMPATIBILITY,Legacy null/BASE ownership resolves to the earliest approved collectible Hero Version for the character.
a-fourth-raikage,BASE,fourth-raikage-base,false,PRIMARY_COMPATIBILITY,Legacy null/BASE ownership resolves to the earliest approved collectible Hero Version for the character.
ajisai,__BASE__,ajisai-core,false,PRIMARY_COMPATIBILITY,Legacy null/BASE ownership resolves to the earliest approved collectible Hero Version for the character.
ajisai,BASE,ajisai-core,false,PRIMARY_COMPATIBILITY,Legacy null/BASE ownership resolves to the earliest approved collectible Hero Version for the character.
akatsuchi,__BASE__,akatsuchi-core,false,PRIMARY_COMPATIBILITY,Legacy null/BASE ownership resolves to the earliest approved collectible Hero Version for the character.
akatsuchi,BASE,akatsuchi-core,false,PRIMARY_COMPATIBILITY,Legacy null/BASE ownership resolves to the earliest approved collectible Hero Version for the character.
ameyuri-ringo,__BASE__,ameyuri-ringo-core,false,PRIMARY_COMPATIBILITY,Legacy null/BASE ownership resolves to the earliest approved collectible Hero Version for the character.
ameyuri-ringo,BASE,ameyuri-ringo-core,false,PRIMARY_COMPATIBILITY,Legacy null/BASE ownership resolves to the earliest approved collectible Hero Version for the character.
anko-mitarashi,__BASE__,anko-mitarashi-core,false,PRIMARY_COMPATIBILITY,Legacy null/BASE ownership resolves to the earliest approved collectible Hero Version for the character.
anko-mitarashi,BASE,anko-mitarashi-core,false,PRIMARY_COMPATIBILITY,Legacy null/BASE ownership resolves to the earliest approved collectible Hero Version for the character.
ao,__BASE__,ao-core,false,PRIMARY_COMPATIBILITY,Legacy null/BASE ownership resolves to the earliest approved collectible Hero Version for the character.
ao,BASE,ao-core,false,PRIMARY_COMPATIBILITY,Legacy null/BASE ownership resolves to the earliest approved collectible Hero Version for the character.
aoba-yamashiro,__BASE__,aoba-yamashiro-core,false,PRIMARY_COMPATIBILITY,Legacy null/BASE ownership resolves to the earliest approved collectible Hero Version for the character.
aoba-yamashiro,BASE,aoba-yamashiro-core,false,PRIMARY_COMPATIBILITY,Legacy null/BASE ownership resolves to the earliest approved collectible Hero Version for the character.
asuma-sarutobi,__BASE__,asuma-sarutobi-core,false,PRIMARY_COMPATIBILITY,Legacy null/BASE ownership resolves to the earliest approved collectible Hero Version for the character.
asuma-sarutobi,BASE,asuma-sarutobi-core,false,PRIMARY_COMPATIBILITY,Legacy null/BASE ownership resolves to the earliest approved collectible Hero Version for the character.
asura-otsutsuki,__BASE__,asura-base,false,PRIMARY_COMPATIBILITY,Legacy null/BASE ownership resolves to the earliest approved collectible Hero Version for the character.
asura-otsutsuki,BASE,asura-base,false,PRIMARY_COMPATIBILITY,Legacy null/BASE ownership resolves to the earliest approved collectible Hero Version for the character.
atsui,__BASE__,atsui-core,false,PRIMARY_COMPATIBILITY,Legacy null/BASE ownership resolves to the earliest approved collectible Hero Version for the character.
atsui,BASE,atsui-core,false,PRIMARY_COMPATIBILITY,Legacy null/BASE ownership resolves to the earliest approved collectible Hero Version for the character.
baiu,__BASE__,baiu-core,false,PRIMARY_COMPATIBILITY,Legacy null/BASE ownership resolves to the earliest approved collectible Hero Version for the character.
baiu,BASE,baiu-core,false,PRIMARY_COMPATIBILITY,Legacy null/BASE ownership resolves to the earliest approved collectible Hero Version for the character.
baki,__BASE__,baki-core,false,PRIMARY_COMPATIBILITY,Legacy null/BASE ownership resolves to the earliest approved collectible Hero Version for the character.
baki,BASE,baki-core,false,PRIMARY_COMPATIBILITY,Legacy null/BASE ownership resolves to the earliest approved collectible Hero Version for the character.
black-zetsu,__BASE__,black-zetsu-core,false,PRIMARY_COMPATIBILITY,Legacy null/BASE ownership resolves to the earliest approved collectible Hero Version for the character.
black-zetsu,BASE,black-zetsu-core,false,PRIMARY_COMPATIBILITY,Legacy null/BASE ownership resolves to the earliest approved collectible Hero Version for the character.
blue-b,__BASE__,blue-b-core,false,PRIMARY_COMPATIBILITY,Legacy null/BASE ownership resolves to the earliest approved collectible Hero Version for the character.
blue-b,BASE,blue-b-core,false,PRIMARY_COMPATIBILITY,Legacy null/BASE ownership resolves to the earliest approved collectible Hero Version for the character.
bunpuku,__BASE__,bunpuku-core,false,PRIMARY_COMPATIBILITY,Legacy null/BASE ownership resolves to the earliest approved collectible Hero Version for the character.
bunpuku,BASE,bunpuku-core,false,PRIMARY_COMPATIBILITY,Legacy null/BASE ownership resolves to the earliest approved collectible Hero Version for the character.
byakuren,__BASE__,byakuren-core,false,PRIMARY_COMPATIBILITY,Legacy null/BASE ownership resolves to the earliest approved collectible Hero Version for the character.
byakuren,BASE,byakuren-core,false,PRIMARY_COMPATIBILITY,Legacy null/BASE ownership resolves to the earliest approved collectible Hero Version for the character.
c,__BASE__,c-core,false,PRIMARY_COMPATIBILITY,Legacy null/BASE ownership resolves to the earliest approved collectible Hero Version for the character.
c,BASE,c-core,false,PRIMARY_COMPATIBILITY,Legacy null/BASE ownership resolves to the earliest approved collectible Hero Version for the character.
chiyo,__BASE__,chiyo-core,false,PRIMARY_COMPATIBILITY,Legacy null/BASE ownership resolves to the earliest approved collectible Hero Version for the character.
chiyo,BASE,chiyo-core,false,PRIMARY_COMPATIBILITY,Legacy null/BASE ownership resolves to the earliest approved collectible Hero Version for the character.
choji-akimichi,__BASE__,choji-shippuden,false,PRIMARY_COMPATIBILITY,Legacy null/BASE ownership resolves to the earliest approved collectible Hero Version for the character.
choji-akimichi,BASE,choji-shippuden,false,PRIMARY_COMPATIBILITY,Legacy null/BASE ownership resolves to the earliest approved collectible Hero Version for the character.
chojuro,__BASE__,chojuro-core,false,PRIMARY_COMPATIBILITY,Legacy null/BASE ownership resolves to the earliest approved collectible Hero Version for the character.
chojuro,BASE,chojuro-core,false,PRIMARY_COMPATIBILITY,Legacy null/BASE ownership resolves to the earliest approved collectible Hero Version for the character.
choza-akimichi,__BASE__,choza-akimichi-core,false,PRIMARY_COMPATIBILITY,Legacy null/BASE ownership resolves to the earliest approved collectible Hero Version for the character.
choza-akimichi,BASE,choza-akimichi-core,false,PRIMARY_COMPATIBILITY,Legacy null/BASE ownership resolves to the earliest approved collectible Hero Version for the character.
chukichi,__BASE__,chukichi-core,false,PRIMARY_COMPATIBILITY,Legacy null/BASE ownership resolves to the earliest approved collectible Hero Version for the character.
chukichi,BASE,chukichi-core,false,PRIMARY_COMPATIBILITY,Legacy null/BASE ownership resolves to the earliest approved collectible Hero Version for the character.
dan-kato,__BASE__,dan-kato-core,false,PRIMARY_COMPATIBILITY,Legacy null/BASE ownership resolves to the earliest approved collectible Hero Version for the character.
dan-kato,BASE,dan-kato-core,false,PRIMARY_COMPATIBILITY,Legacy null/BASE ownership resolves to the earliest approved collectible Hero Version for the character.
danzo-shimura,__BASE__,danzo-candidate,false,PRIMARY_COMPATIBILITY,Legacy null/BASE ownership resolves to the earliest approved collectible Hero Version for the character.
danzo-shimura,BASE,danzo-candidate,false,PRIMARY_COMPATIBILITY,Legacy null/BASE ownership resolves to the earliest approved collectible Hero Version for the character.
darui,__BASE__,darui-core,false,PRIMARY_COMPATIBILITY,Legacy null/BASE ownership resolves to the earliest approved collectible Hero Version for the character.
darui,BASE,darui-core,false,PRIMARY_COMPATIBILITY,Legacy null/BASE ownership resolves to the earliest approved collectible Hero Version for the character.
deidara,__BASE__,deidara-core,false,PRIMARY_COMPATIBILITY,Legacy null/BASE ownership resolves to the earliest approved collectible Hero Version for the character.
deidara,BASE,deidara-core,false,PRIMARY_COMPATIBILITY,Legacy null/BASE ownership resolves to the earliest approved collectible Hero Version for the character.
dodai,__BASE__,dodai-core,false,PRIMARY_COMPATIBILITY,Legacy null/BASE ownership resolves to the earliest approved collectible Hero Version for the character.
dodai,BASE,dodai-core,false,PRIMARY_COMPATIBILITY,Legacy null/BASE ownership resolves to the earliest approved collectible Hero Version for the character.
dosu-kinuta,__BASE__,dosu-kinuta-core,false,PRIMARY_COMPATIBILITY,Legacy null/BASE ownership resolves to the earliest approved collectible Hero Version for the character.
dosu-kinuta,BASE,dosu-kinuta-core,false,PRIMARY_COMPATIBILITY,Legacy null/BASE ownership resolves to the earliest approved collectible Hero Version for the character.
ebisu,__BASE__,ebisu-core,false,PRIMARY_COMPATIBILITY,Legacy null/BASE ownership resolves to the earliest approved collectible Hero Version for the character.
ebisu,BASE,ebisu-core,false,PRIMARY_COMPATIBILITY,Legacy null/BASE ownership resolves to the earliest approved collectible Hero Version for the character.
ebizo,__BASE__,ebizo-core,false,PRIMARY_COMPATIBILITY,Legacy null/BASE ownership resolves to the earliest approved collectible Hero Version for the character.
ebizo,BASE,ebizo-core,false,PRIMARY_COMPATIBILITY,Legacy null/BASE ownership resolves to the earliest approved collectible Hero Version for the character.
first-raikage,__BASE__,first-raikage-core,false,PRIMARY_COMPATIBILITY,Legacy null/BASE ownership resolves to the earliest approved collectible Hero Version for the character.
first-raikage,BASE,first-raikage-core,false,PRIMARY_COMPATIBILITY,Legacy null/BASE ownership resolves to the earliest approved collectible Hero Version for the character.
fu,__BASE__,fu-base,false,PRIMARY_COMPATIBILITY,Legacy null/BASE ownership resolves to the earliest approved collectible Hero Version for the character.
fu,BASE,fu-base,false,PRIMARY_COMPATIBILITY,Legacy null/BASE ownership resolves to the earliest approved collectible Hero Version for the character.
fu-yamanaka,__BASE__,fu-yamanaka-core,false,PRIMARY_COMPATIBILITY,Legacy null/BASE ownership resolves to the earliest approved collectible Hero Version for the character.
fu-yamanaka,BASE,fu-yamanaka-core,false,PRIMARY_COMPATIBILITY,Legacy null/BASE ownership resolves to the earliest approved collectible Hero Version for the character.
fudo,__BASE__,fudo-core,false,PRIMARY_COMPATIBILITY,Legacy null/BASE ownership resolves to the earliest approved collectible Hero Version for the character.
fudo,BASE,fudo-core,false,PRIMARY_COMPATIBILITY,Legacy null/BASE ownership resolves to the earliest approved collectible Hero Version for the character.
fuen,__BASE__,fuen-core,false,PRIMARY_COMPATIBILITY,Legacy null/BASE ownership resolves to the earliest approved collectible Hero Version for the character.
fuen,BASE,fuen-core,false,PRIMARY_COMPATIBILITY,Legacy null/BASE ownership resolves to the earliest approved collectible Hero Version for the character.
fugaku-uchiha,__BASE__,fugaku-uchiha-core,false,PRIMARY_COMPATIBILITY,Legacy null/BASE ownership resolves to the earliest approved collectible Hero Version for the character.
fugaku-uchiha,BASE,fugaku-uchiha-core,false,PRIMARY_COMPATIBILITY,Legacy null/BASE ownership resolves to the earliest approved collectible Hero Version for the character.
fuguki-suikazan,__BASE__,fuguki-suikazan-core,false,PRIMARY_COMPATIBILITY,Legacy null/BASE ownership resolves to the earliest approved collectible Hero Version for the character.
fuguki-suikazan,BASE,fuguki-suikazan-core,false,PRIMARY_COMPATIBILITY,Legacy null/BASE ownership resolves to the earliest approved collectible Hero Version for the character.
fuka,__BASE__,fuka-core,false,PRIMARY_COMPATIBILITY,Legacy null/BASE ownership resolves to the earliest approved collectible Hero Version for the character.
fuka,BASE,fuka-core,false,PRIMARY_COMPATIBILITY,Legacy null/BASE ownership resolves to the earliest approved collectible Hero Version for the character.
gaara,__BASE__,gaara-genin,false,PRIMARY_COMPATIBILITY,Legacy null/BASE ownership resolves to the earliest approved collectible Hero Version for the character.
gaara,BASE,gaara-genin,false,PRIMARY_COMPATIBILITY,Legacy null/BASE ownership resolves to the earliest approved collectible Hero Version for the character.
gari,__BASE__,gari-core,false,PRIMARY_COMPATIBILITY,Legacy null/BASE ownership resolves to the earliest approved collectible Hero Version for the character.
gari,BASE,gari-core,false,PRIMARY_COMPATIBILITY,Legacy null/BASE ownership resolves to the earliest approved collectible Hero Version for the character.
gengetsu-hozuki,__BASE__,gengetsu-hozuki-core,false,PRIMARY_COMPATIBILITY,Legacy null/BASE ownership resolves to the earliest approved collectible Hero Version for the character.
gengetsu-hozuki,BASE,gengetsu-hozuki-core,false,PRIMARY_COMPATIBILITY,Legacy null/BASE ownership resolves to the earliest approved collectible Hero Version for the character.
genma-shiranui,__BASE__,genma-shiranui-core,false,PRIMARY_COMPATIBILITY,Legacy null/BASE ownership resolves to the earliest approved collectible Hero Version for the character.
genma-shiranui,BASE,genma-shiranui-core,false,PRIMARY_COMPATIBILITY,Legacy null/BASE ownership resolves to the earliest approved collectible Hero Version for the character.
ginkaku,__BASE__,ginkaku-base,false,PRIMARY_COMPATIBILITY,Legacy null/BASE ownership resolves to the earliest approved collectible Hero Version for the character.
ginkaku,BASE,ginkaku-base,false,PRIMARY_COMPATIBILITY,Legacy null/BASE ownership resolves to the earliest approved collectible Hero Version for the character.
gozu,__BASE__,gozu-core,false,PRIMARY_COMPATIBILITY,Legacy null/BASE ownership resolves to the earliest approved collectible Hero Version for the character.
gozu,BASE,gozu-core,false,PRIMARY_COMPATIBILITY,Legacy null/BASE ownership resolves to the earliest approved collectible Hero Version for the character.
guren,__BASE__,guren-core,false,PRIMARY_COMPATIBILITY,Legacy null/BASE ownership resolves to the earliest approved collectible Hero Version for the character.
guren,BASE,guren-core,false,PRIMARY_COMPATIBILITY,Legacy null/BASE ownership resolves to the earliest approved collectible Hero Version for the character.
hagoromo-otsutsuki,__BASE__,hagoromo-young,false,PRIMARY_COMPATIBILITY,Legacy null/BASE ownership resolves to the earliest approved collectible Hero Version for the character.
hagoromo-otsutsuki,BASE,hagoromo-young,false,PRIMARY_COMPATIBILITY,Legacy null/BASE ownership resolves to the earliest approved collectible Hero Version for the character.
haku,__BASE__,haku-core,false,PRIMARY_COMPATIBILITY,Legacy null/BASE ownership resolves to the earliest approved collectible Hero Version for the character.
haku,BASE,haku-core,false,PRIMARY_COMPATIBILITY,Legacy null/BASE ownership resolves to the earliest approved collectible Hero Version for the character.
hamura-otsutsuki,__BASE__,hamura-otsutsuki-core,false,PRIMARY_COMPATIBILITY,Legacy null/BASE ownership resolves to the earliest approved collectible Hero Version for the character.
hamura-otsutsuki,BASE,hamura-otsutsuki-core,false,PRIMARY_COMPATIBILITY,Legacy null/BASE ownership resolves to the earliest approved collectible Hero Version for the character.
han,__BASE__,han-base,false,PRIMARY_COMPATIBILITY,Legacy null/BASE ownership resolves to the earliest approved collectible Hero Version for the character.
han,BASE,han-base,false,PRIMARY_COMPATIBILITY,Legacy null/BASE ownership resolves to the earliest approved collectible Hero Version for the character.
hanabi-hyuga,__BASE__,hanabi-hyuga-core,false,PRIMARY_COMPATIBILITY,Legacy null/BASE ownership resolves to the earliest approved collectible Hero Version for the character.
hanabi-hyuga,BASE,hanabi-hyuga-core,false,PRIMARY_COMPATIBILITY,Legacy null/BASE ownership resolves to the earliest approved collectible Hero Version for the character.
hanzo,__BASE__,hanzo-core,false,PRIMARY_COMPATIBILITY,Legacy null/BASE ownership resolves to the earliest approved collectible Hero Version for the character.
hanzo,BASE,hanzo-core,false,PRIMARY_COMPATIBILITY,Legacy null/BASE ownership resolves to the earliest approved collectible Hero Version for the character.
hashirama-senju,__BASE__,hashirama-hokage,false,PRIMARY_COMPATIBILITY,Legacy null/BASE ownership resolves to the earliest approved collectible Hero Version for the character.
hashirama-senju,BASE,hashirama-hokage,false,PRIMARY_COMPATIBILITY,Legacy null/BASE ownership resolves to the earliest approved collectible Hero Version for the character.
hayate-gekko,__BASE__,hayate-gekko-core,false,PRIMARY_COMPATIBILITY,Legacy null/BASE ownership resolves to the earliest approved collectible Hero Version for the character.
hayate-gekko,BASE,hayate-gekko-core,false,PRIMARY_COMPATIBILITY,Legacy null/BASE ownership resolves to the earliest approved collectible Hero Version for the character.
hiashi-hyuga,__BASE__,hiashi-hyuga-core,false,PRIMARY_COMPATIBILITY,Legacy null/BASE ownership resolves to the earliest approved collectible Hero Version for the character.
hiashi-hyuga,BASE,hiashi-hyuga-core,false,PRIMARY_COMPATIBILITY,Legacy null/BASE ownership resolves to the earliest approved collectible Hero Version for the character.
hidan,__BASE__,hidan-core,false,PRIMARY_COMPATIBILITY,Legacy null/BASE ownership resolves to the earliest approved collectible Hero Version for the character.
hidan,BASE,hidan-core,false,PRIMARY_COMPATIBILITY,Legacy null/BASE ownership resolves to the earliest approved collectible Hero Version for the character.
hinata-hyuga,__BASE__,hinata-hyuga-core,false,PRIMARY_COMPATIBILITY,Legacy null/BASE ownership resolves to the earliest approved collectible Hero Version for the character.
hinata-hyuga,BASE,hinata-hyuga-core,false,PRIMARY_COMPATIBILITY,Legacy null/BASE ownership resolves to the earliest approved collectible Hero Version for the character.
hiruko,__BASE__,hiruko-core,false,PRIMARY_COMPATIBILITY,Legacy null/BASE ownership resolves to the earliest approved collectible Hero Version for the character.
hiruko,BASE,hiruko-core,false,PRIMARY_COMPATIBILITY,Legacy null/BASE ownership resolves to the earliest approved collectible Hero Version for the character.
hiruzen-sarutobi,__BASE__,hiruzen-prime,false,PRIMARY_COMPATIBILITY,Legacy null/BASE ownership resolves to the earliest approved collectible Hero Version for the character.
hiruzen-sarutobi,BASE,hiruzen-prime,false,PRIMARY_COMPATIBILITY,Legacy null/BASE ownership resolves to the earliest approved collectible Hero Version for the character.
hizashi-hyuga,__BASE__,hizashi-hyuga-core,false,PRIMARY_COMPATIBILITY,Legacy null/BASE ownership resolves to the earliest approved collectible Hero Version for the character.
hizashi-hyuga,BASE,hizashi-hyuga-core,false,PRIMARY_COMPATIBILITY,Legacy null/BASE ownership resolves to the earliest approved collectible Hero Version for the character.
ibiki-morino,__BASE__,ibiki-morino-core,false,PRIMARY_COMPATIBILITY,Legacy null/BASE ownership resolves to the earliest approved collectible Hero Version for the character.
ibiki-morino,BASE,ibiki-morino-core,false,PRIMARY_COMPATIBILITY,Legacy null/BASE ownership resolves to the earliest approved collectible Hero Version for the character.
idate-morino,__BASE__,idate-morino-core,false,PRIMARY_COMPATIBILITY,Legacy null/BASE ownership resolves to the earliest approved collectible Hero Version for the character.
idate-morino,BASE,idate-morino-core,false,PRIMARY_COMPATIBILITY,Legacy null/BASE ownership resolves to the earliest approved collectible Hero Version for the character.
indra-otsutsuki,__BASE__,indra-base,false,PRIMARY_COMPATIBILITY,Legacy null/BASE ownership resolves to the earliest approved collectible Hero Version for the character.
indra-otsutsuki,BASE,indra-base,false,PRIMARY_COMPATIBILITY,Legacy null/BASE ownership resolves to the earliest approved collectible Hero Version for the character.
ino-yamanaka,__BASE__,ino-yamanaka-core,false,PRIMARY_COMPATIBILITY,Legacy null/BASE ownership resolves to the earliest approved collectible Hero Version for the character.
ino-yamanaka,BASE,ino-yamanaka-core,false,PRIMARY_COMPATIBILITY,Legacy null/BASE ownership resolves to the earliest approved collectible Hero Version for the character.
inoichi-yamanaka,__BASE__,inoichi-yamanaka-core,false,PRIMARY_COMPATIBILITY,Legacy null/BASE ownership resolves to the earliest approved collectible Hero Version for the character.
inoichi-yamanaka,BASE,inoichi-yamanaka-core,false,PRIMARY_COMPATIBILITY,Legacy null/BASE ownership resolves to the earliest approved collectible Hero Version for the character.
iruka-umino,__BASE__,iruka-umino-core,false,PRIMARY_COMPATIBILITY,Legacy null/BASE ownership resolves to the earliest approved collectible Hero Version for the character.
iruka-umino,BASE,iruka-umino-core,false,PRIMARY_COMPATIBILITY,Legacy null/BASE ownership resolves to the earliest approved collectible Hero Version for the character.
ishikawa,__BASE__,ishikawa-core,false,PRIMARY_COMPATIBILITY,Legacy null/BASE ownership resolves to the earliest approved collectible Hero Version for the character.
ishikawa,BASE,ishikawa-core,false,PRIMARY_COMPATIBILITY,Legacy null/BASE ownership resolves to the earliest approved collectible Hero Version for the character.
itachi-uchiha,__BASE__,itachi-anbu,false,PRIMARY_COMPATIBILITY,Legacy null/BASE ownership resolves to the earliest approved collectible Hero Version for the character.
itachi-uchiha,BASE,itachi-anbu,false,PRIMARY_COMPATIBILITY,Legacy null/BASE ownership resolves to the earliest approved collectible Hero Version for the character.
izumo-kamizuki,__BASE__,izumo-kamizuki-core,false,PRIMARY_COMPATIBILITY,Legacy null/BASE ownership resolves to the earliest approved collectible Hero Version for the character.
izumo-kamizuki,BASE,izumo-kamizuki-core,false,PRIMARY_COMPATIBILITY,Legacy null/BASE ownership resolves to the earliest approved collectible Hero Version for the character.
izuna-uchiha,__BASE__,izuna-uchiha-core,false,PRIMARY_COMPATIBILITY,Legacy null/BASE ownership resolves to the earliest approved collectible Hero Version for the character.
izuna-uchiha,BASE,izuna-uchiha-core,false,PRIMARY_COMPATIBILITY,Legacy null/BASE ownership resolves to the earliest approved collectible Hero Version for the character.
jinin-akebino,__BASE__,jinin-akebino-core,false,PRIMARY_COMPATIBILITY,Legacy null/BASE ownership resolves to the earliest approved collectible Hero Version for the character.
jinin-akebino,BASE,jinin-akebino-core,false,PRIMARY_COMPATIBILITY,Legacy null/BASE ownership resolves to the earliest approved collectible Hero Version for the character.
jinpachi-munashi,__BASE__,jinpachi-munashi-core,false,PRIMARY_COMPATIBILITY,Legacy null/BASE ownership resolves to the earliest approved collectible Hero Version for the character.
jinpachi-munashi,BASE,jinpachi-munashi-core,false,PRIMARY_COMPATIBILITY,Legacy null/BASE ownership resolves to the earliest approved collectible Hero Version for the character.
jirobo,__BASE__,jirobo-base,false,PRIMARY_COMPATIBILITY,Legacy null/BASE ownership resolves to the earliest approved collectible Hero Version for the character.
jirobo,BASE,jirobo-base,false,PRIMARY_COMPATIBILITY,Legacy null/BASE ownership resolves to the earliest approved collectible Hero Version for the character.
jugo,__BASE__,jugo-base,false,PRIMARY_COMPATIBILITY,Legacy null/BASE ownership resolves to the earliest approved collectible Hero Version for the character.
jugo,BASE,jugo-base,false,PRIMARY_COMPATIBILITY,Legacy null/BASE ownership resolves to the earliest approved collectible Hero Version for the character.
kabuto-yakushi,__BASE__,kabuto-part1,false,PRIMARY_COMPATIBILITY,Legacy null/BASE ownership resolves to the earliest approved collectible Hero Version for the character.
kabuto-yakushi,BASE,kabuto-part1,false,PRIMARY_COMPATIBILITY,Legacy null/BASE ownership resolves to the earliest approved collectible Hero Version for the character.
kagami-uchiha,__BASE__,kagami-uchiha-core,false,PRIMARY_COMPATIBILITY,Legacy null/BASE ownership resolves to the earliest approved collectible Hero Version for the character.
kagami-uchiha,BASE,kagami-uchiha-core,false,PRIMARY_COMPATIBILITY,Legacy null/BASE ownership resolves to the earliest approved collectible Hero Version for the character.
kagari,__BASE__,kagari-core,false,PRIMARY_COMPATIBILITY,Legacy null/BASE ownership resolves to the earliest approved collectible Hero Version for the character.
kagari,BASE,kagari-core,false,PRIMARY_COMPATIBILITY,Legacy null/BASE ownership resolves to the earliest approved collectible Hero Version for the character.
kaguya-otsutsuki,__BASE__,kaguya-base,false,PRIMARY_COMPATIBILITY,Legacy null/BASE ownership resolves to the earliest approved collectible Hero Version for the character.
kaguya-otsutsuki,BASE,kaguya-base,false,PRIMARY_COMPATIBILITY,Legacy null/BASE ownership resolves to the earliest approved collectible Hero Version for the character.
kakashi-hatake,__BASE__,kakashi-young,false,PRIMARY_COMPATIBILITY,Legacy null/BASE ownership resolves to the earliest approved collectible Hero Version for the character.
kakashi-hatake,BASE,kakashi-young,false,PRIMARY_COMPATIBILITY,Legacy null/BASE ownership resolves to the earliest approved collectible Hero Version for the character.
kakko,__BASE__,kakko-core,false,PRIMARY_COMPATIBILITY,Legacy null/BASE ownership resolves to the earliest approved collectible Hero Version for the character.
kakko,BASE,kakko-core,false,PRIMARY_COMPATIBILITY,Legacy null/BASE ownership resolves to the earliest approved collectible Hero Version for the character.
kakuzu,__BASE__,kakuzu-akatsuki,false,PRIMARY_COMPATIBILITY,Legacy null/BASE ownership resolves to the earliest approved collectible Hero Version for the character.
kakuzu,BASE,kakuzu-akatsuki,false,PRIMARY_COMPATIBILITY,Legacy null/BASE ownership resolves to the earliest approved collectible Hero Version for the character.
kankuro,__BASE__,kankuro-core,false,PRIMARY_COMPATIBILITY,Legacy null/BASE ownership resolves to the earliest approved collectible Hero Version for the character.
kankuro,BASE,kankuro-core,false,PRIMARY_COMPATIBILITY,Legacy null/BASE ownership resolves to the earliest approved collectible Hero Version for the character.
karin,__BASE__,karin-core,false,PRIMARY_COMPATIBILITY,Legacy null/BASE ownership resolves to the earliest approved collectible Hero Version for the character.
karin,BASE,karin-core,false,PRIMARY_COMPATIBILITY,Legacy null/BASE ownership resolves to the earliest approved collectible Hero Version for the character.
karui,__BASE__,karui-core,false,PRIMARY_COMPATIBILITY,Legacy null/BASE ownership resolves to the earliest approved collectible Hero Version for the character.
karui,BASE,karui-core,false,PRIMARY_COMPATIBILITY,Legacy null/BASE ownership resolves to the earliest approved collectible Hero Version for the character.
kiba-inuzuka,__BASE__,kiba-inuzuka-core,false,PRIMARY_COMPATIBILITY,Legacy null/BASE ownership resolves to the earliest approved collectible Hero Version for the character.
kiba-inuzuka,BASE,kiba-inuzuka-core,false,PRIMARY_COMPATIBILITY,Legacy null/BASE ownership resolves to the earliest approved collectible Hero Version for the character.
kidomaru,__BASE__,kidomaru-base,false,PRIMARY_COMPATIBILITY,Legacy null/BASE ownership resolves to the earliest approved collectible Hero Version for the character.
kidomaru,BASE,kidomaru-base,false,PRIMARY_COMPATIBILITY,Legacy null/BASE ownership resolves to the earliest approved collectible Hero Version for the character.
killer-b,__BASE__,killer-b-base,false,PRIMARY_COMPATIBILITY,Legacy null/BASE ownership resolves to the earliest approved collectible Hero Version for the character.
killer-b,BASE,killer-b-base,false,PRIMARY_COMPATIBILITY,Legacy null/BASE ownership resolves to the earliest approved collectible Hero Version for the character.
kimimaro,__BASE__,kimimaro-base,false,PRIMARY_COMPATIBILITY,Legacy null/BASE ownership resolves to the earliest approved collectible Hero Version for the character.
kimimaro,BASE,kimimaro-base,false,PRIMARY_COMPATIBILITY,Legacy null/BASE ownership resolves to the earliest approved collectible Hero Version for the character.
kin-tsuchi,__BASE__,kin-tsuchi-core,false,PRIMARY_COMPATIBILITY,Legacy null/BASE ownership resolves to the earliest approved collectible Hero Version for the character.
kin-tsuchi,BASE,kin-tsuchi-core,false,PRIMARY_COMPATIBILITY,Legacy null/BASE ownership resolves to the earliest approved collectible Hero Version for the character.
kinkaku,__BASE__,kinkaku-base,false,PRIMARY_COMPATIBILITY,Legacy null/BASE ownership resolves to the earliest approved collectible Hero Version for the character.
kinkaku,BASE,kinkaku-base,false,PRIMARY_COMPATIBILITY,Legacy null/BASE ownership resolves to the earliest approved collectible Hero Version for the character.
kisame-hoshigaki,__BASE__,kisame-akatsuki,false,PRIMARY_COMPATIBILITY,Legacy null/BASE ownership resolves to the earliest approved collectible Hero Version for the character.
kisame-hoshigaki,BASE,kisame-akatsuki,false,PRIMARY_COMPATIBILITY,Legacy null/BASE ownership resolves to the earliest approved collectible Hero Version for the character.
kitsuchi,__BASE__,kitsuchi-core,false,PRIMARY_COMPATIBILITY,Legacy null/BASE ownership resolves to the earliest approved collectible Hero Version for the character.
kitsuchi,BASE,kitsuchi-core,false,PRIMARY_COMPATIBILITY,Legacy null/BASE ownership resolves to the earliest approved collectible Hero Version for the character.
konan,__BASE__,konan-akatsuki,false,PRIMARY_COMPATIBILITY,Legacy null/BASE ownership resolves to the earliest approved collectible Hero Version for the character.
konan,BASE,konan-akatsuki,false,PRIMARY_COMPATIBILITY,Legacy null/BASE ownership resolves to the earliest approved collectible Hero Version for the character.
konohamaru-sarutobi,__BASE__,konohamaru-sarutobi-core,false,PRIMARY_COMPATIBILITY,Legacy null/BASE ownership resolves to the earliest approved collectible Hero Version for the character.
konohamaru-sarutobi,BASE,konohamaru-sarutobi-core,false,PRIMARY_COMPATIBILITY,Legacy null/BASE ownership resolves to the earliest approved collectible Hero Version for the character.
kosuke-maruboshi,__BASE__,kosuke-maruboshi-core,false,PRIMARY_COMPATIBILITY,Legacy null/BASE ownership resolves to the earliest approved collectible Hero Version for the character.
kosuke-maruboshi,BASE,kosuke-maruboshi-core,false,PRIMARY_COMPATIBILITY,Legacy null/BASE ownership resolves to the earliest approved collectible Hero Version for the character.
kotetsu-hagane,__BASE__,kotetsu-hagane-core,false,PRIMARY_COMPATIBILITY,Legacy null/BASE ownership resolves to the earliest approved collectible Hero Version for the character.
kotetsu-hagane,BASE,kotetsu-hagane-core,false,PRIMARY_COMPATIBILITY,Legacy null/BASE ownership resolves to the earliest approved collectible Hero Version for the character.
kurenai-yuhi,__BASE__,kurenai-yuhi-core,false,PRIMARY_COMPATIBILITY,Legacy null/BASE ownership resolves to the earliest approved collectible Hero Version for the character.
kurenai-yuhi,BASE,kurenai-yuhi-core,false,PRIMARY_COMPATIBILITY,Legacy null/BASE ownership resolves to the earliest approved collectible Hero Version for the character.
kurotsuchi,__BASE__,kurotsuchi-core,false,PRIMARY_COMPATIBILITY,Legacy null/BASE ownership resolves to the earliest approved collectible Hero Version for the character.
kurotsuchi,BASE,kurotsuchi-core,false,PRIMARY_COMPATIBILITY,Legacy null/BASE ownership resolves to the earliest approved collectible Hero Version for the character.
kushimaru-kuriarare,__BASE__,kushimaru-kuriarare-core,false,PRIMARY_COMPATIBILITY,Legacy null/BASE ownership resolves to the earliest approved collectible Hero Version for the character.
kushimaru-kuriarare,BASE,kushimaru-kuriarare-core,false,PRIMARY_COMPATIBILITY,Legacy null/BASE ownership resolves to the earliest approved collectible Hero Version for the character.
mabui,__BASE__,mabui-core,false,PRIMARY_COMPATIBILITY,Legacy null/BASE ownership resolves to the earliest approved collectible Hero Version for the character.
mabui,BASE,mabui-core,false,PRIMARY_COMPATIBILITY,Legacy null/BASE ownership resolves to the earliest approved collectible Hero Version for the character.
madara-uchiha,__BASE__,madara-ems,false,PRIMARY_COMPATIBILITY,Legacy null/BASE ownership resolves to the earliest approved collectible Hero Version for the character.
madara-uchiha,BASE,madara-ems,false,PRIMARY_COMPATIBILITY,Legacy null/BASE ownership resolves to the earliest approved collectible Hero Version for the character.
mahiru,__BASE__,mahiru-core,false,PRIMARY_COMPATIBILITY,Legacy null/BASE ownership resolves to the earliest approved collectible Hero Version for the character.
mahiru,BASE,mahiru-core,false,PRIMARY_COMPATIBILITY,Legacy null/BASE ownership resolves to the earliest approved collectible Hero Version for the character.
maki,__BASE__,maki-core,false,PRIMARY_COMPATIBILITY,Legacy null/BASE ownership resolves to the earliest approved collectible Hero Version for the character.
maki,BASE,maki-core,false,PRIMARY_COMPATIBILITY,Legacy null/BASE ownership resolves to the earliest approved collectible Hero Version for the character.
mangetsu-hozuki,__BASE__,mangetsu-hozuki-core,false,PRIMARY_COMPATIBILITY,Legacy null/BASE ownership resolves to the earliest approved collectible Hero Version for the character.
mangetsu-hozuki,BASE,mangetsu-hozuki-core,false,PRIMARY_COMPATIBILITY,Legacy null/BASE ownership resolves to the earliest approved collectible Hero Version for the character.
matsuri,__BASE__,matsuri-core,false,PRIMARY_COMPATIBILITY,Legacy null/BASE ownership resolves to the earliest approved collectible Hero Version for the character.
matsuri,BASE,matsuri-core,false,PRIMARY_COMPATIBILITY,Legacy null/BASE ownership resolves to the earliest approved collectible Hero Version for the character.
meizu,__BASE__,meizu-core,false,PRIMARY_COMPATIBILITY,Legacy null/BASE ownership resolves to the earliest approved collectible Hero Version for the character.
meizu,BASE,meizu-core,false,PRIMARY_COMPATIBILITY,Legacy null/BASE ownership resolves to the earliest approved collectible Hero Version for the character.
menma-uzumaki,__BASE__,menma-base,false,PRIMARY_COMPATIBILITY,Legacy null/BASE ownership resolves to the earliest approved collectible Hero Version for the character.
menma-uzumaki,BASE,menma-base,false,PRIMARY_COMPATIBILITY,Legacy null/BASE ownership resolves to the earliest approved collectible Hero Version for the character.
midare,__BASE__,midare-core,false,PRIMARY_COMPATIBILITY,Legacy null/BASE ownership resolves to the earliest approved collectible Hero Version for the character.
midare,BASE,midare-core,false,PRIMARY_COMPATIBILITY,Legacy null/BASE ownership resolves to the earliest approved collectible Hero Version for the character.
mifune,__BASE__,mifune-core,false,PRIMARY_COMPATIBILITY,Legacy null/BASE ownership resolves to the earliest approved collectible Hero Version for the character.
mifune,BASE,mifune-core,false,PRIMARY_COMPATIBILITY,Legacy null/BASE ownership resolves to the earliest approved collectible Hero Version for the character.
might-duy,__BASE__,might-duy-base,false,PRIMARY_COMPATIBILITY,Legacy null/BASE ownership resolves to the earliest approved collectible Hero Version for the character.
might-duy,BASE,might-duy-base,false,PRIMARY_COMPATIBILITY,Legacy null/BASE ownership resolves to the earliest approved collectible Hero Version for the character.
might-guy,__BASE__,might-guy-base,false,PRIMARY_COMPATIBILITY,Legacy null/BASE ownership resolves to the earliest approved collectible Hero Version for the character.
might-guy,BASE,might-guy-base,false,PRIMARY_COMPATIBILITY,Legacy null/BASE ownership resolves to the earliest approved collectible Hero Version for the character.
minato-namikaze,__BASE__,minato-jonin,false,PRIMARY_COMPATIBILITY,Legacy null/BASE ownership resolves to the earliest approved collectible Hero Version for the character.
minato-namikaze,BASE,minato-jonin,false,PRIMARY_COMPATIBILITY,Legacy null/BASE ownership resolves to the earliest approved collectible Hero Version for the character.
misumi-tsurugi,__BASE__,misumi-tsurugi-core,false,PRIMARY_COMPATIBILITY,Legacy null/BASE ownership resolves to the earliest approved collectible Hero Version for the character.
misumi-tsurugi,BASE,misumi-tsurugi-core,false,PRIMARY_COMPATIBILITY,Legacy null/BASE ownership resolves to the earliest approved collectible Hero Version for the character.
mito-uzumaki,__BASE__,mito-uzumaki-core,false,PRIMARY_COMPATIBILITY,Legacy null/BASE ownership resolves to the earliest approved collectible Hero Version for the character.
mito-uzumaki,BASE,mito-uzumaki-core,false,PRIMARY_COMPATIBILITY,Legacy null/BASE ownership resolves to the earliest approved collectible Hero Version for the character.
mizuki,__BASE__,mizuki-core,false,PRIMARY_COMPATIBILITY,Legacy null/BASE ownership resolves to the earliest approved collectible Hero Version for the character.
mizuki,BASE,mizuki-core,false,PRIMARY_COMPATIBILITY,Legacy null/BASE ownership resolves to the earliest approved collectible Hero Version for the character.
moegi-kazamatsuri,__BASE__,moegi-kazamatsuri-core,false,PRIMARY_COMPATIBILITY,Legacy null/BASE ownership resolves to the earliest approved collectible Hero Version for the character.
moegi-kazamatsuri,BASE,moegi-kazamatsuri-core,false,PRIMARY_COMPATIBILITY,Legacy null/BASE ownership resolves to the earliest approved collectible Hero Version for the character.
motoi,__BASE__,motoi-core,false,PRIMARY_COMPATIBILITY,Legacy null/BASE ownership resolves to the earliest approved collectible Hero Version for the character.
motoi,BASE,motoi-core,false,PRIMARY_COMPATIBILITY,Legacy null/BASE ownership resolves to the earliest approved collectible Hero Version for the character.
mu,__BASE__,mu-core,false,PRIMARY_COMPATIBILITY,Legacy null/BASE ownership resolves to the earliest approved collectible Hero Version for the character.
mu,BASE,mu-core,false,PRIMARY_COMPATIBILITY,Legacy null/BASE ownership resolves to the earliest approved collectible Hero Version for the character.
mubi,__BASE__,mubi-core,false,PRIMARY_COMPATIBILITY,Legacy null/BASE ownership resolves to the earliest approved collectible Hero Version for the character.
mubi,BASE,mubi-core,false,PRIMARY_COMPATIBILITY,Legacy null/BASE ownership resolves to the earliest approved collectible Hero Version for the character.
mukade,__BASE__,mukade-base,false,PRIMARY_COMPATIBILITY,Legacy null/BASE ownership resolves to the earliest approved collectible Hero Version for the character.
mukade,BASE,mukade-base,false,PRIMARY_COMPATIBILITY,Legacy null/BASE ownership resolves to the earliest approved collectible Hero Version for the character.
nagato,__BASE__,nagato-core,false,PRIMARY_COMPATIBILITY,Legacy null/BASE ownership resolves to the earliest approved collectible Hero Version for the character.
nagato,BASE,nagato-core,false,PRIMARY_COMPATIBILITY,Legacy null/BASE ownership resolves to the earliest approved collectible Hero Version for the character.
naruto-uzumaki,__BASE__,naruto-genin,false,PRIMARY_COMPATIBILITY,Legacy null/BASE ownership resolves to the earliest approved collectible Hero Version for the character.
naruto-uzumaki,BASE,naruto-genin,false,PRIMARY_COMPATIBILITY,Legacy null/BASE ownership resolves to the earliest approved collectible Hero Version for the character.
neji-hyuga,__BASE__,neji-hyuga-core,false,PRIMARY_COMPATIBILITY,Legacy null/BASE ownership resolves to the earliest approved collectible Hero Version for the character.
neji-hyuga,BASE,neji-hyuga-core,false,PRIMARY_COMPATIBILITY,Legacy null/BASE ownership resolves to the earliest approved collectible Hero Version for the character.
nono-yakushi,__BASE__,nono-yakushi-core,false,PRIMARY_COMPATIBILITY,Legacy null/BASE ownership resolves to the earliest approved collectible Hero Version for the character.
nono-yakushi,BASE,nono-yakushi-core,false,PRIMARY_COMPATIBILITY,Legacy null/BASE ownership resolves to the earliest approved collectible Hero Version for the character.
obito-uchiha,__BASE__,obito-young,false,PRIMARY_COMPATIBILITY,Legacy null/BASE ownership resolves to the earliest approved collectible Hero Version for the character.
obito-uchiha,BASE,obito-young,false,PRIMARY_COMPATIBILITY,Legacy null/BASE ownership resolves to the earliest approved collectible Hero Version for the character.
oboro,__BASE__,oboro-core,false,PRIMARY_COMPATIBILITY,Legacy null/BASE ownership resolves to the earliest approved collectible Hero Version for the character.
oboro,BASE,oboro-core,false,PRIMARY_COMPATIBILITY,Legacy null/BASE ownership resolves to the earliest approved collectible Hero Version for the character.
okisuke,__BASE__,okisuke-core,false,PRIMARY_COMPATIBILITY,Legacy null/BASE ownership resolves to the earliest approved collectible Hero Version for the character.
okisuke,BASE,okisuke-core,false,PRIMARY_COMPATIBILITY,Legacy null/BASE ownership resolves to the earliest approved collectible Hero Version for the character.
omoi,__BASE__,omoi-core,false,PRIMARY_COMPATIBILITY,Legacy null/BASE ownership resolves to the earliest approved collectible Hero Version for the character.
omoi,BASE,omoi-core,false,PRIMARY_COMPATIBILITY,Legacy null/BASE ownership resolves to the earliest approved collectible Hero Version for the character.
onoki,__BASE__,onoki-core,false,PRIMARY_COMPATIBILITY,Legacy null/BASE ownership resolves to the earliest approved collectible Hero Version for the character.
onoki,BASE,onoki-core,false,PRIMARY_COMPATIBILITY,Legacy null/BASE ownership resolves to the earliest approved collectible Hero Version for the character.
orochimaru,__BASE__,orochimaru-sannin,false,PRIMARY_COMPATIBILITY,Legacy null/BASE ownership resolves to the earliest approved collectible Hero Version for the character.
orochimaru,BASE,orochimaru-sannin,false,PRIMARY_COMPATIBILITY,Legacy null/BASE ownership resolves to the earliest approved collectible Hero Version for the character.
pakura,__BASE__,pakura-core,false,PRIMARY_COMPATIBILITY,Legacy null/BASE ownership resolves to the earliest approved collectible Hero Version for the character.
pakura,BASE,pakura-core,false,PRIMARY_COMPATIBILITY,Legacy null/BASE ownership resolves to the earliest approved collectible Hero Version for the character.
raido-namiashi,__BASE__,raido-namiashi-core,false,PRIMARY_COMPATIBILITY,Legacy null/BASE ownership resolves to the earliest approved collectible Hero Version for the character.
raido-namiashi,BASE,raido-namiashi-core,false,PRIMARY_COMPATIBILITY,Legacy null/BASE ownership resolves to the earliest approved collectible Hero Version for the character.
raiga-kurosuki,__BASE__,raiga-kurosuki-core,false,PRIMARY_COMPATIBILITY,Legacy null/BASE ownership resolves to the earliest approved collectible Hero Version for the character.
raiga-kurosuki,BASE,raiga-kurosuki-core,false,PRIMARY_COMPATIBILITY,Legacy null/BASE ownership resolves to the earliest approved collectible Hero Version for the character.
rasa,__BASE__,rasa-core,false,PRIMARY_COMPATIBILITY,Legacy null/BASE ownership resolves to the earliest approved collectible Hero Version for the character.
rasa,BASE,rasa-core,false,PRIMARY_COMPATIBILITY,Legacy null/BASE ownership resolves to the earliest approved collectible Hero Version for the character.
rin-nohara,__BASE__,rin-nohara-core,false,PRIMARY_COMPATIBILITY,Legacy null/BASE ownership resolves to the earliest approved collectible Hero Version for the character.
rin-nohara,BASE,rin-nohara-core,false,PRIMARY_COMPATIBILITY,Legacy null/BASE ownership resolves to the earliest approved collectible Hero Version for the character.
rock-lee,__BASE__,rock-lee-genin,false,PRIMARY_COMPATIBILITY,Legacy null/BASE ownership resolves to the earliest approved collectible Hero Version for the character.
rock-lee,BASE,rock-lee-genin,false,PRIMARY_COMPATIBILITY,Legacy null/BASE ownership resolves to the earliest approved collectible Hero Version for the character.
roshi,__BASE__,roshi-base,false,PRIMARY_COMPATIBILITY,Legacy null/BASE ownership resolves to the earliest approved collectible Hero Version for the character.
roshi,BASE,roshi-base,false,PRIMARY_COMPATIBILITY,Legacy null/BASE ownership resolves to the earliest approved collectible Hero Version for the character.
sai,__BASE__,sai-core,false,PRIMARY_COMPATIBILITY,Legacy null/BASE ownership resolves to the earliest approved collectible Hero Version for the character.
sai,BASE,sai-core,false,PRIMARY_COMPATIBILITY,Legacy null/BASE ownership resolves to the earliest approved collectible Hero Version for the character.
sakon,__BASE__,sakon-base,false,PRIMARY_COMPATIBILITY,Legacy null/BASE ownership resolves to the earliest approved collectible Hero Version for the character.
sakon,BASE,sakon-base,false,PRIMARY_COMPATIBILITY,Legacy null/BASE ownership resolves to the earliest approved collectible Hero Version for the character.
sakumo-hatake,__BASE__,sakumo-hatake-core,false,PRIMARY_COMPATIBILITY,Legacy null/BASE ownership resolves to the earliest approved collectible Hero Version for the character.
sakumo-hatake,BASE,sakumo-hatake-core,false,PRIMARY_COMPATIBILITY,Legacy null/BASE ownership resolves to the earliest approved collectible Hero Version for the character.
sakura-haruno,__BASE__,sakura-genin,false,PRIMARY_COMPATIBILITY,Legacy null/BASE ownership resolves to the earliest approved collectible Hero Version for the character.
sakura-haruno,BASE,sakura-genin,false,PRIMARY_COMPATIBILITY,Legacy null/BASE ownership resolves to the earliest approved collectible Hero Version for the character.
samui,__BASE__,samui-core,false,PRIMARY_COMPATIBILITY,Legacy null/BASE ownership resolves to the earliest approved collectible Hero Version for the character.
samui,BASE,samui-core,false,PRIMARY_COMPATIBILITY,Legacy null/BASE ownership resolves to the earliest approved collectible Hero Version for the character.
sari,__BASE__,sari-core,false,PRIMARY_COMPATIBILITY,Legacy null/BASE ownership resolves to the earliest approved collectible Hero Version for the character.
sari,BASE,sari-core,false,PRIMARY_COMPATIBILITY,Legacy null/BASE ownership resolves to the earliest approved collectible Hero Version for the character.
sasori,__BASE__,sasori-hiruko,false,PRIMARY_COMPATIBILITY,Legacy null/BASE ownership resolves to the earliest approved collectible Hero Version for the character.
sasori,BASE,sasori-hiruko,false,PRIMARY_COMPATIBILITY,Legacy null/BASE ownership resolves to the earliest approved collectible Hero Version for the character.
sasuke-uchiha,__BASE__,sasuke-genin,false,PRIMARY_COMPATIBILITY,Legacy null/BASE ownership resolves to the earliest approved collectible Hero Version for the character.
sasuke-uchiha,BASE,sasuke-genin,false,PRIMARY_COMPATIBILITY,Legacy null/BASE ownership resolves to the earliest approved collectible Hero Version for the character.
second-raikage,__BASE__,second-raikage-core,false,PRIMARY_COMPATIBILITY,Legacy null/BASE ownership resolves to the earliest approved collectible Hero Version for the character.
second-raikage,BASE,second-raikage-core,false,PRIMARY_COMPATIBILITY,Legacy null/BASE ownership resolves to the earliest approved collectible Hero Version for the character.
shigure,__BASE__,shigure-core,false,PRIMARY_COMPATIBILITY,Legacy null/BASE ownership resolves to the earliest approved collectible Hero Version for the character.
shigure,BASE,shigure-core,false,PRIMARY_COMPATIBILITY,Legacy null/BASE ownership resolves to the earliest approved collectible Hero Version for the character.
shikaku-nara,__BASE__,shikaku-nara-core,false,PRIMARY_COMPATIBILITY,Legacy null/BASE ownership resolves to the earliest approved collectible Hero Version for the character.
shikaku-nara,BASE,shikaku-nara-core,false,PRIMARY_COMPATIBILITY,Legacy null/BASE ownership resolves to the earliest approved collectible Hero Version for the character.
shikamaru-nara,__BASE__,shikamaru-nara-core,false,PRIMARY_COMPATIBILITY,Legacy null/BASE ownership resolves to the earliest approved collectible Hero Version for the character.
shikamaru-nara,BASE,shikamaru-nara-core,false,PRIMARY_COMPATIBILITY,Legacy null/BASE ownership resolves to the earliest approved collectible Hero Version for the character.
shinno,__BASE__,shinno-base,false,PRIMARY_COMPATIBILITY,Legacy null/BASE ownership resolves to the earliest approved collectible Hero Version for the character.
shinno,BASE,shinno-base,false,PRIMARY_COMPATIBILITY,Legacy null/BASE ownership resolves to the earliest approved collectible Hero Version for the character.
shino-aburame,__BASE__,shino-aburame-core,false,PRIMARY_COMPATIBILITY,Legacy null/BASE ownership resolves to the earliest approved collectible Hero Version for the character.
shino-aburame,BASE,shino-aburame-core,false,PRIMARY_COMPATIBILITY,Legacy null/BASE ownership resolves to the earliest approved collectible Hero Version for the character.
shisui-uchiha,__BASE__,shisui-anbu,false,PRIMARY_COMPATIBILITY,Legacy null/BASE ownership resolves to the earliest approved collectible Hero Version for the character.
shisui-uchiha,BASE,shisui-anbu,false,PRIMARY_COMPATIBILITY,Legacy null/BASE ownership resolves to the earliest approved collectible Hero Version for the character.
shizune,__BASE__,shizune-core,false,PRIMARY_COMPATIBILITY,Legacy null/BASE ownership resolves to the earliest approved collectible Hero Version for the character.
shizune,BASE,shizune-core,false,PRIMARY_COMPATIBILITY,Legacy null/BASE ownership resolves to the earliest approved collectible Hero Version for the character.
sora,__BASE__,sora-base,false,PRIMARY_COMPATIBILITY,Legacy null/BASE ownership resolves to the earliest approved collectible Hero Version for the character.
sora,BASE,sora-base,false,PRIMARY_COMPATIBILITY,Legacy null/BASE ownership resolves to the earliest approved collectible Hero Version for the character.
suigetsu-hozuki,__BASE__,suigetsu-hozuki-core,false,PRIMARY_COMPATIBILITY,Legacy null/BASE ownership resolves to the earliest approved collectible Hero Version for the character.
suigetsu-hozuki,BASE,suigetsu-hozuki-core,false,PRIMARY_COMPATIBILITY,Legacy null/BASE ownership resolves to the earliest approved collectible Hero Version for the character.
taiseki,__BASE__,taiseki-core,false,PRIMARY_COMPATIBILITY,Legacy null/BASE ownership resolves to the earliest approved collectible Hero Version for the character.
taiseki,BASE,taiseki-core,false,PRIMARY_COMPATIBILITY,Legacy null/BASE ownership resolves to the earliest approved collectible Hero Version for the character.
tayuya,__BASE__,tayuya-base,false,PRIMARY_COMPATIBILITY,Legacy null/BASE ownership resolves to the earliest approved collectible Hero Version for the character.
tayuya,BASE,tayuya-base,false,PRIMARY_COMPATIBILITY,Legacy null/BASE ownership resolves to the earliest approved collectible Hero Version for the character.
temari,__BASE__,temari-core,false,PRIMARY_COMPATIBILITY,Legacy null/BASE ownership resolves to the earliest approved collectible Hero Version for the character.
temari,BASE,temari-core,false,PRIMARY_COMPATIBILITY,Legacy null/BASE ownership resolves to the earliest approved collectible Hero Version for the character.
tenten,__BASE__,tenten-core,false,PRIMARY_COMPATIBILITY,Legacy null/BASE ownership resolves to the earliest approved collectible Hero Version for the character.
tenten,BASE,tenten-core,false,PRIMARY_COMPATIBILITY,Legacy null/BASE ownership resolves to the earliest approved collectible Hero Version for the character.
third-raikage,__BASE__,third-raikage-core,false,PRIMARY_COMPATIBILITY,Legacy null/BASE ownership resolves to the earliest approved collectible Hero Version for the character.
third-raikage,BASE,third-raikage-core,false,PRIMARY_COMPATIBILITY,Legacy null/BASE ownership resolves to the earliest approved collectible Hero Version for the character.
tobirama-senju,__BASE__,tobirama-hokage,false,PRIMARY_COMPATIBILITY,Legacy null/BASE ownership resolves to the earliest approved collectible Hero Version for the character.
tobirama-senju,BASE,tobirama-hokage,false,PRIMARY_COMPATIBILITY,Legacy null/BASE ownership resolves to the earliest approved collectible Hero Version for the character.
toneri-otsutsuki,__BASE__,toneri-base,false,PRIMARY_COMPATIBILITY,Legacy null/BASE ownership resolves to the earliest approved collectible Hero Version for the character.
toneri-otsutsuki,BASE,toneri-base,false,PRIMARY_COMPATIBILITY,Legacy null/BASE ownership resolves to the earliest approved collectible Hero Version for the character.
torifu-akimichi,__BASE__,torifu-akimichi-core,false,PRIMARY_COMPATIBILITY,Legacy null/BASE ownership resolves to the earliest approved collectible Hero Version for the character.
torifu-akimichi,BASE,torifu-akimichi-core,false,PRIMARY_COMPATIBILITY,Legacy null/BASE ownership resolves to the earliest approved collectible Hero Version for the character.
toroi,__BASE__,toroi-core,false,PRIMARY_COMPATIBILITY,Legacy null/BASE ownership resolves to the earliest approved collectible Hero Version for the character.
toroi,BASE,toroi-core,false,PRIMARY_COMPATIBILITY,Legacy null/BASE ownership resolves to the earliest approved collectible Hero Version for the character.
torune-aburame,__BASE__,torune-aburame-core,false,PRIMARY_COMPATIBILITY,Legacy null/BASE ownership resolves to the earliest approved collectible Hero Version for the character.
torune-aburame,BASE,torune-aburame-core,false,PRIMARY_COMPATIBILITY,Legacy null/BASE ownership resolves to the earliest approved collectible Hero Version for the character.
udon-ise,__BASE__,udon-ise-core,false,PRIMARY_COMPATIBILITY,Legacy null/BASE ownership resolves to the earliest approved collectible Hero Version for the character.
udon-ise,BASE,udon-ise-core,false,PRIMARY_COMPATIBILITY,Legacy null/BASE ownership resolves to the earliest approved collectible Hero Version for the character.
ukon,__BASE__,ukon-base,false,PRIMARY_COMPATIBILITY,Legacy null/BASE ownership resolves to the earliest approved collectible Hero Version for the character.
ukon,BASE,ukon-base,false,PRIMARY_COMPATIBILITY,Legacy null/BASE ownership resolves to the earliest approved collectible Hero Version for the character.
utakata,__BASE__,utakata-base,false,PRIMARY_COMPATIBILITY,Legacy null/BASE ownership resolves to the earliest approved collectible Hero Version for the character.
utakata,BASE,utakata-base,false,PRIMARY_COMPATIBILITY,Legacy null/BASE ownership resolves to the earliest approved collectible Hero Version for the character.
white-zetsu,__BASE__,white-zetsu-core,false,PRIMARY_COMPATIBILITY,Legacy null/BASE ownership resolves to the earliest approved collectible Hero Version for the character.
white-zetsu,BASE,white-zetsu-core,false,PRIMARY_COMPATIBILITY,Legacy null/BASE ownership resolves to the earliest approved collectible Hero Version for the character.
yagura-karatachi,__BASE__,yagura-base,false,PRIMARY_COMPATIBILITY,Legacy null/BASE ownership resolves to the earliest approved collectible Hero Version for the character.
yagura-karatachi,BASE,yagura-base,false,PRIMARY_COMPATIBILITY,Legacy null/BASE ownership resolves to the earliest approved collectible Hero Version for the character.
yahiko,__BASE__,yahiko-core,false,PRIMARY_COMPATIBILITY,Legacy null/BASE ownership resolves to the earliest approved collectible Hero Version for the character.
yahiko,BASE,yahiko-core,false,PRIMARY_COMPATIBILITY,Legacy null/BASE ownership resolves to the earliest approved collectible Hero Version for the character.
yamato,__BASE__,yamato-core,false,PRIMARY_COMPATIBILITY,Legacy null/BASE ownership resolves to the earliest approved collectible Hero Version for the character.
yamato,BASE,yamato-core,false,PRIMARY_COMPATIBILITY,Legacy null/BASE ownership resolves to the earliest approved collectible Hero Version for the character.
yashamaru,__BASE__,yashamaru-core,false,PRIMARY_COMPATIBILITY,Legacy null/BASE ownership resolves to the earliest approved collectible Hero Version for the character.
yashamaru,BASE,yashamaru-core,false,PRIMARY_COMPATIBILITY,Legacy null/BASE ownership resolves to the earliest approved collectible Hero Version for the character.
yoroi-akado,__BASE__,yoroi-akado-core,false,PRIMARY_COMPATIBILITY,Legacy null/BASE ownership resolves to the earliest approved collectible Hero Version for the character.
yoroi-akado,BASE,yoroi-akado-core,false,PRIMARY_COMPATIBILITY,Legacy null/BASE ownership resolves to the earliest approved collectible Hero Version for the character.
yugao-uzuki,__BASE__,yugao-uzuki-core,false,PRIMARY_COMPATIBILITY,Legacy null/BASE ownership resolves to the earliest approved collectible Hero Version for the character.
yugao-uzuki,BASE,yugao-uzuki-core,false,PRIMARY_COMPATIBILITY,Legacy null/BASE ownership resolves to the earliest approved collectible Hero Version for the character.
yugito-nii,__BASE__,yugito-base,false,PRIMARY_COMPATIBILITY,Legacy null/BASE ownership resolves to the earliest approved collectible Hero Version for the character.
yugito-nii,BASE,yugito-base,false,PRIMARY_COMPATIBILITY,Legacy null/BASE ownership resolves to the earliest approved collectible Hero Version for the character.
zabuza-momochi,__BASE__,zabuza-momochi-core,false,PRIMARY_COMPATIBILITY,Legacy null/BASE ownership resolves to the earliest approved collectible Hero Version for the character.
zabuza-momochi,BASE,zabuza-momochi-core,false,PRIMARY_COMPATIBILITY,Legacy null/BASE ownership resolves to the earliest approved collectible Hero Version for the character.
zaku-abumi,__BASE__,zaku-abumi-core,false,PRIMARY_COMPATIBILITY,Legacy null/BASE ownership resolves to the earliest approved collectible Hero Version for the character.
zaku-abumi,BASE,zaku-abumi-core,false,PRIMARY_COMPATIBILITY,Legacy null/BASE ownership resolves to the earliest approved collectible Hero Version for the character.
a-fourth-raikage,Lightning Armor,fourth-raikage-base,true,AWAKENING_FORM,Reserved exclusively as Awakening of fourth-raikage-base.
a-fourth-raikage,Raikage,fourth-raikage-base,false,COLLECTIBLE_HERO_VERSION,Base form of proposed hero fourth-raikage-base.
ajisai,Animal Path Vessel,ajisai-core,false,SPECIAL_INDEPENDENT_CHARACTER_TO_PRIMARY,"Corpse/vessel identity for Pain content, not Ajisai's normal Awakening."
ajisai,Rain Kunoichi,ajisai-core,false,COLLECTIBLE_HERO_VERSION,Base form of proposed hero ajisai-core.
akatsuchi,Stone Golem,akatsuchi-core,false,SKILL_OR_ULTIMATE_TO_PRIMARY,"Earth Release: Golem Technique is a jutsu used by Akatsuchi, not a persistent body/form transformation."
akatsuchi,Tsuchikage Guard,akatsuchi-core,false,COSMETIC_SKIN_TO_PRIMARY,Era/rank/title difference alone does not justify another collectible hero.
ameyuri-ringo,Kiba Wielder,ameyuri-ringo-core,false,COLLECTIBLE_HERO_VERSION,Base form of proposed hero ameyuri-ringo-core.
ameyuri-ringo,Reanimated,ameyuri-ringo-core,false,COSMETIC_SKIN_TO_PRIMARY,Reanimation is explicitly not treated as a normal Awakening.
anko-mitarashi,Chunin Exams Proctor,anko-mitarashi-core,false,COLLECTIBLE_HERO_VERSION,Base form of proposed hero anko-mitarashi-core.
anko-mitarashi,Cursed Seal Survivor,anko-mitarashi-core,false,MERGED_OR_REMOVED_DUPLICATE_TO_PRIMARY,Secondary label does not currently clear the standalone-hero threshold and is merged into the character's primary kit/presentation.
ao,Byakugan Hunter,ao-core,false,COLLECTIBLE_HERO_VERSION,Base form of proposed hero ao-core.
ao,Sensor Captain,ao-core,false,COSMETIC_SKIN_TO_PRIMARY,Era/rank/title difference alone does not justify another collectible hero.
aoba-yamashiro,Intelligence Corps,aoba-yamashiro-core,false,COSMETIC_SKIN_TO_PRIMARY,Era/rank/title difference alone does not justify another collectible hero.
aoba-yamashiro,Jonin,aoba-yamashiro-core,false,COLLECTIBLE_HERO_VERSION,Base form of proposed hero aoba-yamashiro-core.
aoda,Great Snake,,false,SPECIAL_INDEPENDENT_CHARACTER_NO_HERO_VERSION,"Summon creature is retained as special independent combat content, not a normal ninja hero version."
aoda,Sasuke Summon,,false,SKILL_OR_ULTIMATE_NO_HERO_VERSION,Summon-specific action/state belongs to technique presentation rather than another summonable unit.
asuma-sarutobi,Edo Tensei,asuma-sarutobi-core,false,COSMETIC_SKIN_TO_PRIMARY,Reanimation is explicitly not treated as a normal Awakening.
asuma-sarutobi,Jonin,asuma-sarutobi-core,false,COLLECTIBLE_HERO_VERSION,Base form of proposed hero asuma-sarutobi-core.
asura-otsutsuki,Base,asura-base,false,COLLECTIBLE_HERO_VERSION,Base form of proposed hero asura-base.
asura-otsutsuki,Six Paths Avatar,asura-base,true,AWAKENING_FORM,Reserved exclusively as Awakening of asura-base.
atsui,Cloud Ninja,atsui-core,false,COLLECTIBLE_HERO_VERSION,Base form of proposed hero atsui-core.
atsui,War Arc,atsui-core,false,COSMETIC_SKIN_TO_PRIMARY,Era/rank/title difference alone does not justify another collectible hero.
baiu,Rain Genin,baiu-core,false,COLLECTIBLE_HERO_VERSION,Base form of proposed hero baiu-core.
baiu,Senbon Assault,baiu-core,false,SKILL_OR_ULTIMATE_TO_PRIMARY,Label describes a technique/weapon action rather than a persistent hero form.
baki,Sand Jonin,baki-core,false,COLLECTIBLE_HERO_VERSION,Base form of proposed hero baki-core.
baki,Wind Blade,baki-core,false,SKILL_OR_ULTIMATE_TO_PRIMARY,Label describes a technique/weapon action rather than a persistent hero form.
black-zetsu,Akatsuki Spy,black-zetsu-core,false,COLLECTIBLE_HERO_VERSION,Base form of proposed hero black-zetsu-core.
black-zetsu,Kaguya Will,black-zetsu-core,false,MERGED_OR_REMOVED_DUPLICATE_TO_PRIMARY,Secondary label does not currently clear the standalone-hero threshold and is merged into the character's primary kit/presentation.
blue-b,Eight-Tails Host,blue-b-core,false,COLLECTIBLE_HERO_VERSION,Base form of proposed hero blue-b-core.
blue-b,Jinchuriki Cloak,blue-b-core,true,AWAKENING_FORM,Reserved exclusively as Awakening of blue-b-core.
bunpuku,Monk Sage,bunpuku-core,false,MERGED_OR_REMOVED_DUPLICATE_TO_PRIMARY,Secondary label does not currently clear the standalone-hero threshold and is merged into the character's primary kit/presentation.
bunpuku,Shukaku Host,bunpuku-core,false,COLLECTIBLE_HERO_VERSION,Base form of proposed hero bunpuku-core.
byakuren,First Mizukage,byakuren-core,false,COLLECTIBLE_HERO_VERSION,Base form of proposed hero byakuren-core.
byakuren,Prime,byakuren-core,false,COSMETIC_SKIN_TO_PRIMARY,Era/rank/title difference alone does not justify another collectible hero.
c,Raikage Guard,c-core,false,COSMETIC_SKIN_TO_PRIMARY,Era/rank/title difference alone does not justify another collectible hero.
c,Sensor,c-core,false,COLLECTIBLE_HERO_VERSION,Base form of proposed hero c-core.
chiyo,Base,chiyo-core,false,COLLECTIBLE_HERO_VERSION,Base form of proposed hero chiyo-core.
chiyo,Ten Puppets,chiyo-core,false,SKILL_OR_ULTIMATE_TO_PRIMARY,Secret White Move puppet technique.
choji-akimichi,Butterfly Mode,choji-shippuden,true,AWAKENING_FORM,Reserved exclusively as Awakening of choji-shippuden.
choji-akimichi,Genin,choji-shippuden,false,COSMETIC_SKIN_TO_PRIMARY,Age/era appearance; Shippuden is the hero boundary.
choji-akimichi,Shippuden,choji-shippuden,false,COLLECTIBLE_HERO_VERSION,Base form of proposed hero choji-shippuden.
choji-akimichi,War Arc,choji-shippuden,false,COSMETIC_SKIN_TO_PRIMARY,Era appearance.
chojuro,Hiramekarei Master,chojuro-core,false,MERGED_OR_REMOVED_DUPLICATE_TO_PRIMARY,Secondary label does not currently clear the standalone-hero threshold and is merged into the character's primary kit/presentation.
chojuro,Seven Swordsman,chojuro-core,false,COLLECTIBLE_HERO_VERSION,Base form of proposed hero chojuro-core.
choza-akimichi,Clan Head,choza-akimichi-core,false,COLLECTIBLE_HERO_VERSION,Base form of proposed hero choza-akimichi-core.
choza-akimichi,War Arc,choza-akimichi-core,false,COSMETIC_SKIN_TO_PRIMARY,Era/rank/title difference alone does not justify another collectible hero.
chukichi,Reanimated,chukichi-core,false,COSMETIC_SKIN_TO_PRIMARY,Reanimation is explicitly not treated as a normal Awakening.
chukichi,Sensor Ninja,chukichi-core,false,COLLECTIBLE_HERO_VERSION,Base form of proposed hero chukichi-core.
dan-kato,Jonin,dan-kato-core,false,COLLECTIBLE_HERO_VERSION,Base form of proposed hero dan-kato-core.
dan-kato,Spirit Transformation,dan-kato-core,false,SKILL_OR_ULTIMATE_TO_PRIMARY,Spirit Transformation Technique is a jutsu that projects Dan's spirit; it is not a persistent transformed body.
danzo-shimura,Hokage Candidate,danzo-candidate,false,COLLECTIBLE_HERO_VERSION,Base form of proposed hero danzo-candidate.
danzo-shimura,Izanagi Arm,danzo-candidate,true,AWAKENING_FORM,Reserved exclusively as Awakening of danzo-candidate.
darui,Raikage Guard,darui-core,false,COSMETIC_SKIN_TO_PRIMARY,Era/rank/title difference alone does not justify another collectible hero.
darui,Storm Release,darui-core,false,SKILL_OR_ULTIMATE_TO_PRIMARY,"Storm Release is Darui's kekkei genkai/nature transformation, not a separate persistent hero form."
deidara,Akatsuki,deidara-core,false,COLLECTIBLE_HERO_VERSION,Base form of proposed hero deidara-core.
deidara,C2 Dragon,deidara-core,false,SKILL_OR_ULTIMATE_TO_PRIMARY,"Named technique/construct, not a persistent hero form."
deidara,C4,deidara-core,false,SKILL_OR_ULTIMATE_TO_PRIMARY,"Named ultimate-scale technique, not a hero."
deidara,Edo Tensei,deidara-core,false,COSMETIC_SKIN_TO_PRIMARY,Reanimation skin/state.
dodai,Lava Rubber Style,dodai-core,false,SKILL_OR_ULTIMATE_TO_PRIMARY,"Dodai's vulcanised-rubber Lava Release is expressed through ninjutsu such as Rubber Rope/Defence, not a persistent form."
dodai,Third Raikage Aide,dodai-core,false,COSMETIC_SKIN_TO_PRIMARY,Era/rank/title difference alone does not justify another collectible hero.
dosu-kinuta,Resonating Echo,dosu-kinuta-core,false,SKILL_OR_ULTIMATE_TO_PRIMARY,Label describes a technique/weapon action rather than a persistent hero form.
dosu-kinuta,Sound Genin,dosu-kinuta-core,false,COLLECTIBLE_HERO_VERSION,Base form of proposed hero dosu-kinuta-core.
ebisu,Elite Tutor,ebisu-core,false,COLLECTIBLE_HERO_VERSION,Base form of proposed hero ebisu-core.
ebisu,Special Jonin,ebisu-core,false,COSMETIC_SKIN_TO_PRIMARY,Era/rank/title difference alone does not justify another collectible hero.
ebizo,Puppet Strategist,ebizo-core,false,MERGED_OR_REMOVED_DUPLICATE_TO_PRIMARY,Secondary label does not currently clear the standalone-hero threshold and is merged into the character's primary kit/presentation.
ebizo,Sand Elder,ebizo-core,false,COLLECTIBLE_HERO_VERSION,Base form of proposed hero ebizo-core.
enma,Adamantine Staff,,false,SKILL_OR_ULTIMATE_NO_HERO_VERSION,Summon-specific action/state belongs to technique presentation rather than another summonable unit.
enma,Monkey King,,false,SPECIAL_INDEPENDENT_CHARACTER_NO_HERO_VERSION,"Summon creature is retained as special independent combat content, not a normal ninja hero version."
first-raikage,First Raikage,first-raikage-core,false,COLLECTIBLE_HERO_VERSION,Base form of proposed hero first-raikage-core.
first-raikage,Prime,first-raikage-core,false,COSMETIC_SKIN_TO_PRIMARY,Era/rank/title difference alone does not justify another collectible hero.
fu,Base,fu-base,false,COLLECTIBLE_HERO_VERSION,Base form of proposed hero fu-base.
fu,Seven-Tails Cloak,fu-base,true,AWAKENING_FORM,Reserved exclusively as Awakening of fu-base.
fu-yamanaka,Mind Transfer,fu-yamanaka-core,false,SKILL_OR_ULTIMATE_TO_PRIMARY,Label describes a technique/weapon action rather than a persistent hero form.
fu-yamanaka,Root Operative,fu-yamanaka-core,false,COLLECTIBLE_HERO_VERSION,Base form of proposed hero fu-yamanaka-core.
fudo,Earth Body,fudo-core,false,MERGED_OR_REMOVED_DUPLICATE_TO_PRIMARY,Secondary label does not currently clear the standalone-hero threshold and is merged into the character's primary kit/presentation.
fudo,Four-Man Team,fudo-core,false,COLLECTIBLE_HERO_VERSION,Base form of proposed hero fudo-core.
fuen,Barrier Specialist,fuen-core,false,MERGED_OR_REMOVED_DUPLICATE_TO_PRIMARY,Secondary label does not currently clear the standalone-hero threshold and is merged into the character's primary kit/presentation.
fuen,Four-Man Team,fuen-core,false,COLLECTIBLE_HERO_VERSION,Base form of proposed hero fuen-core.
fugaku-uchiha,Clan Head,fugaku-uchiha-core,false,COLLECTIBLE_HERO_VERSION,Base form of proposed hero fugaku-uchiha-core.
fugaku-uchiha,Police Captain,fugaku-uchiha-core,false,COSMETIC_SKIN_TO_PRIMARY,Era/rank/title difference alone does not justify another collectible hero.
fuguki-suikazan,Reanimated,fuguki-suikazan-core,false,COSMETIC_SKIN_TO_PRIMARY,Reanimation is explicitly not treated as a normal Awakening.
fuguki-suikazan,Samehada Wielder,fuguki-suikazan-core,false,COLLECTIBLE_HERO_VERSION,Base form of proposed hero fuguki-suikazan-core.
fuka,Elemental Kiss,fuka-core,false,SKILL_OR_ULTIMATE_TO_PRIMARY,Label describes a technique/weapon action rather than a persistent hero form.
fuka,Four-Man Team,fuka-core,false,COLLECTIBLE_HERO_VERSION,Base form of proposed hero fuka-core.
fukasaku,Sage Training,,false,SKILL_OR_ULTIMATE_NO_HERO_VERSION,Summon-specific action/state belongs to technique presentation rather than another summonable unit.
fukasaku,Toad Sage,,false,SPECIAL_INDEPENDENT_CHARACTER_NO_HERO_VERSION,"Summon creature is retained as special independent combat content, not a normal ninja hero version."
gaara,Genin,gaara-genin,false,COLLECTIBLE_HERO_VERSION,Base form of proposed hero gaara-genin.
gaara,Kazekage,gaara-kazekage,false,COLLECTIBLE_HERO_VERSION,Base form of proposed hero gaara-kazekage.
gaara,Shukaku Cloak,gaara-genin,true,AWAKENING_FORM,Reserved exclusively as Awakening of gaara-genin.
gaara,War Arc,gaara-genin,false,COSMETIC_SKIN_TO_PRIMARY,Era presentation of Kazekage Gaara.
gamabunta,Gamabunta Battle,,false,SKILL_OR_ULTIMATE_NO_HERO_VERSION,Summon-specific action/state belongs to technique presentation rather than another summonable unit.
gamabunta,Toad Boss,,false,SPECIAL_INDEPENDENT_CHARACTER_NO_HERO_VERSION,"Summon creature is retained as special independent combat content, not a normal ninja hero version."
gamakichi,War Arc Toad,,false,SKILL_OR_ULTIMATE_NO_HERO_VERSION,Summon-specific action/state belongs to technique presentation rather than another summonable unit.
gamakichi,Young Toad,,false,SPECIAL_INDEPENDENT_CHARACTER_NO_HERO_VERSION,"Summon creature is retained as special independent combat content, not a normal ninja hero version."
gari,Explosion Release,gari-core,false,SKILL_OR_ULTIMATE_TO_PRIMARY,"Explosion Release is Gari's kekkei genkai/ninjutsu style, not a persistent transformation."
gari,Reanimated,gari-core,false,COSMETIC_SKIN_TO_PRIMARY,Reanimation is explicitly not treated as a normal Awakening.
gengetsu-hozuki,Edo Tensei,gengetsu-hozuki-core,false,COSMETIC_SKIN_TO_PRIMARY,Reanimation is explicitly not treated as a normal Awakening.
gengetsu-hozuki,Second Mizukage,gengetsu-hozuki-core,false,COLLECTIBLE_HERO_VERSION,Base form of proposed hero gengetsu-hozuki-core.
genma-shiranui,Fourth Hokage Guard,genma-shiranui-core,false,COSMETIC_SKIN_TO_PRIMARY,Era/rank/title difference alone does not justify another collectible hero.
genma-shiranui,Special Jonin,genma-shiranui-core,false,COLLECTIBLE_HERO_VERSION,Base form of proposed hero genma-shiranui-core.
ginkaku,Nine-Tails Cloak,ginkaku-base,true,AWAKENING_FORM,Reserved exclusively as Awakening of ginkaku-base.
ginkaku,Silver Brother,ginkaku-base,false,COLLECTIBLE_HERO_VERSION,Base form of proposed hero ginkaku-base.
gozu,Chain Gauntlet,gozu-core,false,SKILL_OR_ULTIMATE_TO_PRIMARY,Label describes a technique/weapon action rather than a persistent hero form.
gozu,Demon Brothers,gozu-core,false,COLLECTIBLE_HERO_VERSION,Base form of proposed hero gozu-core.
guren,Crystal Release,guren-core,false,SKILL_OR_ULTIMATE_TO_PRIMARY,Crystal Release is Guren's ninjutsu identity and should feed her five-skill kit rather than become a collectible form label.
guren,Three-Tails Mission,guren-core,false,MERGED_OR_REMOVED_DUPLICATE_TO_PRIMARY,Secondary label does not currently clear the standalone-hero threshold and is merged into the character's primary kit/presentation.
hagoromo-otsutsuki,Sage of Six Paths,hagoromo-young,true,AWAKENING_FORM,Reserved exclusively as Awakening of hagoromo-young.
hagoromo-otsutsuki,Young,hagoromo-young,false,COLLECTIBLE_HERO_VERSION,Base form of proposed hero hagoromo-young.
haku,Base,haku-core,false,COLLECTIBLE_HERO_VERSION,Base form of proposed hero haku-core.
haku,Edo Tensei,haku-core,false,COSMETIC_SKIN_TO_PRIMARY,Reanimation is explicitly not treated as a normal Awakening.
hamura-otsutsuki,Tenseigan Legacy,hamura-otsutsuki-core,false,MERGED_OR_REMOVED_DUPLICATE_TO_PRIMARY,Legacy/title wording is not a documented persistent Hamura transformation.
hamura-otsutsuki,Young,hamura-otsutsuki-core,false,COLLECTIBLE_HERO_VERSION,Base form of proposed hero hamura-otsutsuki-core.
han,Base,han-base,false,COLLECTIBLE_HERO_VERSION,Base form of proposed hero han-base.
han,Five-Tails Cloak,han-base,true,AWAKENING_FORM,Reserved exclusively as Awakening of han-base.
hanabi-hyuga,Byakugan Master,hanabi-hyuga-core,false,MERGED_OR_REMOVED_DUPLICATE_TO_PRIMARY,Secondary label does not currently clear the standalone-hero threshold and is merged into the character's primary kit/presentation.
hanabi-hyuga,Hyuga Heiress,hanabi-hyuga-core,false,COLLECTIBLE_HERO_VERSION,Base form of proposed hero hanabi-hyuga-core.
hanzo,Edo Tensei,hanzo-core,false,COSMETIC_SKIN_TO_PRIMARY,Reanimation is explicitly not treated as a normal Awakening.
hanzo,Prime,hanzo-core,false,COLLECTIBLE_HERO_VERSION,Base form of proposed hero hanzo-core.
hashirama-senju,Edo Tensei,hashirama-hokage,false,COSMETIC_SKIN_TO_PRIMARY,Reanimation is not used as Awakening.
hashirama-senju,First Hokage,hashirama-hokage,false,COLLECTIBLE_HERO_VERSION,Base form of proposed hero hashirama-hokage.
hashirama-senju,Sage Mode,hashirama-hokage,true,AWAKENING_FORM,Reserved exclusively as Awakening of hashirama-hokage.
hashirama-senju,Warring States,hashirama-hokage,false,COSMETIC_SKIN_TO_PRIMARY,Era appearance of the same wood-style identity.
hayate-gekko,Chunin Exams Proctor,hayate-gekko-core,false,COLLECTIBLE_HERO_VERSION,Base form of proposed hero hayate-gekko-core.
hayate-gekko,Crescent Moon Blade,hayate-gekko-core,false,SKILL_OR_ULTIMATE_TO_PRIMARY,Label describes a technique/weapon action rather than a persistent hero form.
hiashi-hyuga,Clan Head,hiashi-hyuga-core,false,COLLECTIBLE_HERO_VERSION,Base form of proposed hero hiashi-hyuga-core.
hiashi-hyuga,War Arc,hiashi-hyuga-core,false,COSMETIC_SKIN_TO_PRIMARY,Era/rank/title difference alone does not justify another collectible hero.
hidan,Akatsuki,hidan-core,false,COLLECTIBLE_HERO_VERSION,Base form of proposed hero hidan-core.
hidan,Curse Ritual,hidan-core,false,SKILL_OR_ULTIMATE_TO_PRIMARY,"Ritual technique, not a separate hero."
hinata-hyuga,Genin,hinata-hyuga-core,false,COLLECTIBLE_HERO_VERSION,Base form of proposed hero hinata-hyuga-core.
hinata-hyuga,Shippuden,hinata-hyuga-core,false,MERGED_OR_REMOVED_DUPLICATE_TO_PRIMARY,Secondary label does not currently clear the standalone-hero threshold and is merged into the character's primary kit/presentation.
hinata-hyuga,War Arc,hinata-hyuga-core,false,COSMETIC_SKIN_TO_PRIMARY,Era appearance of the same Shippuden combat identity.
hiruko,Chimera Technique,hiruko-core,false,SKILL_OR_ULTIMATE_TO_PRIMARY,"Chimera Technique is a technique/power system, not a second persistent Hiruko form label."
hiruko,Missing Nin,hiruko-core,false,COLLECTIBLE_HERO_VERSION,Base form of proposed hero hiruko-core.
hiruzen-sarutobi,Edo Tensei,hiruzen-prime,false,COSMETIC_SKIN_TO_PRIMARY,Reanimation skin/state.
hiruzen-sarutobi,Prime,hiruzen-prime,false,COLLECTIBLE_HERO_VERSION,Base form of proposed hero hiruzen-prime.
hiruzen-sarutobi,Third Hokage,hiruzen-prime,false,COSMETIC_SKIN_TO_PRIMARY,Title/era label; Prime hero carries the full combat identity.
hizashi-hyuga,Branch House,hizashi-hyuga-core,false,COLLECTIBLE_HERO_VERSION,Base form of proposed hero hizashi-hyuga-core.
hizashi-hyuga,Reanimated,hizashi-hyuga-core,false,COSMETIC_SKIN_TO_PRIMARY,Reanimation is explicitly not treated as a normal Awakening.
ibiki-morino,Interrogation Chief,ibiki-morino-core,false,COLLECTIBLE_HERO_VERSION,Base form of proposed hero ibiki-morino-core.
ibiki-morino,War Arc,ibiki-morino-core,false,COSMETIC_SKIN_TO_PRIMARY,Era/rank/title difference alone does not justify another collectible hero.
idate-morino,Ninja Trainee,idate-morino-core,false,MERGED_OR_REMOVED_DUPLICATE_TO_PRIMARY,Secondary label does not currently clear the standalone-hero threshold and is merged into the character's primary kit/presentation.
idate-morino,Runner,idate-morino-core,false,COLLECTIBLE_HERO_VERSION,Base form of proposed hero idate-morino-core.
indra-otsutsuki,Base,indra-base,false,COLLECTIBLE_HERO_VERSION,Base form of proposed hero indra-base.
indra-otsutsuki,Susanoo,indra-base,true,AWAKENING_FORM,Reserved exclusively as Awakening of indra-base.
ino-yamanaka,Genin,ino-yamanaka-core,false,COLLECTIBLE_HERO_VERSION,Base form of proposed hero ino-yamanaka-core.
ino-yamanaka,Shippuden,ino-yamanaka-core,false,MERGED_OR_REMOVED_DUPLICATE_TO_PRIMARY,Secondary label does not currently clear the standalone-hero threshold and is merged into the character's primary kit/presentation.
ino-yamanaka,War Arc,ino-yamanaka-core,false,COSMETIC_SKIN_TO_PRIMARY,Era appearance.
inoichi-yamanaka,Allied Intelligence Chief,inoichi-yamanaka-core,false,COSMETIC_SKIN_TO_PRIMARY,Era/rank/title difference alone does not justify another collectible hero.
inoichi-yamanaka,Clan Head,inoichi-yamanaka-core,false,COLLECTIBLE_HERO_VERSION,Base form of proposed hero inoichi-yamanaka-core.
iruka-umino,Academy Instructor,iruka-umino-core,false,COLLECTIBLE_HERO_VERSION,Base form of proposed hero iruka-umino-core.
iruka-umino,Protective Sensei,iruka-umino-core,false,MERGED_OR_REMOVED_DUPLICATE_TO_PRIMARY,Secondary label does not currently clear the standalone-hero threshold and is merged into the character's primary kit/presentation.
ishikawa,First Tsuchikage,ishikawa-core,false,COLLECTIBLE_HERO_VERSION,Base form of proposed hero ishikawa-core.
ishikawa,Prime,ishikawa-core,false,COSMETIC_SKIN_TO_PRIMARY,Era/rank/title difference alone does not justify another collectible hero.
itachi-uchiha,ANBU,itachi-anbu,false,COLLECTIBLE_HERO_VERSION,Base form of proposed hero itachi-anbu.
itachi-uchiha,Akatsuki,itachi-akatsuki,false,COLLECTIBLE_HERO_VERSION,Base form of proposed hero itachi-akatsuki.
itachi-uchiha,Edo Tensei,itachi-anbu,false,COSMETIC_SKIN_TO_PRIMARY,Reanimation is not a normal Awakening and does not need a duplicate hero here.
itachi-uchiha,Mangekyo,itachi-anbu,true,AWAKENING_FORM,Reserved exclusively as Awakening of itachi-anbu.
itachi-uchiha,Susanoo,itachi-akatsuki,true,AWAKENING_FORM,Reserved exclusively as Awakening of itachi-akatsuki.
izumo-kamizuki,Gate Guard,izumo-kamizuki-core,false,COLLECTIBLE_HERO_VERSION,Base form of proposed hero izumo-kamizuki-core.
izumo-kamizuki,War Arc,izumo-kamizuki-core,false,COSMETIC_SKIN_TO_PRIMARY,Era/rank/title difference alone does not justify another collectible hero.
izuna-uchiha,Mangekyo Sharingan,izuna-uchiha-core,true,AWAKENING_FORM,Reserved exclusively as Awakening of izuna-uchiha-core.
izuna-uchiha,Warring States,izuna-uchiha-core,false,COLLECTIBLE_HERO_VERSION,Base form of proposed hero izuna-uchiha-core.
jinin-akebino,Kabutowari Wielder,jinin-akebino-core,false,COLLECTIBLE_HERO_VERSION,Base form of proposed hero jinin-akebino-core.
jinin-akebino,Reanimated,jinin-akebino-core,false,COSMETIC_SKIN_TO_PRIMARY,Reanimation is explicitly not treated as a normal Awakening.
jinpachi-munashi,Reanimated,jinpachi-munashi-core,false,COSMETIC_SKIN_TO_PRIMARY,Reanimation is explicitly not treated as a normal Awakening.
jinpachi-munashi,Shibuki Wielder,jinpachi-munashi-core,false,COLLECTIBLE_HERO_VERSION,Base form of proposed hero jinpachi-munashi-core.
jirobo,Curse Mark Level 2,jirobo-base,true,AWAKENING_FORM,Reserved exclusively as Awakening of jirobo-base.
jirobo,Sound Four,jirobo-base,false,COLLECTIBLE_HERO_VERSION,Base form of proposed hero jirobo-base.
jugo,Curse Mark Base,jugo-base,false,COLLECTIBLE_HERO_VERSION,Base form of proposed hero jugo-base.
jugo,Sage Transformation,jugo-base,true,AWAKENING_FORM,Reserved exclusively as Awakening of jugo-base.
kabuto-yakushi,Part I,kabuto-part1,false,COLLECTIBLE_HERO_VERSION,Base form of proposed hero kabuto-part1.
kabuto-yakushi,Shippuden,kabuto-shippuden,false,COLLECTIBLE_HERO_VERSION,Base form of proposed hero kabuto-shippuden.
kabuto-yakushi,Snake Sage,kabuto-shippuden,true,AWAKENING_FORM,Reserved exclusively as Awakening of kabuto-shippuden.
kabuto-yakushi,War Arc,kabuto-part1,false,COSMETIC_SKIN_TO_PRIMARY,Snake Sage is the actual transformation; War Arc is an era label.
kagami-uchiha,Sharingan Elite,kagami-uchiha-core,false,MERGED_OR_REMOVED_DUPLICATE_TO_PRIMARY,Secondary label does not currently clear the standalone-hero threshold and is merged into the character's primary kit/presentation.
kagami-uchiha,Tobirama Guard,kagami-uchiha-core,false,COLLECTIBLE_HERO_VERSION,Base form of proposed hero kagami-uchiha-core.
kagari,Mist Ambush,kagari-core,false,SKILL_OR_ULTIMATE_TO_PRIMARY,Label describes a technique/weapon action rather than a persistent hero form.
kagari,Rain Genin,kagari-core,false,COLLECTIBLE_HERO_VERSION,Base form of proposed hero kagari-core.
kaguya-otsutsuki,Base,kaguya-base,false,COLLECTIBLE_HERO_VERSION,Base form of proposed hero kaguya-base.
kaguya-otsutsuki,Rabbit Goddess,kaguya-base,true,AWAKENING_FORM,Reserved exclusively as Awakening of kaguya-base.
kakashi-hatake,ANBU,kakashi-anbu,false,COLLECTIBLE_HERO_VERSION,Base form of proposed hero kakashi-anbu.
kakashi-hatake,Double Mangekyo,kakashi-war,true,AWAKENING_FORM,Reserved exclusively as Awakening of kakashi-war.
kakashi-hatake,Mangekyo Sharingan,kakashi-war,false,COLLECTIBLE_HERO_VERSION,Base form of proposed hero kakashi-war.
kakashi-hatake,Sharingan,kakashi-young,true,AWAKENING_FORM,Reserved exclusively as Awakening of kakashi-young.
kakashi-hatake,Young,kakashi-young,false,COLLECTIBLE_HERO_VERSION,Base form of proposed hero kakashi-young.
kakko,Kannabi Bridge,kakko-core,false,MERGED_OR_REMOVED_DUPLICATE_TO_PRIMARY,Secondary label does not currently clear the standalone-hero threshold and is merged into the character's primary kit/presentation.
kakko,Stone Jonin,kakko-core,false,COLLECTIBLE_HERO_VERSION,Base form of proposed hero kakko-core.
kakuzu,Akatsuki,kakuzu-akatsuki,false,COLLECTIBLE_HERO_VERSION,Base form of proposed hero kakuzu-akatsuki.
kakuzu,Earth Grudge Fear,kakuzu-akatsuki,true,AWAKENING_FORM,Reserved exclusively as Awakening of kakuzu-akatsuki.
kankuro,Chunin Exams,kankuro-core,false,COLLECTIBLE_HERO_VERSION,Base form of proposed hero kankuro-core.
kankuro,Master Puppeteer,kankuro-core,false,COSMETIC_SKIN_TO_PRIMARY,Era/rank/title difference alone does not justify another collectible hero.
karin,Hebi Sensor,karin-core,false,COLLECTIBLE_HERO_VERSION,Base form of proposed hero karin-core.
karin,Taka Healer,karin-core,false,MERGED_OR_REMOVED_DUPLICATE_TO_PRIMARY,Secondary label does not currently clear the standalone-hero threshold and is merged into the character's primary kit/presentation.
karui,Cloud Kunoichi,karui-core,false,COLLECTIBLE_HERO_VERSION,Base form of proposed hero karui-core.
karui,War Arc,karui-core,false,COSMETIC_SKIN_TO_PRIMARY,Era/rank/title difference alone does not justify another collectible hero.
katsuyu,Hundred Healings Support,,false,SKILL_OR_ULTIMATE_NO_HERO_VERSION,Summon-specific action/state belongs to technique presentation rather than another summonable unit.
katsuyu,Slug Queen,,false,SPECIAL_INDEPENDENT_CHARACTER_NO_HERO_VERSION,"Summon creature is retained as special independent combat content, not a normal ninja hero version."
kiba-inuzuka,Chunin Exams,kiba-inuzuka-core,false,COLLECTIBLE_HERO_VERSION,Base form of proposed hero kiba-inuzuka-core.
kiba-inuzuka,Two-Headed Wolf,kiba-inuzuka-core,false,COOPERATION_FORM_OR_TECHNIQUE_TO_PRIMARY,"Fusion/cooperation technique with Akamaru, not a solo persistent hero form."
kidomaru,Curse Mark Level 2,kidomaru-base,true,AWAKENING_FORM,Reserved exclusively as Awakening of kidomaru-base.
kidomaru,Sound Four,kidomaru-base,false,COLLECTIBLE_HERO_VERSION,Base form of proposed hero kidomaru-base.
killer-b,Base,killer-b-base,false,COLLECTIBLE_HERO_VERSION,Base form of proposed hero killer-b-base.
killer-b,Eight-Tails Cloak,killer-b-base,true,AWAKENING_FORM,Reserved exclusively as Awakening of killer-b-base.
killer-b,Full Gyuki,killer-b-base,false,TEMPORARY_COMBAT_FORM_TO_PRIMARY,"Full tailed-beast manifestation is Ultimate-scale, not another persistent hero."
kimimaro,Base,kimimaro-base,false,COLLECTIBLE_HERO_VERSION,Base form of proposed hero kimimaro-base.
kimimaro,Curse Mark Level 2,kimimaro-base,true,AWAKENING_FORM,Reserved exclusively as Awakening of kimimaro-base.
kimimaro,Edo Tensei,kimimaro-base,false,COSMETIC_SKIN_TO_PRIMARY,Reanimation is explicitly not treated as a normal Awakening.
kin-tsuchi,Bell Genjutsu,kin-tsuchi-core,false,SKILL_OR_ULTIMATE_TO_PRIMARY,Label describes a technique/weapon action rather than a persistent hero form.
kin-tsuchi,Sound Genin,kin-tsuchi-core,false,COLLECTIBLE_HERO_VERSION,Base form of proposed hero kin-tsuchi-core.
kinkaku,Gold Brother,kinkaku-base,false,COLLECTIBLE_HERO_VERSION,Base form of proposed hero kinkaku-base.
kinkaku,Nine-Tails Cloak,kinkaku-base,true,AWAKENING_FORM,Reserved exclusively as Awakening of kinkaku-base.
kisame-hoshigaki,Akatsuki,kisame-akatsuki,false,COLLECTIBLE_HERO_VERSION,Base form of proposed hero kisame-akatsuki.
kisame-hoshigaki,Samehada Fusion,kisame-akatsuki,true,AWAKENING_FORM,Reserved exclusively as Awakening of kisame-akatsuki.
kitsuchi,Earth Commander,kitsuchi-core,false,COLLECTIBLE_HERO_VERSION,Base form of proposed hero kitsuchi-core.
kitsuchi,Mountain Jutsu,kitsuchi-core,false,SKILL_OR_ULTIMATE_TO_PRIMARY,Label describes a technique/weapon action rather than a persistent hero form.
konan,Akatsuki,konan-akatsuki,false,COLLECTIBLE_HERO_VERSION,Base form of proposed hero konan-akatsuki.
konan,Paper Angel,konan-akatsuki,true,AWAKENING_FORM,Reserved exclusively as Awakening of konan-akatsuki.
konohamaru-sarutobi,Academy Prodigy,konohamaru-sarutobi-core,false,COLLECTIBLE_HERO_VERSION,Base form of proposed hero konohamaru-sarutobi-core.
konohamaru-sarutobi,Rasengan Disciple,konohamaru-sarutobi-core,false,COSMETIC_SKIN_TO_PRIMARY,Era/rank/title difference alone does not justify another collectible hero.
kosuke-maruboshi,Eternal Genin,kosuke-maruboshi-core,false,COLLECTIBLE_HERO_VERSION,Base form of proposed hero kosuke-maruboshi-core.
kosuke-maruboshi,Water Style Veteran,kosuke-maruboshi-core,false,SKILL_OR_ULTIMATE_TO_PRIMARY,Label describes a technique/weapon action rather than a persistent hero form.
kotetsu-hagane,Gate Guard,kotetsu-hagane-core,false,COLLECTIBLE_HERO_VERSION,Base form of proposed hero kotetsu-hagane-core.
kotetsu-hagane,War Arc,kotetsu-hagane-core,false,COSMETIC_SKIN_TO_PRIMARY,Era/rank/title difference alone does not justify another collectible hero.
kurenai-yuhi,Genjutsu Jonin,kurenai-yuhi-core,false,COLLECTIBLE_HERO_VERSION,Base form of proposed hero kurenai-yuhi-core.
kurenai-yuhi,Team 8 Leader,kurenai-yuhi-core,false,COSMETIC_SKIN_TO_PRIMARY,Era/rank/title difference alone does not justify another collectible hero.
kurotsuchi,Lava Release,kurotsuchi-core,false,SKILL_OR_ULTIMATE_TO_PRIMARY,"Lava Release is a nature transformation used through Kurotsuchi's jutsu, not a separate form."
kurotsuchi,Tsuchikage Guard,kurotsuchi-core,false,COSMETIC_SKIN_TO_PRIMARY,Era/rank/title difference alone does not justify another collectible hero.
kushimaru-kuriarare,Nuibari Wielder,kushimaru-kuriarare-core,false,COLLECTIBLE_HERO_VERSION,Base form of proposed hero kushimaru-kuriarare-core.
kushimaru-kuriarare,Reanimated,kushimaru-kuriarare-core,false,COSMETIC_SKIN_TO_PRIMARY,Reanimation is explicitly not treated as a normal Awakening.
mabui,Heavenly Transfer,mabui-core,false,SKILL_OR_ULTIMATE_TO_PRIMARY,Label describes a technique/weapon action rather than a persistent hero form.
mabui,Raikage Secretary,mabui-core,false,COLLECTIBLE_HERO_VERSION,Base form of proposed hero mabui-core.
madara-uchiha,Edo Tensei,madara-ems,false,COSMETIC_SKIN_TO_PRIMARY,Edo is not an Awakening; Rinnegan combat identity is represented directly.
madara-uchiha,Eternal Mangekyo,madara-ems,false,COLLECTIBLE_HERO_VERSION,Base form of proposed hero madara-ems.
madara-uchiha,Rinnegan,madara-rinnegan,false,COLLECTIBLE_HERO_VERSION,Base form of proposed hero madara-rinnegan.
madara-uchiha,Six Paths,madara-ems,false,MERGED_OR_REMOVED_DUPLICATE_TO_PRIMARY,Ten-Tails jinchuriki row already represents the persistent Six Paths transformation.
madara-uchiha,Ten-Tails Jinchuriki,madara-rinnegan,true,AWAKENING_FORM,Reserved exclusively as Awakening of madara-rinnegan.
madara-uchiha,Warring States,madara-ems,false,COSMETIC_SKIN_TO_PRIMARY,Era appearance around the EMS identity.
mahiru,Shadow Clone,mahiru-core,false,SKILL_OR_ULTIMATE_TO_PRIMARY,Label describes a technique/weapon action rather than a persistent hero form.
mahiru,Stone Jonin,mahiru-core,false,COLLECTIBLE_HERO_VERSION,Base form of proposed hero mahiru-core.
maki,Sealing Corps,maki-core,false,COLLECTIBLE_HERO_VERSION,Base form of proposed hero maki-core.
maki,War Arc,maki-core,false,COSMETIC_SKIN_TO_PRIMARY,Era/rank/title difference alone does not justify another collectible hero.
manda,Great Snake,,false,SPECIAL_INDEPENDENT_CHARACTER_NO_HERO_VERSION,"Summon creature is retained as special independent combat content, not a normal ninja hero version."
manda,Orochimaru Summon,,false,SKILL_OR_ULTIMATE_NO_HERO_VERSION,Summon-specific action/state belongs to technique presentation rather than another summonable unit.
mangetsu-hozuki,Reanimated,mangetsu-hozuki-core,false,COSMETIC_SKIN_TO_PRIMARY,Reanimation is explicitly not treated as a normal Awakening.
mangetsu-hozuki,Seven Swordsman,mangetsu-hozuki-core,false,COLLECTIBLE_HERO_VERSION,Base form of proposed hero mangetsu-hozuki-core.
matsuri,Gaara Disciple,matsuri-core,false,COLLECTIBLE_HERO_VERSION,Base form of proposed hero matsuri-core.
matsuri,Sand Chunin,matsuri-core,false,COSMETIC_SKIN_TO_PRIMARY,Era/rank/title difference alone does not justify another collectible hero.
meizu,Chain Gauntlet,meizu-core,false,SKILL_OR_ULTIMATE_TO_PRIMARY,Label describes a technique/weapon action rather than a persistent hero form.
meizu,Demon Brothers,meizu-core,false,COLLECTIBLE_HERO_VERSION,Base form of proposed hero meizu-core.
menma-uzumaki,Masked Menma,menma-base,false,COLLECTIBLE_HERO_VERSION,Base form of proposed hero menma-base.
menma-uzumaki,Nine-Tails Menma,menma-base,true,AWAKENING_FORM,Reserved exclusively as Awakening of menma-base.
midare,Rain Genin,midare-core,false,COLLECTIBLE_HERO_VERSION,Base form of proposed hero midare-core.
midare,Umbrella Barrage,midare-core,false,SKILL_OR_ULTIMATE_TO_PRIMARY,Label describes a technique/weapon action rather than a persistent hero form.
mifune,Iaido Master,mifune-core,false,MERGED_OR_REMOVED_DUPLICATE_TO_PRIMARY,Secondary label does not currently clear the standalone-hero threshold and is merged into the character's primary kit/presentation.
mifune,Samurai General,mifune-core,false,COLLECTIBLE_HERO_VERSION,Base form of proposed hero mifune-core.
might-duy,Eight Gates,might-duy-base,true,AWAKENING_FORM,Reserved exclusively as Awakening of might-duy-base.
might-duy,Eternal Genin,might-duy-base,false,COLLECTIBLE_HERO_VERSION,Base form of proposed hero might-duy-base.
might-guy,Base,might-guy-base,false,COLLECTIBLE_HERO_VERSION,Base form of proposed hero might-guy-base.
might-guy,Eighth Gate,might-guy-base,true,AWAKENING_FORM,Reserved exclusively as Awakening of might-guy-base.
might-guy,Seventh Gate,might-guy-base,false,TEMPORARY_COMBAT_FORM_TO_PRIMARY,Lower Gate reserved for skill/passive state.
might-guy,Sixth Gate,might-guy-base,false,TEMPORARY_COMBAT_FORM_TO_PRIMARY,Lower Gate reserved for skill/passive state.
minato-namikaze,Edo Tensei,minato-edo,false,COLLECTIBLE_HERO_VERSION,Base form of proposed hero minato-edo.
minato-namikaze,Fourth Hokage,minato-jonin,false,COSMETIC_SKIN_TO_PRIMARY,Rank/title does not by itself create a new combat form.
minato-namikaze,Jonin,minato-jonin,false,COLLECTIBLE_HERO_VERSION,Base form of proposed hero minato-jonin.
minato-namikaze,KCM,minato-edo,true,AWAKENING_FORM,Reserved exclusively as Awakening of minato-edo.
misumi-tsurugi,Kabuto Squad,misumi-tsurugi-core,false,COSMETIC_SKIN_TO_PRIMARY,Era/rank/title difference alone does not justify another collectible hero.
misumi-tsurugi,Soft Physique,misumi-tsurugi-core,false,SKILL_OR_ULTIMATE_TO_PRIMARY,"Soft Physique Modification is Misumi's combat technique/body ability, not an Awakening or collectible form."
mito-uzumaki,First Jinchuriki,mito-uzumaki-core,false,COLLECTIBLE_HERO_VERSION,Base form of proposed hero mito-uzumaki-core.
mito-uzumaki,Uzumaki Seal Master,mito-uzumaki-core,false,MERGED_OR_REMOVED_DUPLICATE_TO_PRIMARY,Secondary label does not currently clear the standalone-hero threshold and is merged into the character's primary kit/presentation.
mizuki,Academy Instructor,mizuki-core,false,COLLECTIBLE_HERO_VERSION,Base form of proposed hero mizuki-core.
mizuki,Cursed Power,mizuki-core,true,AWAKENING_FORM,Reserved exclusively as Awakening of mizuki-core.
moegi-kazamatsuri,Academy Squad,moegi-kazamatsuri-core,false,COLLECTIBLE_HERO_VERSION,Base form of proposed hero moegi-kazamatsuri-core.
moegi-kazamatsuri,Chunin Leader,moegi-kazamatsuri-core,false,COSMETIC_SKIN_TO_PRIMARY,Era/rank/title difference alone does not justify another collectible hero.
motoi,Cloud Jonin,motoi-core,false,COLLECTIBLE_HERO_VERSION,Base form of proposed hero motoi-core.
motoi,Jinchuriki Handler,motoi-core,false,MERGED_OR_REMOVED_DUPLICATE_TO_PRIMARY,Secondary label does not currently clear the standalone-hero threshold and is merged into the character's primary kit/presentation.
mu,Edo Tensei,mu-core,false,COSMETIC_SKIN_TO_PRIMARY,Reanimation is explicitly not treated as a normal Awakening.
mu,Second Tsuchikage,mu-core,false,COLLECTIBLE_HERO_VERSION,Base form of proposed hero mu-core.
mubi,Earth Ambush,mubi-core,false,SKILL_OR_ULTIMATE_TO_PRIMARY,Label describes a technique/weapon action rather than a persistent hero form.
mubi,Rain Genin,mubi-core,false,COLLECTIBLE_HERO_VERSION,Base form of proposed hero mubi-core.
mukade,Ryumyaku Empowered,mukade-base,true,AWAKENING_FORM,Reserved exclusively as Awakening of mukade-base.
mukade,Suna Missing Nin,mukade-base,false,COLLECTIBLE_HERO_VERSION,Base form of proposed hero mukade-base.
nagato,Edo Tensei,nagato-core,false,COSMETIC_SKIN_TO_PRIMARY,Reanimation is not a normal Awakening.
nagato,Pain Controller,nagato-core,false,MERGED_OR_REMOVED_DUPLICATE_TO_PRIMARY,Secondary label does not currently clear the standalone-hero threshold and is merged into the character's primary kit/presentation.
nagato,Young,nagato-core,false,COLLECTIBLE_HERO_VERSION,Base form of proposed hero nagato-core.
naruto-uzumaki,Academy,naruto-genin,false,COSMETIC_SKIN_TO_PRIMARY,Early appearance; insufficient standalone combat identity.
naruto-uzumaki,Bijuu Mode,naruto-genin,false,TEMPORARY_COMBAT_FORM_TO_PRIMARY,Large avatar manifestation is better used by Ultimate/Awakening skill presentation.
naruto-uzumaki,Four-Tails Cloak,naruto-genin,false,TEMPORARY_COMBAT_FORM_TO_PRIMARY,Berserk temporary state; not a second persistent Awakening.
naruto-uzumaki,Genin,naruto-genin,false,COLLECTIBLE_HERO_VERSION,Base form of proposed hero naruto-genin.
naruto-uzumaki,Hokage,naruto-hokage,false,COLLECTIBLE_HERO_VERSION,Base form of proposed hero naruto-hokage.
naruto-uzumaki,KCM1,naruto-genin,false,TEMPORARY_COMBAT_FORM_TO_PRIMARY,Intermediate Kurama state reserved inside Sage-era progression/skill visuals.
naruto-uzumaki,KCM2,naruto-sage,true,AWAKENING_FORM,Reserved exclusively as Awakening of naruto-sage.
naruto-uzumaki,One-Tail Cloak,naruto-genin,true,AWAKENING_FORM,Reserved exclusively as Awakening of naruto-genin.
naruto-uzumaki,Sage Mode,naruto-sage,false,COLLECTIBLE_HERO_VERSION,Base form of proposed hero naruto-sage.
naruto-uzumaki,Six Paths Sage Mode,naruto-six-paths,false,COLLECTIBLE_HERO_VERSION,Base form of proposed hero naruto-six-paths.
neji-hyuga,Genin,neji-hyuga-core,false,COLLECTIBLE_HERO_VERSION,Base form of proposed hero neji-hyuga-core.
neji-hyuga,Shippuden,neji-hyuga-core,false,MERGED_OR_REMOVED_DUPLICATE_TO_PRIMARY,Secondary label does not currently clear the standalone-hero threshold and is merged into the character's primary kit/presentation.
nono-yakushi,Orphanage Director,nono-yakushi-core,false,COLLECTIBLE_HERO_VERSION,Base form of proposed hero nono-yakushi-core.
nono-yakushi,Root Spy,nono-yakushi-core,false,COSMETIC_SKIN_TO_PRIMARY,Era/rank/title difference alone does not justify another collectible hero.
obito-uchiha,Mangekyo,obito-young,true,AWAKENING_FORM,Reserved exclusively as Awakening of obito-young.
obito-uchiha,Masked Man,obito-masked,false,COLLECTIBLE_HERO_VERSION,Base form of proposed hero obito-masked.
obito-uchiha,Ten-Tails Jinchuriki,obito-white-mask,true,AWAKENING_FORM,Reserved exclusively as Awakening of obito-white-mask.
obito-uchiha,Tobi,obito-young,false,COSMETIC_SKIN_TO_PRIMARY,"Alias/costume presentation of the masked identity, not a separate kit."
obito-uchiha,White Mask,obito-white-mask,false,COLLECTIBLE_HERO_VERSION,Base form of proposed hero obito-white-mask.
obito-uchiha,Young,obito-young,false,COLLECTIBLE_HERO_VERSION,Base form of proposed hero obito-young.
oboro,Clone Ambush,oboro-core,false,SKILL_OR_ULTIMATE_TO_PRIMARY,Label describes a technique/weapon action rather than a persistent hero form.
oboro,Rain Genin,oboro-core,false,COLLECTIBLE_HERO_VERSION,Base form of proposed hero oboro-core.
okisuke,Samurai Captain,okisuke-core,false,COLLECTIBLE_HERO_VERSION,Base form of proposed hero okisuke-core.
okisuke,War Arc,okisuke-core,false,COSMETIC_SKIN_TO_PRIMARY,Era/rank/title difference alone does not justify another collectible hero.
omoi,Cloud Swordsman,omoi-core,false,COLLECTIBLE_HERO_VERSION,Base form of proposed hero omoi-core.
omoi,War Arc,omoi-core,false,COSMETIC_SKIN_TO_PRIMARY,Era/rank/title difference alone does not justify another collectible hero.
onoki,Particle Style,onoki-core,false,SKILL_OR_ULTIMATE_TO_PRIMARY,Label describes a technique/weapon action rather than a persistent hero form.
onoki,Tsuchikage,onoki-core,false,COLLECTIBLE_HERO_VERSION,Base form of proposed hero onoki-core.
orochimaru,Akatsuki Era,orochimaru-sannin,false,COSMETIC_SKIN_TO_PRIMARY,Era/costume variation.
orochimaru,Sannin,orochimaru-sannin,false,COLLECTIBLE_HERO_VERSION,Base form of proposed hero orochimaru-sannin.
orochimaru,Shippuden,orochimaru-sannin,false,COSMETIC_SKIN_TO_PRIMARY,Era label of Sannin identity.
orochimaru,White Snake,orochimaru-sannin,true,AWAKENING_FORM,Reserved exclusively as Awakening of orochimaru-sannin.
pakura,Reanimated,pakura-core,false,COSMETIC_SKIN_TO_PRIMARY,Reanimation is explicitly not treated as a normal Awakening.
pakura,Scorch Release,pakura-core,false,SKILL_OR_ULTIMATE_TO_PRIMARY,Scorch Release is Pakura's kekkei genkai/nature transformation and should define her kit rather than become her body/form identity.
raido-namiashi,Fourth Hokage Guard,raido-namiashi-core,false,COSMETIC_SKIN_TO_PRIMARY,Era/rank/title difference alone does not justify another collectible hero.
raido-namiashi,Special Jonin,raido-namiashi-core,false,COLLECTIBLE_HERO_VERSION,Base form of proposed hero raido-namiashi-core.
raiga-kurosuki,Kiba Wielder,raiga-kurosuki-core,false,COLLECTIBLE_HERO_VERSION,Base form of proposed hero raiga-kurosuki-core.
raiga-kurosuki,Lightning Burial,raiga-kurosuki-core,false,SKILL_OR_ULTIMATE_TO_PRIMARY,Label describes a technique/weapon action rather than a persistent hero form.
rasa,Edo Tensei,rasa-core,false,COSMETIC_SKIN_TO_PRIMARY,Reanimation is explicitly not treated as a normal Awakening.
rasa,Fourth Kazekage,rasa-core,false,COLLECTIBLE_HERO_VERSION,Base form of proposed hero rasa-core.
rin-nohara,Team Minato,rin-nohara-core,false,COLLECTIBLE_HERO_VERSION,Base form of proposed hero rin-nohara-core.
rin-nohara,Three-Tails Vessel,rin-nohara-core,false,TEMPORARY_COMBAT_FORM_TO_PRIMARY,Rin was a vessel; no controlled persistent combat transformation is fabricated.
rock-lee,Fifth Gate,rock-lee-genin,true,AWAKENING_FORM,Reserved exclusively as Awakening of rock-lee-genin.
rock-lee,Genin,rock-lee-genin,false,COLLECTIBLE_HERO_VERSION,Base form of proposed hero rock-lee-genin.
rock-lee,Shippuden,rock-lee-shippuden,false,COLLECTIBLE_HERO_VERSION,Base form of proposed hero rock-lee-shippuden.
rock-lee,Sixth Gate,rock-lee-shippuden,true,AWAKENING_FORM,Reserved exclusively as Awakening of rock-lee-shippuden.
roshi,Base,roshi-base,false,COLLECTIBLE_HERO_VERSION,Base form of proposed hero roshi-base.
roshi,Four-Tails Cloak,roshi-base,true,AWAKENING_FORM,Reserved exclusively as Awakening of roshi-base.
sai,Root Operative,sai-core,false,COLLECTIBLE_HERO_VERSION,Base form of proposed hero sai-core.
sai,Team 7,sai-core,false,COSMETIC_SKIN_TO_PRIMARY,Era/rank/title difference alone does not justify another collectible hero.
sakon,Curse Mark Level 2,sakon-base,true,AWAKENING_FORM,Reserved exclusively as Awakening of sakon-base.
sakon,Sound Four,sakon-base,false,COLLECTIBLE_HERO_VERSION,Base form of proposed hero sakon-base.
sakumo-hatake,Prime,sakumo-hatake-core,false,COSMETIC_SKIN_TO_PRIMARY,Era/rank/title difference alone does not justify another collectible hero.
sakumo-hatake,White Fang,sakumo-hatake-core,false,COLLECTIBLE_HERO_VERSION,Base form of proposed hero sakumo-hatake-core.
sakura-haruno,Byakugo,sakura-shippuden,true,AWAKENING_FORM,Reserved exclusively as Awakening of sakura-shippuden.
sakura-haruno,Genin,sakura-genin,false,COLLECTIBLE_HERO_VERSION,Base form of proposed hero sakura-genin.
sakura-haruno,Shippuden,sakura-shippuden,false,COLLECTIBLE_HERO_VERSION,Base form of proposed hero sakura-shippuden.
samui,Cloud Jonin,samui-core,false,COLLECTIBLE_HERO_VERSION,Base form of proposed hero samui-core.
samui,War Arc,samui-core,false,COSMETIC_SKIN_TO_PRIMARY,Era/rank/title difference alone does not justify another collectible hero.
sari,Kazekage Guard,sari-core,false,COSMETIC_SKIN_TO_PRIMARY,Era/rank/title difference alone does not justify another collectible hero.
sari,Sand Kunoichi,sari-core,false,COLLECTIBLE_HERO_VERSION,Base form of proposed hero sari-core.
sasori,Edo Tensei,sasori-hiruko,false,COSMETIC_SKIN_TO_PRIMARY,Reanimation skin/state.
sasori,Hiruko Puppet,sasori-hiruko,false,COLLECTIBLE_HERO_VERSION,Base form of proposed hero sasori-hiruko.
sasori,Hundred Puppets,sasori-hiruko,false,SKILL_OR_ULTIMATE_TO_PRIMARY,Technique/army manifestation rather than persistent form.
sasori,True Body,sasori-hiruko,true,AWAKENING_FORM,Reserved exclusively as Awakening of sasori-hiruko.
sasuke-uchiha,Adult,sasuke-adult,false,COLLECTIBLE_HERO_VERSION,Base form of proposed hero sasuke-adult.
sasuke-uchiha,Curse Mark Level 2,sasuke-genin,true,AWAKENING_FORM,Reserved exclusively as Awakening of sasuke-genin.
sasuke-uchiha,Eternal Mangekyo Sharingan,sasuke-ems,false,COLLECTIBLE_HERO_VERSION,Base form of proposed hero sasuke-ems.
sasuke-uchiha,Genin,sasuke-genin,false,COLLECTIBLE_HERO_VERSION,Base form of proposed hero sasuke-genin.
sasuke-uchiha,Hebi,sasuke-hebi,false,COLLECTIBLE_HERO_VERSION,Base form of proposed hero sasuke-hebi.
sasuke-uchiha,Mangekyo Sharingan,sasuke-hebi,true,AWAKENING_FORM,Reserved exclusively as Awakening of sasuke-hebi.
sasuke-uchiha,Rinnegan,sasuke-ems,true,AWAKENING_FORM,Reserved exclusively as Awakening of sasuke-ems.
sasuke-uchiha,Six Paths,sasuke-genin,false,MERGED_OR_REMOVED_DUPLICATE_TO_PRIMARY,"Six Paths power is represented by the Rinnegan hero/Awakening identity, not a duplicate summonable form."
second-raikage,Prime,second-raikage-core,false,COSMETIC_SKIN_TO_PRIMARY,Era/rank/title difference alone does not justify another collectible hero.
second-raikage,Second Raikage,second-raikage-core,false,COLLECTIBLE_HERO_VERSION,Base form of proposed hero second-raikage-core.
shigure,Rain Genin,shigure-core,false,COLLECTIBLE_HERO_VERSION,Base form of proposed hero shigure-core.
shigure,Umbrella Needles,shigure-core,false,SKILL_OR_ULTIMATE_TO_PRIMARY,Label describes a technique/weapon action rather than a persistent hero form.
shikaku-nara,Allied Strategy Chief,shikaku-nara-core,false,COSMETIC_SKIN_TO_PRIMARY,Era/rank/title difference alone does not justify another collectible hero.
shikaku-nara,Clan Head,shikaku-nara-core,false,COLLECTIBLE_HERO_VERSION,Base form of proposed hero shikaku-nara-core.
shikamaru-nara,Chunin,shikamaru-nara-core,false,COSMETIC_SKIN_TO_PRIMARY,Rank change alone is not a transformation.
shikamaru-nara,Genin,shikamaru-nara-core,false,COLLECTIBLE_HERO_VERSION,Base form of proposed hero shikamaru-nara-core.
shikamaru-nara,Shippuden,shikamaru-nara-core,false,MERGED_OR_REMOVED_DUPLICATE_TO_PRIMARY,Secondary label does not currently clear the standalone-hero threshold and is merged into the character's primary kit/presentation.
shikamaru-nara,War Arc,shikamaru-nara-core,false,COSMETIC_SKIN_TO_PRIMARY,Era appearance; Shippuden hero retains the kit.
shima,Genjutsu Chorus,,false,COOPERATION_FORM_OR_TECHNIQUE_NO_HERO_VERSION,Cooperation technique with Fukasaku.
shima,Toad Sage,,false,SPECIAL_INDEPENDENT_CHARACTER_NO_HERO_VERSION,"Summon creature is retained as special independent combat content, not a normal ninja hero version."
shinno,Doctor,shinno-base,false,COLLECTIBLE_HERO_VERSION,Base form of proposed hero shinno-base.
shinno,Eight Gates Body,shinno-base,true,AWAKENING_FORM,Reserved exclusively as Awakening of shinno-base.
shino-aburame,Chunin Exams,shino-aburame-core,false,COLLECTIBLE_HERO_VERSION,Base form of proposed hero shino-aburame-core.
shino-aburame,Insect Master,shino-aburame-core,false,MERGED_OR_REMOVED_DUPLICATE_TO_PRIMARY,Secondary label does not currently clear the standalone-hero threshold and is merged into the character's primary kit/presentation.
shisui-uchiha,ANBU,shisui-anbu,false,COLLECTIBLE_HERO_VERSION,Base form of proposed hero shisui-anbu.
shisui-uchiha,Mangekyo Sharingan,shisui-anbu,true,AWAKENING_FORM,Reserved exclusively as Awakening of shisui-anbu.
shizune,Medical Corps,shizune-core,false,COSMETIC_SKIN_TO_PRIMARY,Era/rank/title difference alone does not justify another collectible hero.
shizune,Sannin Attendant,shizune-core,false,COLLECTIBLE_HERO_VERSION,Base form of proposed hero shizune-core.
sora,Pseudo Jinchuriki,sora-base,true,AWAKENING_FORM,Reserved exclusively as Awakening of sora-base.
sora,Temple Monk,sora-base,false,COLLECTIBLE_HERO_VERSION,Base form of proposed hero sora-base.
suigetsu-hozuki,Hebi,suigetsu-hozuki-core,false,COLLECTIBLE_HERO_VERSION,Base form of proposed hero suigetsu-hozuki-core.
suigetsu-hozuki,Taka,suigetsu-hozuki-core,false,MERGED_OR_REMOVED_DUPLICATE_TO_PRIMARY,Secondary label does not currently clear the standalone-hero threshold and is merged into the character's primary kit/presentation.
taiseki,Camouflage,taiseki-core,false,SKILL_OR_ULTIMATE_TO_PRIMARY,Label describes a technique/weapon action rather than a persistent hero form.
taiseki,Stone Jonin,taiseki-core,false,COLLECTIBLE_HERO_VERSION,Base form of proposed hero taiseki-core.
tayuya,Curse Mark Level 2,tayuya-base,true,AWAKENING_FORM,Reserved exclusively as Awakening of tayuya-base.
tayuya,Sound Four,tayuya-base,false,COLLECTIBLE_HERO_VERSION,Base form of proposed hero tayuya-base.
temari,Chunin Exams,temari-core,false,COLLECTIBLE_HERO_VERSION,Base form of proposed hero temari-core.
temari,War Fan Master,temari-core,false,COSMETIC_SKIN_TO_PRIMARY,Era/rank/title difference alone does not justify another collectible hero.
tenten,Bashosen Wielder,tenten-core,false,MERGED_OR_REMOVED_DUPLICATE_TO_PRIMARY,Secondary label does not currently clear the standalone-hero threshold and is merged into the character's primary kit/presentation.
tenten,Chunin Exams,tenten-core,false,COLLECTIBLE_HERO_VERSION,Base form of proposed hero tenten-core.
third-raikage,Edo Tensei,third-raikage-core,false,COSMETIC_SKIN_TO_PRIMARY,Reanimation is explicitly not treated as a normal Awakening.
third-raikage,Third Raikage,third-raikage-core,false,COLLECTIBLE_HERO_VERSION,Base form of proposed hero third-raikage-core.
tobirama-senju,Edo Tensei,tobirama-hokage,false,COSMETIC_SKIN_TO_PRIMARY,Reanimation skin/state.
tobirama-senju,Second Hokage,tobirama-hokage,false,COLLECTIBLE_HERO_VERSION,Base form of proposed hero tobirama-hokage.
toneri-otsutsuki,Base,toneri-base,false,COLLECTIBLE_HERO_VERSION,Base form of proposed hero toneri-base.
toneri-otsutsuki,Tenseigan Chakra Mode,toneri-base,true,AWAKENING_FORM,Reserved exclusively as Awakening of toneri-base.
torifu-akimichi,Akimichi Veteran,torifu-akimichi-core,false,MERGED_OR_REMOVED_DUPLICATE_TO_PRIMARY,Secondary label does not currently clear the standalone-hero threshold and is merged into the character's primary kit/presentation.
torifu-akimichi,Tobirama Guard,torifu-akimichi-core,false,COLLECTIBLE_HERO_VERSION,Base form of proposed hero torifu-akimichi-core.
toroi,Magnet Release,toroi-core,false,SKILL_OR_ULTIMATE_TO_PRIMARY,"Magnet Release is Toroi's kekkei genkai applied to weapons, not a persistent form."
toroi,Reanimated,toroi-core,false,COSMETIC_SKIN_TO_PRIMARY,Reanimation is explicitly not treated as a normal Awakening.
torune-aburame,Nano Insects,torune-aburame-core,false,SKILL_OR_ULTIMATE_TO_PRIMARY,Label describes a technique/weapon action rather than a persistent hero form.
torune-aburame,Root Operative,torune-aburame-core,false,COLLECTIBLE_HERO_VERSION,Base form of proposed hero torune-aburame-core.
udon-ise,Academy Squad,udon-ise-core,false,COLLECTIBLE_HERO_VERSION,Base form of proposed hero udon-ise-core.
udon-ise,Tactical Chunin,udon-ise-core,false,COSMETIC_SKIN_TO_PRIMARY,Era/rank/title difference alone does not justify another collectible hero.
ukon,Curse Mark Level 2,ukon-base,true,AWAKENING_FORM,Reserved exclusively as Awakening of ukon-base.
ukon,Sound Four,ukon-base,false,COLLECTIBLE_HERO_VERSION,Base form of proposed hero ukon-base.
utakata,Base,utakata-base,false,COLLECTIBLE_HERO_VERSION,Base form of proposed hero utakata-base.
utakata,Six-Tails Cloak,utakata-base,true,AWAKENING_FORM,Reserved exclusively as Awakening of utakata-base.
white-zetsu,Akatsuki Scout,white-zetsu-core,false,COLLECTIBLE_HERO_VERSION,Base form of proposed hero white-zetsu-core.
white-zetsu,Spore Clone,white-zetsu-core,false,SKILL_OR_ULTIMATE_TO_PRIMARY,Label describes a technique/weapon action rather than a persistent hero form.
yagura-karatachi,Mizukage,yagura-base,false,COLLECTIBLE_HERO_VERSION,Base form of proposed hero yagura-base.
yagura-karatachi,Three-Tails Cloak,yagura-base,true,AWAKENING_FORM,Reserved exclusively as Awakening of yagura-base.
yahiko,Akatsuki Founder,yahiko-core,false,COLLECTIBLE_HERO_VERSION,Base form of proposed hero yahiko-core.
yahiko,Amegakure Leader,yahiko-core,false,COSMETIC_SKIN_TO_PRIMARY,Era/rank/title difference alone does not justify another collectible hero.
yamato,ANBU Wood Style,yamato-core,false,COLLECTIBLE_HERO_VERSION,Base form of proposed hero yamato-core.
yamato,Team Captain,yamato-core,false,COSMETIC_SKIN_TO_PRIMARY,Era/rank/title difference alone does not justify another collectible hero.
yashamaru,Assassin,yashamaru-core,false,MERGED_OR_REMOVED_DUPLICATE_TO_PRIMARY,Secondary label does not currently clear the standalone-hero threshold and is merged into the character's primary kit/presentation.
yashamaru,Sand Medic,yashamaru-core,false,COLLECTIBLE_HERO_VERSION,Base form of proposed hero yashamaru-core.
yoroi-akado,Chakra Absorption,yoroi-akado-core,false,SKILL_OR_ULTIMATE_TO_PRIMARY,"Chakra absorption is Yoroi's combat ability, not a persistent transformation."
yoroi-akado,Kabuto Squad,yoroi-akado-core,false,COSMETIC_SKIN_TO_PRIMARY,Era/rank/title difference alone does not justify another collectible hero.
yugao-uzuki,ANBU,yugao-uzuki-core,false,COLLECTIBLE_HERO_VERSION,Base form of proposed hero yugao-uzuki-core.
yugao-uzuki,Crescent Moon Blade,yugao-uzuki-core,false,SKILL_OR_ULTIMATE_TO_PRIMARY,Label describes a technique/weapon action rather than a persistent hero form.
yugito-nii,Base,yugito-base,false,COLLECTIBLE_HERO_VERSION,Base form of proposed hero yugito-base.
yugito-nii,Two-Tails Cloak,yugito-base,true,AWAKENING_FORM,Reserved exclusively as Awakening of yugito-base.
zabuza-momochi,Base,zabuza-momochi-core,false,COLLECTIBLE_HERO_VERSION,Base form of proposed hero zabuza-momochi-core.
zabuza-momochi,Edo Tensei,zabuza-momochi-core,false,COSMETIC_SKIN_TO_PRIMARY,Reanimation is explicitly not treated as a normal Awakening.
zaku-abumi,Air Pressure Arms,zaku-abumi-core,false,SKILL_OR_ULTIMATE_TO_PRIMARY,Label describes a technique/weapon action rather than a persistent hero form.
zaku-abumi,Sound Genin,zaku-abumi-core,false,COLLECTIBLE_HERO_VERSION,Base form of proposed hero zaku-abumi-core.
