character_id,form_id,form_name,era,power_level,visual_difference,combat_difference,is_persistent_form,is_temporary_form,is_technique,is_coop,standalone_hero_score,awakening_score,canon_type,canon_source,notes
a-fourth-raikage,form-a-fourth-raikage-lightning-armor,Lightning Armor,FIVE_KAGE_SUMMIT,10,10,10,true,false,false,false,0,92,MANGA_CANON,https://naruto.fandom.com/wiki/Lightning_Release_Chakra_Mode,Reserved exclusively as Awakening of fourth-raikage-base.
a-fourth-raikage,form-a-fourth-raikage-raikage,Raikage,FIVE_KAGE_SUMMIT,5,6,6,true,false,false,false,91,0,MANGA_CANON,https://naruto.fandom.com/wiki/Lightning_Release_Chakra_Mode,Base form of proposed hero fourth-raikage-base.
ajisai,form-ajisai-animal-path-vessel,Animal Path Vessel,SOURCE_ERA,0,3,3,false,false,false,false,0,0,SOURCE_RESEARCH_REQUIRED,current variant census; character-specific canon source required before production READY,"Corpse/vessel identity for Pain content, not Ajisai's normal Awakening."
ajisai,form-ajisai-rain-kunoichi,Rain Kunoichi,SOURCE_ERA,5,6,6,true,false,false,false,68,0,DESIGN_INTERPRETATION,current variant census; current kit seed=water,Base form of proposed hero ajisai-core.
akatsuchi,form-akatsuchi-base,Base,SHIPPUDEN,5,6,6,true,false,false,false,68,0,MANGA_CANON,https://naruto.fandom.com/wiki/Akatsuchi;https://naruto.fandom.com/wiki/Earth_Release%3A_Golem_Technique,Synthetic neutral form-pool entry representing the character themselves; not an additional legacy variant.
akatsuchi,form-akatsuchi-stone-golem,Stone Golem,SOURCE_ERA,5,6,6,false,false,true,false,0,0,MANGA_CANON,current variant census; current kit seed=earth,"Earth Release: Golem Technique is a jutsu used by Akatsuchi, not a persistent body/form transformation."
akatsuchi,form-akatsuchi-tsuchikage-guard,Tsuchikage Guard,SOURCE_ERA,0,3,3,false,false,false,false,0,0,DESIGN_INTERPRETATION,current variant census; character-specific canon source required before production READY,Era/rank/title difference alone does not justify another collectible hero.
ameyuri-ringo,form-ameyuri-ringo-kiba-wielder,Kiba Wielder,SOURCE_ERA,5,6,6,true,false,false,false,68,0,DESIGN_INTERPRETATION,current variant census; current kit seed=storm,Base form of proposed hero ameyuri-ringo-core.
ameyuri-ringo,form-ameyuri-ringo-reanimated,Reanimated,SOURCE_ERA,0,3,3,false,false,false,false,0,0,DESIGN_INTERPRETATION,current variant census; character-specific canon source required before production READY,Reanimation is explicitly not treated as a normal Awakening.
anko-mitarashi,form-anko-mitarashi-chunin-exams-proctor,Chunin Exams Proctor,SOURCE_ERA,5,6,6,true,false,false,false,68,0,DESIGN_INTERPRETATION,current variant census; current kit seed=orochimaru,Base form of proposed hero anko-mitarashi-core.
anko-mitarashi,form-anko-mitarashi-cursed-seal-survivor,Cursed Seal Survivor,SOURCE_ERA,0,3,3,false,false,false,false,0,0,DESIGN_INTERPRETATION,current variant census; character-specific canon source required before production READY,Secondary label does not currently clear the standalone-hero threshold and is merged into the character's primary kit/presentation.
ao,form-ao-byakugan-hunter,Byakugan Hunter,SOURCE_ERA,5,6,6,true,false,false,false,68,0,DESIGN_INTERPRETATION,current variant census; current kit seed=water,Base form of proposed hero ao-core.
ao,form-ao-sensor-captain,Sensor Captain,SOURCE_ERA,0,3,3,false,false,false,false,0,0,DESIGN_INTERPRETATION,current variant census; character-specific canon source required before production READY,Era/rank/title difference alone does not justify another collectible hero.
aoba-yamashiro,form-aoba-yamashiro-intelligence-corps,Intelligence Corps,SOURCE_ERA,0,3,3,false,false,false,false,0,0,DESIGN_INTERPRETATION,current variant census; character-specific canon source required before production READY,Era/rank/title difference alone does not justify another collectible hero.
aoba-yamashiro,form-aoba-yamashiro-jonin,Jonin,SOURCE_ERA,5,6,6,true,false,false,false,68,0,DESIGN_INTERPRETATION,current variant census; current kit seed=genjutsu,Base form of proposed hero aoba-yamashiro-core.
aoda,form-aoda-great-snake,Great Snake,SOURCE_ERA,0,3,3,false,false,false,false,0,0,SOURCE_RESEARCH_REQUIRED,current variant census; character-specific canon source required before production READY,"Summon creature is retained as special independent combat content, not a normal ninja hero version."
aoda,form-aoda-sasuke-summon,Sasuke Summon,SOURCE_ERA,0,3,3,false,false,true,false,0,0,SOURCE_RESEARCH_REQUIRED,current variant census; character-specific canon source required before production READY,Summon-specific action/state belongs to technique presentation rather than another summonable unit.
asuma-sarutobi,form-asuma-sarutobi-edo-tensei,Edo Tensei,SOURCE_ERA,0,3,3,false,false,false,false,0,0,DESIGN_INTERPRETATION,current variant census; character-specific canon source required before production READY,Reanimation is explicitly not treated as a normal Awakening.
asuma-sarutobi,form-asuma-sarutobi-jonin,Jonin,SOURCE_ERA,5,6,6,true,false,false,false,68,0,DESIGN_INTERPRETATION,current variant census; current kit seed=swordsman,Base form of proposed hero asuma-sarutobi-core.
asura-otsutsuki,form-asura-otsutsuki-base,Base,ANCIENT,5,6,6,true,false,false,false,84,0,ANIME_CANON,https://naruto.fandom.com/wiki/Asura_%C5%8Ctsutsuki,Base form of proposed hero asura-base.
asura-otsutsuki,form-asura-otsutsuki-six-paths-avatar,Six Paths Avatar,ANCIENT,10,10,10,true,false,false,false,0,89,ANIME_CANON,https://naruto.fandom.com/wiki/Asura_%C5%8Ctsutsuki,Reserved exclusively as Awakening of asura-base.
atsui,form-atsui-cloud-ninja,Cloud Ninja,SOURCE_ERA,5,6,6,true,false,false,false,68,0,DESIGN_INTERPRETATION,current variant census; current kit seed=storm,Base form of proposed hero atsui-core.
atsui,form-atsui-war-arc,War Arc,SOURCE_ERA,0,3,3,false,false,false,false,0,0,DESIGN_INTERPRETATION,current variant census; character-specific canon source required before production READY,Era/rank/title difference alone does not justify another collectible hero.
baiu,form-baiu-rain-genin,Rain Genin,SOURCE_ERA,5,6,6,true,false,false,false,68,0,DESIGN_INTERPRETATION,current variant census; current kit seed=water,Base form of proposed hero baiu-core.
baiu,form-baiu-senbon-assault,Senbon Assault,SOURCE_ERA,0,3,3,false,false,true,false,0,0,SOURCE_RESEARCH_REQUIRED,current variant census; character-specific canon source required before production READY,Label describes a technique/weapon action rather than a persistent hero form.
baki,form-baki-sand-jonin,Sand Jonin,SOURCE_ERA,5,6,6,true,false,false,false,68,0,DESIGN_INTERPRETATION,current variant census; current kit seed=wind,Base form of proposed hero baki-core.
baki,form-baki-wind-blade,Wind Blade,SOURCE_ERA,0,3,3,false,false,true,false,0,0,SOURCE_RESEARCH_REQUIRED,current variant census; character-specific canon source required before production READY,Label describes a technique/weapon action rather than a persistent hero form.
black-zetsu,form-black-zetsu-akatsuki-spy,Akatsuki Spy,SOURCE_ERA,5,6,6,true,false,false,false,68,0,DESIGN_INTERPRETATION,current variant census; current kit seed=obito,Base form of proposed hero black-zetsu-core.
black-zetsu,form-black-zetsu-kaguya-will,Kaguya Will,SOURCE_ERA,0,3,3,false,false,false,false,0,0,DESIGN_INTERPRETATION,current variant census; character-specific canon source required before production READY,Secondary label does not currently clear the standalone-hero threshold and is merged into the character's primary kit/presentation.
blue-b,form-blue-b-eight-tails-host,Eight-Tails Host,SOURCE_ERA,5,6,6,true,false,false,false,72,0,DESIGN_INTERPRETATION,current variant census; current kit seed=jinchuriki,Base form of proposed hero blue-b-core.
blue-b,form-blue-b-jinchuriki-cloak,Jinchuriki Cloak,SOURCE_ERA,10,10,10,true,false,false,false,0,76,DESIGN_INTERPRETATION,current variant census; current kit seed=jinchuriki,Reserved exclusively as Awakening of blue-b-core.
bunpuku,form-bunpuku-monk-sage,Monk Sage,SOURCE_ERA,0,3,3,false,false,false,false,0,0,DESIGN_INTERPRETATION,current variant census; character-specific canon source required before production READY,Secondary label does not currently clear the standalone-hero threshold and is merged into the character's primary kit/presentation.
bunpuku,form-bunpuku-shukaku-host,Shukaku Host,SOURCE_ERA,5,6,6,true,false,false,false,68,0,DESIGN_INTERPRETATION,current variant census; current kit seed=jinchuriki,Base form of proposed hero bunpuku-core.
byakuren,form-byakuren-first-mizukage,First Mizukage,SOURCE_ERA,5,6,6,true,false,false,false,68,0,DESIGN_INTERPRETATION,current variant census; current kit seed=water,Base form of proposed hero byakuren-core.
byakuren,form-byakuren-prime,Prime,SOURCE_ERA,0,3,3,false,false,false,false,0,0,DESIGN_INTERPRETATION,current variant census; character-specific canon source required before production READY,Era/rank/title difference alone does not justify another collectible hero.
c,form-c-raikage-guard,Raikage Guard,SOURCE_ERA,0,3,3,false,false,false,false,0,0,DESIGN_INTERPRETATION,current variant census; character-specific canon source required before production READY,Era/rank/title difference alone does not justify another collectible hero.
c,form-c-sensor,Sensor,SOURCE_ERA,5,6,6,true,false,false,false,68,0,DESIGN_INTERPRETATION,current variant census; current kit seed=genjutsu,Base form of proposed hero c-core.
chiyo,form-chiyo-base,Base,SOURCE_ERA,5,6,6,true,false,false,false,68,0,DESIGN_INTERPRETATION,current variant census; current kit seed=puppet,Base form of proposed hero chiyo-core.
chiyo,form-chiyo-ten-puppets,Ten Puppets,SOURCE_ERA,0,3,3,false,false,true,false,0,0,SOURCE_RESEARCH_REQUIRED,current variant census; character-specific canon source required before production READY,Secret White Move puppet technique.
choji-akimichi,form-choji-akimichi-butterfly-mode,Butterfly Mode,SHIPPUDEN,10,10,10,true,false,false,false,0,94,MANGA_CANON,https://naruto.fandom.com/wiki/Ch%C5%8Dji_Akimichi,Reserved exclusively as Awakening of choji-shippuden.
choji-akimichi,form-choji-akimichi-genin,Genin,SOURCE_ERA,0,3,3,false,false,false,false,0,0,DESIGN_INTERPRETATION,current variant census; character-specific canon source required before production READY,Age/era appearance; Shippuden is the hero boundary.
choji-akimichi,form-choji-akimichi-shippuden,Shippuden,SHIPPUDEN,5,6,6,true,false,false,false,85,0,MANGA_CANON,https://naruto.fandom.com/wiki/Ch%C5%8Dji_Akimichi,Base form of proposed hero choji-shippuden.
choji-akimichi,form-choji-akimichi-war-arc,War Arc,SOURCE_ERA,0,3,3,false,false,false,false,0,0,DESIGN_INTERPRETATION,current variant census; character-specific canon source required before production READY,Era appearance.
chojuro,form-chojuro-hiramekarei-master,Hiramekarei Master,SOURCE_ERA,0,3,3,false,false,false,false,0,0,DESIGN_INTERPRETATION,current variant census; character-specific canon source required before production READY,Secondary label does not currently clear the standalone-hero threshold and is merged into the character's primary kit/presentation.
chojuro,form-chojuro-seven-swordsman,Seven Swordsman,SOURCE_ERA,5,6,6,true,false,false,false,68,0,DESIGN_INTERPRETATION,current variant census; current kit seed=water,Base form of proposed hero chojuro-core.
choza-akimichi,form-choza-akimichi-clan-head,Clan Head,SOURCE_ERA,5,6,6,true,false,false,false,68,0,DESIGN_INTERPRETATION,current variant census; current kit seed=akimichi,Base form of proposed hero choza-akimichi-core.
choza-akimichi,form-choza-akimichi-war-arc,War Arc,SOURCE_ERA,0,3,3,false,false,false,false,0,0,DESIGN_INTERPRETATION,current variant census; character-specific canon source required before production READY,Era/rank/title difference alone does not justify another collectible hero.
chukichi,form-chukichi-reanimated,Reanimated,SOURCE_ERA,0,3,3,false,false,false,false,0,0,DESIGN_INTERPRETATION,current variant census; character-specific canon source required before production READY,Reanimation is explicitly not treated as a normal Awakening.
chukichi,form-chukichi-sensor-ninja,Sensor Ninja,SOURCE_ERA,5,6,6,true,false,false,false,68,0,DESIGN_INTERPRETATION,current variant census; current kit seed=water,Base form of proposed hero chukichi-core.
dan-kato,form-dan-kato-jonin,Jonin,SOURCE_ERA,5,6,6,true,false,false,false,72,0,DESIGN_INTERPRETATION,current variant census; current kit seed=genjutsu,Base form of proposed hero dan-kato-core.
dan-kato,form-dan-kato-spirit-transformation,Spirit Transformation,SOURCE_ERA,10,10,10,false,false,true,false,0,0,MANGA_CANON,current variant census; current kit seed=genjutsu,Spirit Transformation Technique is a jutsu that projects Dan's spirit; it is not a persistent transformed body.
danzo-shimura,form-danzo-shimura-hokage-candidate,Hokage Candidate,FIVE_KAGE_SUMMIT,5,6,6,true,false,false,false,85,0,MANGA_CANON,https://naruto.fandom.com/wiki/Danz%C5%8D_Shimura,Base form of proposed hero danzo-candidate.
danzo-shimura,form-danzo-shimura-izanagi-arm,Izanagi Arm,FIVE_KAGE_SUMMIT,10,10,10,true,false,false,false,0,89,MANGA_CANON,https://naruto.fandom.com/wiki/Danz%C5%8D_Shimura,Reserved exclusively as Awakening of danzo-candidate.
darui,form-darui-base,Base,SHIPPUDEN,5,6,6,true,false,false,false,68,0,MANGA_CANON,https://naruto.fandom.com/wiki/Darui;https://naruto.fandom.com/wiki/Storm_Release,Synthetic neutral form-pool entry representing the character themselves; not an additional legacy variant.
darui,form-darui-raikage-guard,Raikage Guard,SOURCE_ERA,0,3,3,false,false,false,false,0,0,DESIGN_INTERPRETATION,current variant census; character-specific canon source required before production READY,Era/rank/title difference alone does not justify another collectible hero.
darui,form-darui-storm-release,Storm Release,SOURCE_ERA,5,6,6,false,false,true,false,0,0,MANGA_CANON,current variant census; current kit seed=storm,"Storm Release is Darui's kekkei genkai/nature transformation, not a separate persistent hero form."
deidara,form-deidara-akatsuki,Akatsuki,SOURCE_ERA,5,6,6,true,false,false,false,68,0,DESIGN_INTERPRETATION,current variant census; current kit seed=deidara,Base form of proposed hero deidara-core.
deidara,form-deidara-c2-dragon,C2 Dragon,SOURCE_ERA,0,3,3,false,false,true,false,0,0,SOURCE_RESEARCH_REQUIRED,current variant census; character-specific canon source required before production READY,"Named technique/construct, not a persistent hero form."
deidara,form-deidara-c4,C4,SOURCE_ERA,0,3,3,false,false,true,false,0,0,SOURCE_RESEARCH_REQUIRED,current variant census; character-specific canon source required before production READY,"Named ultimate-scale technique, not a hero."
deidara,form-deidara-edo-tensei,Edo Tensei,SOURCE_ERA,0,3,3,false,false,false,false,0,0,DESIGN_INTERPRETATION,current variant census; character-specific canon source required before production READY,Reanimation skin/state.
dodai,form-dodai-base,Base,SHIPPUDEN,5,6,6,true,false,false,false,68,0,MANGA_CANON,https://naruto.fandom.com/wiki/Dodai;https://naruto.fandom.com/wiki/Lava_Release%3A_Rubber_Rope,Synthetic neutral form-pool entry representing the character themselves; not an additional legacy variant.
dodai,form-dodai-lava-rubber-style,Lava Rubber Style,SOURCE_ERA,5,6,6,false,false,true,false,0,0,MANGA_CANON,current variant census; current kit seed=earth,"Dodai's vulcanised-rubber Lava Release is expressed through ninjutsu such as Rubber Rope/Defence, not a persistent form."
dodai,form-dodai-third-raikage-aide,Third Raikage Aide,SOURCE_ERA,0,3,3,false,false,false,false,0,0,DESIGN_INTERPRETATION,current variant census; character-specific canon source required before production READY,Era/rank/title difference alone does not justify another collectible hero.
dosu-kinuta,form-dosu-kinuta-resonating-echo,Resonating Echo,SOURCE_ERA,0,3,3,false,false,true,false,0,0,SOURCE_RESEARCH_REQUIRED,current variant census; character-specific canon source required before production READY,Label describes a technique/weapon action rather than a persistent hero form.
dosu-kinuta,form-dosu-kinuta-sound-genin,Sound Genin,SOURCE_ERA,5,6,6,true,false,false,false,68,0,DESIGN_INTERPRETATION,current variant census; current kit seed=sound,Base form of proposed hero dosu-kinuta-core.
ebisu,form-ebisu-elite-tutor,Elite Tutor,SOURCE_ERA,5,6,6,true,false,false,false,68,0,DESIGN_INTERPRETATION,current variant census; current kit seed=taijutsu,Base form of proposed hero ebisu-core.
ebisu,form-ebisu-special-jonin,Special Jonin,SOURCE_ERA,0,3,3,false,false,false,false,0,0,DESIGN_INTERPRETATION,current variant census; character-specific canon source required before production READY,Era/rank/title difference alone does not justify another collectible hero.
ebizo,form-ebizo-puppet-strategist,Puppet Strategist,SOURCE_ERA,0,3,3,false,false,false,false,0,0,DESIGN_INTERPRETATION,current variant census; character-specific canon source required before production READY,Secondary label does not currently clear the standalone-hero threshold and is merged into the character's primary kit/presentation.
ebizo,form-ebizo-sand-elder,Sand Elder,SOURCE_ERA,5,6,6,true,false,false,false,68,0,DESIGN_INTERPRETATION,current variant census; current kit seed=puppet,Base form of proposed hero ebizo-core.
enma,form-enma-adamantine-staff,Adamantine Staff,SOURCE_ERA,0,3,3,false,false,true,false,0,0,SOURCE_RESEARCH_REQUIRED,current variant census; character-specific canon source required before production READY,Summon-specific action/state belongs to technique presentation rather than another summonable unit.
enma,form-enma-monkey-king,Monkey King,SOURCE_ERA,0,3,3,false,false,false,false,0,0,SOURCE_RESEARCH_REQUIRED,current variant census; character-specific canon source required before production READY,"Summon creature is retained as special independent combat content, not a normal ninja hero version."
first-raikage,form-first-raikage-first-raikage,First Raikage,SOURCE_ERA,5,6,6,true,false,false,false,68,0,DESIGN_INTERPRETATION,current variant census; current kit seed=raikage,Base form of proposed hero first-raikage-core.
first-raikage,form-first-raikage-prime,Prime,SOURCE_ERA,0,3,3,false,false,false,false,0,0,DESIGN_INTERPRETATION,current variant census; character-specific canon source required before production READY,Era/rank/title difference alone does not justify another collectible hero.
fu,form-fu-base,Base,SHIPPUDEN,5,6,6,true,false,false,false,80,0,MANGA_CANON,https://naruto.fandom.com/wiki/Jinch%C5%ABriki_Forms,Base form of proposed hero fu-base.
fu,form-fu-seven-tails-cloak,Seven-Tails Cloak,SHIPPUDEN,10,10,10,true,false,false,false,0,85,MANGA_CANON,https://naruto.fandom.com/wiki/Jinch%C5%ABriki_Forms,Reserved exclusively as Awakening of fu-base.
fu-yamanaka,form-fu-yamanaka-mind-transfer,Mind Transfer,SOURCE_ERA,0,3,3,false,false,true,false,0,0,SOURCE_RESEARCH_REQUIRED,current variant census; character-specific canon source required before production READY,Label describes a technique/weapon action rather than a persistent hero form.
fu-yamanaka,form-fu-yamanaka-root-operative,Root Operative,SOURCE_ERA,5,6,6,true,false,false,false,68,0,DESIGN_INTERPRETATION,current variant census; current kit seed=yamanaka,Base form of proposed hero fu-yamanaka-core.
fudo,form-fudo-earth-body,Earth Body,SOURCE_ERA,0,3,3,false,false,false,false,0,0,DESIGN_INTERPRETATION,current variant census; character-specific canon source required before production READY,Secondary label does not currently clear the standalone-hero threshold and is merged into the character's primary kit/presentation.
fudo,form-fudo-four-man-team,Four-Man Team,SOURCE_ERA,5,6,6,true,false,false,false,68,0,DESIGN_INTERPRETATION,current variant census; current kit seed=earth,Base form of proposed hero fudo-core.
fuen,form-fuen-barrier-specialist,Barrier Specialist,SOURCE_ERA,0,3,3,false,false,false,false,0,0,DESIGN_INTERPRETATION,current variant census; character-specific canon source required before production READY,Secondary label does not currently clear the standalone-hero threshold and is merged into the character's primary kit/presentation.
fuen,form-fuen-four-man-team,Four-Man Team,SOURCE_ERA,5,6,6,true,false,false,false,68,0,DESIGN_INTERPRETATION,current variant census; current kit seed=genjutsu,Base form of proposed hero fuen-core.
fugaku-uchiha,form-fugaku-uchiha-clan-head,Clan Head,SOURCE_ERA,5,6,6,true,false,false,false,68,0,DESIGN_INTERPRETATION,current variant census; current kit seed=sasuke,Base form of proposed hero fugaku-uchiha-core.
fugaku-uchiha,form-fugaku-uchiha-police-captain,Police Captain,SOURCE_ERA,0,3,3,false,false,false,false,0,0,DESIGN_INTERPRETATION,current variant census; character-specific canon source required before production READY,Era/rank/title difference alone does not justify another collectible hero.
fuguki-suikazan,form-fuguki-suikazan-reanimated,Reanimated,SOURCE_ERA,0,3,3,false,false,false,false,0,0,DESIGN_INTERPRETATION,current variant census; character-specific canon source required before production READY,Reanimation is explicitly not treated as a normal Awakening.
fuguki-suikazan,form-fuguki-suikazan-samehada-wielder,Samehada Wielder,SOURCE_ERA,5,6,6,true,false,false,false,68,0,DESIGN_INTERPRETATION,current variant census; current kit seed=water,Base form of proposed hero fuguki-suikazan-core.
fuka,form-fuka-elemental-kiss,Elemental Kiss,SOURCE_ERA,0,3,3,false,false,true,false,0,0,SOURCE_RESEARCH_REQUIRED,current variant census; character-specific canon source required before production READY,Label describes a technique/weapon action rather than a persistent hero form.
fuka,form-fuka-four-man-team,Four-Man Team,SOURCE_ERA,5,6,6,true,false,false,false,68,0,DESIGN_INTERPRETATION,current variant census; current kit seed=genjutsu,Base form of proposed hero fuka-core.
fukasaku,form-fukasaku-sage-training,Sage Training,SOURCE_ERA,0,3,3,false,false,true,false,0,0,SOURCE_RESEARCH_REQUIRED,current variant census; character-specific canon source required before production READY,Summon-specific action/state belongs to technique presentation rather than another summonable unit.
fukasaku,form-fukasaku-toad-sage,Toad Sage,SOURCE_ERA,0,3,3,false,false,false,false,0,0,SOURCE_RESEARCH_REQUIRED,current variant census; character-specific canon source required before production READY,"Summon creature is retained as special independent combat content, not a normal ninja hero version."
gaara,form-gaara-genin,Genin,PART_I,5,6,6,true,false,false,false,89,0,MANGA_CANON,https://naruto.fandom.com/wiki/Gaara,Base form of proposed hero gaara-genin.
gaara,form-gaara-kazekage,Kazekage,SHIPPUDEN,5,6,6,true,false,false,false,91,0,MANGA_CANON,https://naruto.fandom.com/wiki/Gaara,Base form of proposed hero gaara-kazekage.
gaara,form-gaara-shukaku-cloak,Shukaku Cloak,PART_I,10,10,10,true,false,false,false,0,90,MANGA_CANON,https://naruto.fandom.com/wiki/Gaara,Reserved exclusively as Awakening of gaara-genin.
gaara,form-gaara-war-arc,War Arc,SOURCE_ERA,0,3,3,false,false,false,false,0,0,DESIGN_INTERPRETATION,current variant census; character-specific canon source required before production READY,Era presentation of Kazekage Gaara.
gamabunta,form-gamabunta-gamabunta-battle,Gamabunta Battle,SOURCE_ERA,0,3,3,false,false,true,false,0,0,SOURCE_RESEARCH_REQUIRED,current variant census; character-specific canon source required before production READY,Summon-specific action/state belongs to technique presentation rather than another summonable unit.
gamabunta,form-gamabunta-toad-boss,Toad Boss,SOURCE_ERA,0,3,3,false,false,false,false,0,0,SOURCE_RESEARCH_REQUIRED,current variant census; character-specific canon source required before production READY,"Summon creature is retained as special independent combat content, not a normal ninja hero version."
gamakichi,form-gamakichi-war-arc-toad,War Arc Toad,SOURCE_ERA,0,3,3,false,false,true,false,0,0,SOURCE_RESEARCH_REQUIRED,current variant census; character-specific canon source required before production READY,Summon-specific action/state belongs to technique presentation rather than another summonable unit.
gamakichi,form-gamakichi-young-toad,Young Toad,SOURCE_ERA,0,3,3,false,false,false,false,0,0,SOURCE_RESEARCH_REQUIRED,current variant census; character-specific canon source required before production READY,"Summon creature is retained as special independent combat content, not a normal ninja hero version."
gari,form-gari-base,Base,SHIPPUDEN,5,6,6,true,false,false,false,68,0,MANGA_CANON,https://naruto.fandom.com/wiki/Gari;https://naruto.fandom.com/wiki/Explosion_Release,Synthetic neutral form-pool entry representing the character themselves; not an additional legacy variant.
gari,form-gari-explosion-release,Explosion Release,SOURCE_ERA,5,6,6,false,false,true,false,0,0,MANGA_CANON,current variant census; current kit seed=earth,"Explosion Release is Gari's kekkei genkai/ninjutsu style, not a persistent transformation."
gari,form-gari-reanimated,Reanimated,SOURCE_ERA,0,3,3,false,false,false,false,0,0,DESIGN_INTERPRETATION,current variant census; character-specific canon source required before production READY,Reanimation is explicitly not treated as a normal Awakening.
gengetsu-hozuki,form-gengetsu-hozuki-edo-tensei,Edo Tensei,SOURCE_ERA,0,3,3,false,false,false,false,0,0,DESIGN_INTERPRETATION,current variant census; character-specific canon source required before production READY,Reanimation is explicitly not treated as a normal Awakening.
gengetsu-hozuki,form-gengetsu-hozuki-second-mizukage,Second Mizukage,SOURCE_ERA,5,6,6,true,false,false,false,68,0,DESIGN_INTERPRETATION,current variant census; current kit seed=water,Base form of proposed hero gengetsu-hozuki-core.
genma-shiranui,form-genma-shiranui-fourth-hokage-guard,Fourth Hokage Guard,SOURCE_ERA,0,3,3,false,false,false,false,0,0,DESIGN_INTERPRETATION,current variant census; character-specific canon source required before production READY,Era/rank/title difference alone does not justify another collectible hero.
genma-shiranui,form-genma-shiranui-special-jonin,Special Jonin,SOURCE_ERA,5,6,6,true,false,false,false,68,0,DESIGN_INTERPRETATION,current variant census; current kit seed=swordsman,Base form of proposed hero genma-shiranui-core.
ginkaku,form-ginkaku-nine-tails-cloak,Nine-Tails Cloak,WAR_ERA,10,10,10,true,false,false,false,0,90,MANGA_CANON,https://naruto.fandom.com/wiki/Ginkaku,Reserved exclusively as Awakening of ginkaku-base.
ginkaku,form-ginkaku-silver-brother,Silver Brother,WAR_ERA,5,6,6,true,false,false,false,82,0,MANGA_CANON,https://naruto.fandom.com/wiki/Ginkaku,Base form of proposed hero ginkaku-base.
gozu,form-gozu-chain-gauntlet,Chain Gauntlet,SOURCE_ERA,0,3,3,false,false,true,false,0,0,SOURCE_RESEARCH_REQUIRED,current variant census; character-specific canon source required before production READY,Label describes a technique/weapon action rather than a persistent hero form.
gozu,form-gozu-demon-brothers,Demon Brothers,SOURCE_ERA,5,6,6,true,false,false,false,68,0,DESIGN_INTERPRETATION,current variant census; current kit seed=swordsman,Base form of proposed hero gozu-core.
guren,form-guren-base,Base,SHIPPUDEN,5,6,6,true,false,false,false,68,0,MANGA_CANON,https://naruto.fandom.com/wiki/Guren;https://naruto.fandom.com/wiki/Crystal_Release,Synthetic neutral form-pool entry representing the character themselves; not an additional legacy variant.
guren,form-guren-crystal-release,Crystal Release,SOURCE_ERA,5,6,6,false,false,true,false,0,0,MANGA_CANON,current variant census; current kit seed=earth,Crystal Release is Guren's ninjutsu identity and should feed her five-skill kit rather than become a collectible form label.
guren,form-guren-three-tails-mission,Three-Tails Mission,SOURCE_ERA,0,3,3,false,false,false,false,0,0,DESIGN_INTERPRETATION,current variant census; character-specific canon source required before production READY,Secondary label does not currently clear the standalone-hero threshold and is merged into the character's primary kit/presentation.
hagoromo-otsutsuki,form-hagoromo-otsutsuki-sage-of-six-paths,Sage of Six Paths,ANCIENT,10,10,10,true,false,false,false,0,94,ANIME_CANON,https://naruto.fandom.com/wiki/Hagoromo_%C5%8Ctsutsuki,Reserved exclusively as Awakening of hagoromo-young.
hagoromo-otsutsuki,form-hagoromo-otsutsuki-young,Young,ANCIENT,5,6,6,true,false,false,false,92,0,ANIME_CANON,https://naruto.fandom.com/wiki/Hagoromo_%C5%8Ctsutsuki,Base form of proposed hero hagoromo-young.
haku,form-haku-base,Base,SOURCE_ERA,5,6,6,true,false,false,false,68,0,DESIGN_INTERPRETATION,current variant census; current kit seed=water,Base form of proposed hero haku-core.
haku,form-haku-edo-tensei,Edo Tensei,SOURCE_ERA,0,3,3,false,false,false,false,0,0,DESIGN_INTERPRETATION,current variant census; character-specific canon source required before production READY,Reanimation is explicitly not treated as a normal Awakening.
hamura-otsutsuki,form-hamura-otsutsuki-tenseigan-legacy,Tenseigan Legacy,SOURCE_ERA,0,3,3,false,false,false,false,0,0,DESIGN_INTERPRETATION,current variant census; character-specific canon source required before production READY,Legacy/title wording is not a documented persistent Hamura transformation.
hamura-otsutsuki,form-hamura-otsutsuki-young,Young,SOURCE_ERA,5,6,6,true,false,false,false,68,0,DESIGN_INTERPRETATION,current variant census; current kit seed=sixpaths,Base form of proposed hero hamura-otsutsuki-core.
han,form-han-base,Base,SHIPPUDEN,5,6,6,true,false,false,false,80,0,MANGA_CANON,https://naruto.fandom.com/wiki/Jinch%C5%ABriki_Forms,Base form of proposed hero han-base.
han,form-han-five-tails-cloak,Five-Tails Cloak,SHIPPUDEN,10,10,10,true,false,false,false,0,86,MANGA_CANON,https://naruto.fandom.com/wiki/Jinch%C5%ABriki_Forms,Reserved exclusively as Awakening of han-base.
hanabi-hyuga,form-hanabi-hyuga-byakugan-master,Byakugan Master,SOURCE_ERA,0,3,3,false,false,false,false,0,0,DESIGN_INTERPRETATION,current variant census; character-specific canon source required before production READY,Secondary label does not currently clear the standalone-hero threshold and is merged into the character's primary kit/presentation.
hanabi-hyuga,form-hanabi-hyuga-hyuga-heiress,Hyuga Heiress,SOURCE_ERA,5,6,6,true,false,false,false,68,0,DESIGN_INTERPRETATION,current variant census; current kit seed=hyuga,Base form of proposed hero hanabi-hyuga-core.
hanzo,form-hanzo-edo-tensei,Edo Tensei,SOURCE_ERA,0,3,3,false,false,false,false,0,0,DESIGN_INTERPRETATION,current variant census; character-specific canon source required before production READY,Reanimation is explicitly not treated as a normal Awakening.
hanzo,form-hanzo-prime,Prime,SOURCE_ERA,5,6,6,true,false,false,false,68,0,DESIGN_INTERPRETATION,current variant census; current kit seed=swordsman,Base form of proposed hero hanzo-core.
hashirama-senju,form-hashirama-senju-edo-tensei,Edo Tensei,SOURCE_ERA,0,3,3,false,false,false,false,0,0,DESIGN_INTERPRETATION,current variant census; character-specific canon source required before production READY,Reanimation is not used as Awakening.
hashirama-senju,form-hashirama-senju-first-hokage,First Hokage,HOKAGE,5,6,6,true,false,false,false,96,0,MANGA_CANON,https://naruto.fandom.com/wiki/Hashirama_Senju,Base form of proposed hero hashirama-hokage.
hashirama-senju,form-hashirama-senju-sage-mode,Sage Mode,HOKAGE,10,10,10,true,false,false,false,0,94,MANGA_CANON,https://naruto.fandom.com/wiki/Hashirama_Senju,Reserved exclusively as Awakening of hashirama-hokage.
hashirama-senju,form-hashirama-senju-warring-states,Warring States,SOURCE_ERA,0,3,3,false,false,false,false,0,0,DESIGN_INTERPRETATION,current variant census; character-specific canon source required before production READY,Era appearance of the same wood-style identity.
hayate-gekko,form-hayate-gekko-chunin-exams-proctor,Chunin Exams Proctor,SOURCE_ERA,5,6,6,true,false,false,false,68,0,DESIGN_INTERPRETATION,current variant census; current kit seed=swordsman,Base form of proposed hero hayate-gekko-core.
hayate-gekko,form-hayate-gekko-crescent-moon-blade,Crescent Moon Blade,SOURCE_ERA,0,3,3,false,false,true,false,0,0,SOURCE_RESEARCH_REQUIRED,current variant census; character-specific canon source required before production READY,Label describes a technique/weapon action rather than a persistent hero form.
hiashi-hyuga,form-hiashi-hyuga-clan-head,Clan Head,SOURCE_ERA,5,6,6,true,false,false,false,68,0,DESIGN_INTERPRETATION,current variant census; current kit seed=hyuga,Base form of proposed hero hiashi-hyuga-core.
hiashi-hyuga,form-hiashi-hyuga-war-arc,War Arc,SOURCE_ERA,0,3,3,false,false,false,false,0,0,DESIGN_INTERPRETATION,current variant census; character-specific canon source required before production READY,Era/rank/title difference alone does not justify another collectible hero.
hidan,form-hidan-akatsuki,Akatsuki,SOURCE_ERA,5,6,6,true,false,false,false,68,0,DESIGN_INTERPRETATION,current variant census; current kit seed=hidan,Base form of proposed hero hidan-core.
hidan,form-hidan-curse-ritual,Curse Ritual,SOURCE_ERA,0,3,3,false,false,true,false,0,0,SOURCE_RESEARCH_REQUIRED,current variant census; character-specific canon source required before production READY,"Ritual technique, not a separate hero."
hinata-hyuga,form-hinata-hyuga-genin,Genin,SOURCE_ERA,5,6,6,true,false,false,false,68,0,DESIGN_INTERPRETATION,current variant census; current kit seed=hyuga,Base form of proposed hero hinata-hyuga-core.
hinata-hyuga,form-hinata-hyuga-shippuden,Shippuden,SOURCE_ERA,0,3,3,false,false,false,false,0,0,DESIGN_INTERPRETATION,current variant census; character-specific canon source required before production READY,Secondary label does not currently clear the standalone-hero threshold and is merged into the character's primary kit/presentation.
hinata-hyuga,form-hinata-hyuga-war-arc,War Arc,SOURCE_ERA,0,3,3,false,false,false,false,0,0,DESIGN_INTERPRETATION,current variant census; character-specific canon source required before production READY,Era appearance of the same Shippuden combat identity.
hiruko,form-hiruko-chimera-technique,Chimera Technique,SOURCE_ERA,0,3,3,false,false,true,false,0,0,MANGA_CANON,current variant census; character-specific canon source required before production READY,"Chimera Technique is a technique/power system, not a second persistent Hiruko form label."
hiruko,form-hiruko-missing-nin,Missing Nin,SOURCE_ERA,5,6,6,true,false,false,false,68,0,DESIGN_INTERPRETATION,current variant census; current kit seed=genjutsu,Base form of proposed hero hiruko-core.
hiruzen-sarutobi,form-hiruzen-sarutobi-edo-tensei,Edo Tensei,SOURCE_ERA,0,3,3,false,false,false,false,0,0,DESIGN_INTERPRETATION,current variant census; character-specific canon source required before production READY,Reanimation skin/state.
hiruzen-sarutobi,form-hiruzen-sarutobi-prime,Prime,HOKAGE,5,6,6,true,false,false,false,88,0,DESIGN_INTERPRETATION,https://naruto.fandom.com/wiki/Hiruzen_Sarutobi,Base form of proposed hero hiruzen-prime.
hiruzen-sarutobi,form-hiruzen-sarutobi-third-hokage,Third Hokage,SOURCE_ERA,0,3,3,false,false,false,false,0,0,DESIGN_INTERPRETATION,current variant census; character-specific canon source required before production READY,Title/era label; Prime hero carries the full combat identity.
hizashi-hyuga,form-hizashi-hyuga-branch-house,Branch House,SOURCE_ERA,5,6,6,true,false,false,false,68,0,DESIGN_INTERPRETATION,current variant census; current kit seed=hyuga,Base form of proposed hero hizashi-hyuga-core.
hizashi-hyuga,form-hizashi-hyuga-reanimated,Reanimated,SOURCE_ERA,0,3,3,false,false,false,false,0,0,DESIGN_INTERPRETATION,current variant census; character-specific canon source required before production READY,Reanimation is explicitly not treated as a normal Awakening.
ibiki-morino,form-ibiki-morino-interrogation-chief,Interrogation Chief,SOURCE_ERA,5,6,6,true,false,false,false,68,0,DESIGN_INTERPRETATION,current variant census; current kit seed=genjutsu,Base form of proposed hero ibiki-morino-core.
ibiki-morino,form-ibiki-morino-war-arc,War Arc,SOURCE_ERA,0,3,3,false,false,false,false,0,0,DESIGN_INTERPRETATION,current variant census; character-specific canon source required before production READY,Era/rank/title difference alone does not justify another collectible hero.
idate-morino,form-idate-morino-ninja-trainee,Ninja Trainee,SOURCE_ERA,0,3,3,false,false,false,false,0,0,DESIGN_INTERPRETATION,current variant census; character-specific canon source required before production READY,Secondary label does not currently clear the standalone-hero threshold and is merged into the character's primary kit/presentation.
idate-morino,form-idate-morino-runner,Runner,SOURCE_ERA,5,6,6,true,false,false,false,68,0,DESIGN_INTERPRETATION,current variant census; current kit seed=swordsman,Base form of proposed hero idate-morino-core.
indra-otsutsuki,form-indra-otsutsuki-base,Base,ANCIENT,5,6,6,true,false,false,false,84,0,ANIME_CANON,https://naruto.fandom.com/wiki/Indra_%C5%8Ctsutsuki,Base form of proposed hero indra-base.
indra-otsutsuki,form-indra-otsutsuki-susanoo,Susanoo,ANCIENT,10,10,10,true,false,false,false,0,90,ANIME_CANON,https://naruto.fandom.com/wiki/Indra_%C5%8Ctsutsuki,Reserved exclusively as Awakening of indra-base.
ino-yamanaka,form-ino-yamanaka-genin,Genin,SOURCE_ERA,5,6,6,true,false,false,false,68,0,DESIGN_INTERPRETATION,current variant census; current kit seed=yamanaka,Base form of proposed hero ino-yamanaka-core.
ino-yamanaka,form-ino-yamanaka-shippuden,Shippuden,SOURCE_ERA,0,3,3,false,false,false,false,0,0,DESIGN_INTERPRETATION,current variant census; character-specific canon source required before production READY,Secondary label does not currently clear the standalone-hero threshold and is merged into the character's primary kit/presentation.
ino-yamanaka,form-ino-yamanaka-war-arc,War Arc,SOURCE_ERA,0,3,3,false,false,false,false,0,0,DESIGN_INTERPRETATION,current variant census; character-specific canon source required before production READY,Era appearance.
inoichi-yamanaka,form-inoichi-yamanaka-allied-intelligence-chief,Allied Intelligence Chief,SOURCE_ERA,0,3,3,false,false,false,false,0,0,DESIGN_INTERPRETATION,current variant census; character-specific canon source required before production READY,Era/rank/title difference alone does not justify another collectible hero.
inoichi-yamanaka,form-inoichi-yamanaka-clan-head,Clan Head,SOURCE_ERA,5,6,6,true,false,false,false,68,0,DESIGN_INTERPRETATION,current variant census; current kit seed=yamanaka,Base form of proposed hero inoichi-yamanaka-core.
iruka-umino,form-iruka-umino-academy-instructor,Academy Instructor,SOURCE_ERA,5,6,6,true,false,false,false,68,0,DESIGN_INTERPRETATION,current variant census; current kit seed=taijutsu,Base form of proposed hero iruka-umino-core.
iruka-umino,form-iruka-umino-protective-sensei,Protective Sensei,SOURCE_ERA,0,3,3,false,false,false,false,0,0,DESIGN_INTERPRETATION,current variant census; character-specific canon source required before production READY,Secondary label does not currently clear the standalone-hero threshold and is merged into the character's primary kit/presentation.
ishikawa,form-ishikawa-first-tsuchikage,First Tsuchikage,SOURCE_ERA,5,6,6,true,false,false,false,68,0,DESIGN_INTERPRETATION,current variant census; current kit seed=earth,Base form of proposed hero ishikawa-core.
ishikawa,form-ishikawa-prime,Prime,SOURCE_ERA,0,3,3,false,false,false,false,0,0,DESIGN_INTERPRETATION,current variant census; character-specific canon source required before production READY,Era/rank/title difference alone does not justify another collectible hero.
itachi-uchiha,form-itachi-uchiha-anbu,ANBU,ANBU,5,6,6,true,false,false,false,84,0,MANGA_CANON,https://naruto.fandom.com/wiki/Itachi_Uchiha,Base form of proposed hero itachi-anbu.
itachi-uchiha,form-itachi-uchiha-akatsuki,Akatsuki,AKATSUKI,5,6,6,true,false,false,false,96,0,MANGA_CANON,https://naruto.fandom.com/wiki/Itachi_Uchiha,Base form of proposed hero itachi-akatsuki.
itachi-uchiha,form-itachi-uchiha-edo-tensei,Edo Tensei,SOURCE_ERA,0,3,3,false,false,false,false,0,0,DESIGN_INTERPRETATION,current variant census; character-specific canon source required before production READY,Reanimation is not a normal Awakening and does not need a duplicate hero here.
itachi-uchiha,form-itachi-uchiha-mangekyo,Mangekyo,ANBU,10,10,10,true,false,false,false,0,88,MANGA_CANON,https://naruto.fandom.com/wiki/Itachi_Uchiha,Reserved exclusively as Awakening of itachi-anbu.
itachi-uchiha,form-itachi-uchiha-susanoo,Susanoo,AKATSUKI,10,10,10,true,false,false,false,0,95,MANGA_CANON,https://naruto.fandom.com/wiki/Itachi_Uchiha,Reserved exclusively as Awakening of itachi-akatsuki.
izumo-kamizuki,form-izumo-kamizuki-gate-guard,Gate Guard,SOURCE_ERA,5,6,6,true,false,false,false,68,0,DESIGN_INTERPRETATION,current variant census; current kit seed=swordsman,Base form of proposed hero izumo-kamizuki-core.
izumo-kamizuki,form-izumo-kamizuki-war-arc,War Arc,SOURCE_ERA,0,3,3,false,false,false,false,0,0,DESIGN_INTERPRETATION,current variant census; character-specific canon source required before production READY,Era/rank/title difference alone does not justify another collectible hero.
izuna-uchiha,form-izuna-uchiha-mangekyo-sharingan,Mangekyo Sharingan,SOURCE_ERA,10,10,10,true,false,false,false,0,76,DESIGN_INTERPRETATION,current variant census; current kit seed=sasuke,Reserved exclusively as Awakening of izuna-uchiha-core.
izuna-uchiha,form-izuna-uchiha-warring-states,Warring States,SOURCE_ERA,5,6,6,true,false,false,false,72,0,DESIGN_INTERPRETATION,current variant census; current kit seed=sasuke,Base form of proposed hero izuna-uchiha-core.
jinin-akebino,form-jinin-akebino-kabutowari-wielder,Kabutowari Wielder,SOURCE_ERA,5,6,6,true,false,false,false,68,0,DESIGN_INTERPRETATION,current variant census; current kit seed=water,Base form of proposed hero jinin-akebino-core.
jinin-akebino,form-jinin-akebino-reanimated,Reanimated,SOURCE_ERA,0,3,3,false,false,false,false,0,0,DESIGN_INTERPRETATION,current variant census; character-specific canon source required before production READY,Reanimation is explicitly not treated as a normal Awakening.
jinpachi-munashi,form-jinpachi-munashi-reanimated,Reanimated,SOURCE_ERA,0,3,3,false,false,false,false,0,0,DESIGN_INTERPRETATION,current variant census; character-specific canon source required before production READY,Reanimation is explicitly not treated as a normal Awakening.
jinpachi-munashi,form-jinpachi-munashi-shibuki-wielder,Shibuki Wielder,SOURCE_ERA,5,6,6,true,false,false,false,68,0,DESIGN_INTERPRETATION,current variant census; current kit seed=water,Base form of proposed hero jinpachi-munashi-core.
jirobo,form-jirobo-curse-mark-level-2,Curse Mark Level 2,PART_I,10,10,10,true,false,false,false,0,88,MANGA_CANON,https://naruto.fandom.com/wiki/Cursed_Seal,Reserved exclusively as Awakening of jirobo-base.
jirobo,form-jirobo-sound-four,Sound Four,PART_I,5,6,6,true,false,false,false,77,0,MANGA_CANON,https://naruto.fandom.com/wiki/Cursed_Seal,Base form of proposed hero jirobo-base.
jugo,form-jugo-curse-mark-base,Curse Mark Base,SHIPPUDEN,5,6,6,true,false,false,false,86,0,MANGA_CANON,https://naruto.fandom.com/wiki/J%C5%ABgo,Base form of proposed hero jugo-base.
jugo,form-jugo-sage-transformation,Sage Transformation,SHIPPUDEN,10,10,10,true,false,false,false,0,93,MANGA_CANON,https://naruto.fandom.com/wiki/J%C5%ABgo,Reserved exclusively as Awakening of jugo-base.
kabuto-yakushi,form-kabuto-yakushi-part-i,Part I,PART_I,5,6,6,true,false,false,false,76,0,MANGA_CANON,https://naruto.fandom.com/wiki/Kabuto_Yakushi,Base form of proposed hero kabuto-part1.
kabuto-yakushi,form-kabuto-yakushi-shippuden,Shippuden,WAR_ARC,5,6,6,true,false,false,false,92,0,MANGA_CANON,https://naruto.fandom.com/wiki/Kabuto_Yakushi,Base form of proposed hero kabuto-shippuden.
kabuto-yakushi,form-kabuto-yakushi-snake-sage,Snake Sage,WAR_ARC,10,10,10,true,false,false,false,0,96,MANGA_CANON,https://naruto.fandom.com/wiki/Kabuto_Yakushi,Reserved exclusively as Awakening of kabuto-shippuden.
kabuto-yakushi,form-kabuto-yakushi-war-arc,War Arc,SOURCE_ERA,0,3,3,false,false,false,false,0,0,DESIGN_INTERPRETATION,current variant census; character-specific canon source required before production READY,Snake Sage is the actual transformation; War Arc is an era label.
kagami-uchiha,form-kagami-uchiha-sharingan-elite,Sharingan Elite,SOURCE_ERA,0,3,3,false,false,false,false,0,0,DESIGN_INTERPRETATION,current variant census; character-specific canon source required before production READY,Secondary label does not currently clear the standalone-hero threshold and is merged into the character's primary kit/presentation.
kagami-uchiha,form-kagami-uchiha-tobirama-guard,Tobirama Guard,SOURCE_ERA,5,6,6,true,false,false,false,68,0,DESIGN_INTERPRETATION,current variant census; current kit seed=sasuke,Base form of proposed hero kagami-uchiha-core.
kagari,form-kagari-mist-ambush,Mist Ambush,SOURCE_ERA,0,3,3,false,false,true,false,0,0,SOURCE_RESEARCH_REQUIRED,current variant census; character-specific canon source required before production READY,Label describes a technique/weapon action rather than a persistent hero form.
kagari,form-kagari-rain-genin,Rain Genin,SOURCE_ERA,5,6,6,true,false,false,false,68,0,DESIGN_INTERPRETATION,current variant census; current kit seed=water,Base form of proposed hero kagari-core.
kaguya-otsutsuki,form-kaguya-otsutsuki-base,Base,ANCIENT,5,6,6,true,false,false,false,97,0,MANGA_CANON,https://naruto.fandom.com/wiki/Kaguya_%C5%8Ctsutsuki,Base form of proposed hero kaguya-base.
kaguya-otsutsuki,form-kaguya-otsutsuki-rabbit-goddess,Rabbit Goddess,ANCIENT,10,10,10,true,false,false,false,0,90,MANGA_CANON,https://naruto.fandom.com/wiki/Kaguya_%C5%8Ctsutsuki,Reserved exclusively as Awakening of kaguya-base.
kakashi-hatake,form-kakashi-hatake-anbu,ANBU,ANBU,5,6,6,true,false,false,false,78,0,ANIME_CANON,https://naruto.fandom.com/wiki/Kakashi_Hatake,Base form of proposed hero kakashi-anbu.
kakashi-hatake,form-kakashi-hatake-double-mangekyo,Double Mangekyo,WAR_ARC,10,10,10,true,false,false,false,0,94,MANGA_CANON,https://naruto.fandom.com/wiki/Kakashi_Hatake,Reserved exclusively as Awakening of kakashi-war.
kakashi-hatake,form-kakashi-hatake-mangekyo-sharingan,Mangekyo Sharingan,WAR_ARC,5,6,6,true,false,false,false,94,0,MANGA_CANON,https://naruto.fandom.com/wiki/Kakashi_Hatake,Base form of proposed hero kakashi-war.
kakashi-hatake,form-kakashi-hatake-sharingan,Sharingan,KANNABI,10,10,10,true,false,false,false,0,88,MANGA_CANON,https://naruto.fandom.com/wiki/Kakashi_Hatake,Reserved exclusively as Awakening of kakashi-young.
kakashi-hatake,form-kakashi-hatake-young,Young,KANNABI,5,6,6,true,false,false,false,82,0,MANGA_CANON,https://naruto.fandom.com/wiki/Kakashi_Hatake,Base form of proposed hero kakashi-young.
kakko,form-kakko-kannabi-bridge,Kannabi Bridge,SOURCE_ERA,0,3,3,false,false,false,false,0,0,DESIGN_INTERPRETATION,current variant census; character-specific canon source required before production READY,Secondary label does not currently clear the standalone-hero threshold and is merged into the character's primary kit/presentation.
kakko,form-kakko-stone-jonin,Stone Jonin,SOURCE_ERA,5,6,6,true,false,false,false,68,0,DESIGN_INTERPRETATION,current variant census; current kit seed=earth,Base form of proposed hero kakko-core.
kakuzu,form-kakuzu-akatsuki,Akatsuki,AKATSUKI,5,6,6,true,false,false,false,89,0,MANGA_CANON,https://naruto.fandom.com/wiki/Kakuzu,Base form of proposed hero kakuzu-akatsuki.
kakuzu,form-kakuzu-earth-grudge-fear,Earth Grudge Fear,AKATSUKI,10,10,10,true,false,false,false,0,90,MANGA_CANON,https://naruto.fandom.com/wiki/Kakuzu,Reserved exclusively as Awakening of kakuzu-akatsuki.
kankuro,form-kankuro-chunin-exams,Chunin Exams,SOURCE_ERA,5,6,6,true,false,false,false,68,0,DESIGN_INTERPRETATION,current variant census; current kit seed=puppet,Base form of proposed hero kankuro-core.
kankuro,form-kankuro-master-puppeteer,Master Puppeteer,SOURCE_ERA,0,3,3,false,false,false,false,0,0,DESIGN_INTERPRETATION,current variant census; character-specific canon source required before production READY,Era/rank/title difference alone does not justify another collectible hero.
karin,form-karin-hebi-sensor,Hebi Sensor,SOURCE_ERA,5,6,6,true,false,false,false,68,0,DESIGN_INTERPRETATION,current variant census; current kit seed=medical,Base form of proposed hero karin-core.
karin,form-karin-taka-healer,Taka Healer,SOURCE_ERA,0,3,3,false,false,false,false,0,0,DESIGN_INTERPRETATION,current variant census; character-specific canon source required before production READY,Secondary label does not currently clear the standalone-hero threshold and is merged into the character's primary kit/presentation.
karui,form-karui-cloud-kunoichi,Cloud Kunoichi,SOURCE_ERA,5,6,6,true,false,false,false,68,0,DESIGN_INTERPRETATION,current variant census; current kit seed=swordsman,Base form of proposed hero karui-core.
karui,form-karui-war-arc,War Arc,SOURCE_ERA,0,3,3,false,false,false,false,0,0,DESIGN_INTERPRETATION,current variant census; character-specific canon source required before production READY,Era/rank/title difference alone does not justify another collectible hero.
katsuyu,form-katsuyu-hundred-healings-support,Hundred Healings Support,SOURCE_ERA,0,3,3,false,false,true,false,0,0,SOURCE_RESEARCH_REQUIRED,current variant census; character-specific canon source required before production READY,Summon-specific action/state belongs to technique presentation rather than another summonable unit.
katsuyu,form-katsuyu-slug-queen,Slug Queen,SOURCE_ERA,0,3,3,false,false,false,false,0,0,SOURCE_RESEARCH_REQUIRED,current variant census; character-specific canon source required before production READY,"Summon creature is retained as special independent combat content, not a normal ninja hero version."
kiba-inuzuka,form-kiba-inuzuka-chunin-exams,Chunin Exams,SOURCE_ERA,5,6,6,true,false,false,false,68,0,DESIGN_INTERPRETATION,current variant census; current kit seed=inuzuka,Base form of proposed hero kiba-inuzuka-core.
kiba-inuzuka,form-kiba-inuzuka-two-headed-wolf,Two-Headed Wolf,SOURCE_ERA,0,3,3,false,false,false,true,0,0,SOURCE_RESEARCH_REQUIRED,current variant census; character-specific canon source required before production READY,"Fusion/cooperation technique with Akamaru, not a solo persistent hero form."
kidomaru,form-kidomaru-curse-mark-level-2,Curse Mark Level 2,PART_I,10,10,10,true,false,false,false,0,88,MANGA_CANON,https://naruto.fandom.com/wiki/Cursed_Seal,Reserved exclusively as Awakening of kidomaru-base.
kidomaru,form-kidomaru-sound-four,Sound Four,PART_I,5,6,6,true,false,false,false,78,0,MANGA_CANON,https://naruto.fandom.com/wiki/Cursed_Seal,Base form of proposed hero kidomaru-base.
killer-b,form-killer-b-base,Base,SHIPPUDEN,5,6,6,true,false,false,false,93,0,MANGA_CANON,https://naruto.fandom.com/wiki/Jinch%C5%ABriki_Forms,Base form of proposed hero killer-b-base.
killer-b,form-killer-b-eight-tails-cloak,Eight-Tails Cloak,SHIPPUDEN,10,10,10,true,false,false,false,0,92,MANGA_CANON,https://naruto.fandom.com/wiki/Jinch%C5%ABriki_Forms,Reserved exclusively as Awakening of killer-b-base.
killer-b,form-killer-b-full-gyuki,Full Gyuki,SOURCE_ERA,0,3,3,false,true,false,false,0,0,SOURCE_RESEARCH_REQUIRED,current variant census; character-specific canon source required before production READY,"Full tailed-beast manifestation is Ultimate-scale, not another persistent hero."
kimimaro,form-kimimaro-base,Base,PART_I,5,6,6,true,false,false,false,88,0,MANGA_CANON,https://naruto.fandom.com/wiki/Kimimaro,Base form of proposed hero kimimaro-base.
kimimaro,form-kimimaro-curse-mark-level-2,Curse Mark Level 2,PART_I,10,10,10,true,false,false,false,0,94,MANGA_CANON,https://naruto.fandom.com/wiki/Kimimaro,Reserved exclusively as Awakening of kimimaro-base.
kimimaro,form-kimimaro-edo-tensei,Edo Tensei,SOURCE_ERA,0,3,3,false,false,false,false,0,0,DESIGN_INTERPRETATION,current variant census; character-specific canon source required before production READY,Reanimation is explicitly not treated as a normal Awakening.
kin-tsuchi,form-kin-tsuchi-bell-genjutsu,Bell Genjutsu,SOURCE_ERA,0,3,3,false,false,true,false,0,0,SOURCE_RESEARCH_REQUIRED,current variant census; character-specific canon source required before production READY,Label describes a technique/weapon action rather than a persistent hero form.
kin-tsuchi,form-kin-tsuchi-sound-genin,Sound Genin,SOURCE_ERA,5,6,6,true,false,false,false,68,0,DESIGN_INTERPRETATION,current variant census; current kit seed=sound,Base form of proposed hero kin-tsuchi-core.
kinkaku,form-kinkaku-gold-brother,Gold Brother,WAR_ERA,5,6,6,true,false,false,false,82,0,MANGA_CANON,https://naruto.fandom.com/wiki/Kinkaku,Base form of proposed hero kinkaku-base.
kinkaku,form-kinkaku-nine-tails-cloak,Nine-Tails Cloak,WAR_ERA,10,10,10,true,false,false,false,0,90,MANGA_CANON,https://naruto.fandom.com/wiki/Kinkaku,Reserved exclusively as Awakening of kinkaku-base.
kisame-hoshigaki,form-kisame-hoshigaki-akatsuki,Akatsuki,AKATSUKI,5,6,6,true,false,false,false,92,0,MANGA_CANON,https://naruto.fandom.com/wiki/Kisame_Hoshigaki,Base form of proposed hero kisame-akatsuki.
kisame-hoshigaki,form-kisame-hoshigaki-samehada-fusion,Samehada Fusion,AKATSUKI,10,10,10,true,false,false,false,0,95,MANGA_CANON,https://naruto.fandom.com/wiki/Kisame_Hoshigaki,Reserved exclusively as Awakening of kisame-akatsuki.
kitsuchi,form-kitsuchi-earth-commander,Earth Commander,SOURCE_ERA,5,6,6,true,false,false,false,68,0,DESIGN_INTERPRETATION,current variant census; current kit seed=earth,Base form of proposed hero kitsuchi-core.
kitsuchi,form-kitsuchi-mountain-jutsu,Mountain Jutsu,SOURCE_ERA,0,3,3,false,false,true,false,0,0,SOURCE_RESEARCH_REQUIRED,current variant census; character-specific canon source required before production READY,Label describes a technique/weapon action rather than a persistent hero form.
konan,form-konan-akatsuki,Akatsuki,AKATSUKI,5,6,6,true,false,false,false,86,0,MANGA_CANON,https://naruto.fandom.com/wiki/Konan,Base form of proposed hero konan-akatsuki.
konan,form-konan-paper-angel,Paper Angel,AKATSUKI,10,10,10,true,false,false,false,0,93,MANGA_CANON,https://naruto.fandom.com/wiki/Konan,Reserved exclusively as Awakening of konan-akatsuki.
konohamaru-sarutobi,form-konohamaru-sarutobi-academy-prodigy,Academy Prodigy,SOURCE_ERA,5,6,6,true,false,false,false,68,0,DESIGN_INTERPRETATION,current variant census; current kit seed=naruto,Base form of proposed hero konohamaru-sarutobi-core.
konohamaru-sarutobi,form-konohamaru-sarutobi-rasengan-disciple,Rasengan Disciple,SOURCE_ERA,0,3,3,false,false,false,false,0,0,DESIGN_INTERPRETATION,current variant census; character-specific canon source required before production READY,Era/rank/title difference alone does not justify another collectible hero.
kosuke-maruboshi,form-kosuke-maruboshi-eternal-genin,Eternal Genin,SOURCE_ERA,5,6,6,true,false,false,false,68,0,DESIGN_INTERPRETATION,current variant census; current kit seed=water,Base form of proposed hero kosuke-maruboshi-core.
kosuke-maruboshi,form-kosuke-maruboshi-water-style-veteran,Water Style Veteran,SOURCE_ERA,0,3,3,false,false,true,false,0,0,SOURCE_RESEARCH_REQUIRED,current variant census; character-specific canon source required before production READY,Label describes a technique/weapon action rather than a persistent hero form.
kotetsu-hagane,form-kotetsu-hagane-gate-guard,Gate Guard,SOURCE_ERA,5,6,6,true,false,false,false,68,0,DESIGN_INTERPRETATION,current variant census; current kit seed=swordsman,Base form of proposed hero kotetsu-hagane-core.
kotetsu-hagane,form-kotetsu-hagane-war-arc,War Arc,SOURCE_ERA,0,3,3,false,false,false,false,0,0,DESIGN_INTERPRETATION,current variant census; character-specific canon source required before production READY,Era/rank/title difference alone does not justify another collectible hero.
kurenai-yuhi,form-kurenai-yuhi-genjutsu-jonin,Genjutsu Jonin,SOURCE_ERA,5,6,6,true,false,false,false,68,0,DESIGN_INTERPRETATION,current variant census; current kit seed=genjutsu,Base form of proposed hero kurenai-yuhi-core.
kurenai-yuhi,form-kurenai-yuhi-team-8-leader,Team 8 Leader,SOURCE_ERA,0,3,3,false,false,false,false,0,0,DESIGN_INTERPRETATION,current variant census; character-specific canon source required before production READY,Era/rank/title difference alone does not justify another collectible hero.
kurotsuchi,form-kurotsuchi-base,Base,SHIPPUDEN,5,6,6,true,false,false,false,68,0,MANGA_CANON,https://naruto.fandom.com/wiki/Kurotsuchi;https://naruto.fandom.com/wiki/Lava_Release,Synthetic neutral form-pool entry representing the character themselves; not an additional legacy variant.
kurotsuchi,form-kurotsuchi-lava-release,Lava Release,SOURCE_ERA,5,6,6,false,false,true,false,0,0,MANGA_CANON,current variant census; current kit seed=earth,"Lava Release is a nature transformation used through Kurotsuchi's jutsu, not a separate form."
kurotsuchi,form-kurotsuchi-tsuchikage-guard,Tsuchikage Guard,SOURCE_ERA,0,3,3,false,false,false,false,0,0,DESIGN_INTERPRETATION,current variant census; character-specific canon source required before production READY,Era/rank/title difference alone does not justify another collectible hero.
kushimaru-kuriarare,form-kushimaru-kuriarare-nuibari-wielder,Nuibari Wielder,SOURCE_ERA,5,6,6,true,false,false,false,68,0,DESIGN_INTERPRETATION,current variant census; current kit seed=water,Base form of proposed hero kushimaru-kuriarare-core.
kushimaru-kuriarare,form-kushimaru-kuriarare-reanimated,Reanimated,SOURCE_ERA,0,3,3,false,false,false,false,0,0,DESIGN_INTERPRETATION,current variant census; character-specific canon source required before production READY,Reanimation is explicitly not treated as a normal Awakening.
mabui,form-mabui-heavenly-transfer,Heavenly Transfer,SOURCE_ERA,0,3,3,false,false,true,false,0,0,SOURCE_RESEARCH_REQUIRED,current variant census; character-specific canon source required before production READY,Label describes a technique/weapon action rather than a persistent hero form.
mabui,form-mabui-raikage-secretary,Raikage Secretary,SOURCE_ERA,5,6,6,true,false,false,false,68,0,DESIGN_INTERPRETATION,current variant census; current kit seed=storm,Base form of proposed hero mabui-core.
madara-uchiha,form-madara-uchiha-edo-tensei,Edo Tensei,SOURCE_ERA,0,3,3,false,false,false,false,0,0,DESIGN_INTERPRETATION,current variant census; character-specific canon source required before production READY,Edo is not an Awakening; Rinnegan combat identity is represented directly.
madara-uchiha,form-madara-uchiha-eternal-mangekyo,Eternal Mangekyo,WARRING_STATES,5,6,6,true,false,false,false,96,0,MANGA_CANON,https://naruto.fandom.com/wiki/Madara_Uchiha,Base form of proposed hero madara-ems.
madara-uchiha,form-madara-uchiha-rinnegan,Rinnegan,WAR_ARC,5,6,6,true,false,false,false,99,0,MANGA_CANON,https://naruto.fandom.com/wiki/Madara_Uchiha,Base form of proposed hero madara-rinnegan.
madara-uchiha,form-madara-uchiha-six-paths,Six Paths,SOURCE_ERA,0,3,3,false,false,false,false,0,0,DESIGN_INTERPRETATION,current variant census; character-specific canon source required before production READY,Ten-Tails jinchuriki row already represents the persistent Six Paths transformation.
madara-uchiha,form-madara-uchiha-ten-tails-jinchuriki,Ten-Tails Jinchuriki,WAR_ARC,10,10,10,true,false,false,false,0,98,MANGA_CANON,https://naruto.fandom.com/wiki/Madara_Uchiha,Reserved exclusively as Awakening of madara-rinnegan.
madara-uchiha,form-madara-uchiha-warring-states,Warring States,SOURCE_ERA,0,3,3,false,false,false,false,0,0,DESIGN_INTERPRETATION,current variant census; character-specific canon source required before production READY,Era appearance around the EMS identity.
mahiru,form-mahiru-shadow-clone,Shadow Clone,SOURCE_ERA,0,3,3,false,false,true,false,0,0,SOURCE_RESEARCH_REQUIRED,current variant census; character-specific canon source required before production READY,Label describes a technique/weapon action rather than a persistent hero form.
mahiru,form-mahiru-stone-jonin,Stone Jonin,SOURCE_ERA,5,6,6,true,false,false,false,68,0,DESIGN_INTERPRETATION,current variant census; current kit seed=earth,Base form of proposed hero mahiru-core.
maki,form-maki-sealing-corps,Sealing Corps,SOURCE_ERA,5,6,6,true,false,false,false,68,0,DESIGN_INTERPRETATION,current variant census; current kit seed=wind,Base form of proposed hero maki-core.
maki,form-maki-war-arc,War Arc,SOURCE_ERA,0,3,3,false,false,false,false,0,0,DESIGN_INTERPRETATION,current variant census; character-specific canon source required before production READY,Era/rank/title difference alone does not justify another collectible hero.
manda,form-manda-great-snake,Great Snake,SOURCE_ERA,0,3,3,false,false,false,false,0,0,SOURCE_RESEARCH_REQUIRED,current variant census; character-specific canon source required before production READY,"Summon creature is retained as special independent combat content, not a normal ninja hero version."
manda,form-manda-orochimaru-summon,Orochimaru Summon,SOURCE_ERA,0,3,3,false,false,true,false,0,0,SOURCE_RESEARCH_REQUIRED,current variant census; character-specific canon source required before production READY,Summon-specific action/state belongs to technique presentation rather than another summonable unit.
mangetsu-hozuki,form-mangetsu-hozuki-reanimated,Reanimated,SOURCE_ERA,0,3,3,false,false,false,false,0,0,DESIGN_INTERPRETATION,current variant census; character-specific canon source required before production READY,Reanimation is explicitly not treated as a normal Awakening.
mangetsu-hozuki,form-mangetsu-hozuki-seven-swordsman,Seven Swordsman,SOURCE_ERA,5,6,6,true,false,false,false,68,0,DESIGN_INTERPRETATION,current variant census; current kit seed=water,Base form of proposed hero mangetsu-hozuki-core.
matsuri,form-matsuri-gaara-disciple,Gaara Disciple,SOURCE_ERA,5,6,6,true,false,false,false,68,0,DESIGN_INTERPRETATION,current variant census; current kit seed=wind,Base form of proposed hero matsuri-core.
matsuri,form-matsuri-sand-chunin,Sand Chunin,SOURCE_ERA,0,3,3,false,false,false,false,0,0,DESIGN_INTERPRETATION,current variant census; character-specific canon source required before production READY,Era/rank/title difference alone does not justify another collectible hero.
meizu,form-meizu-chain-gauntlet,Chain Gauntlet,SOURCE_ERA,0,3,3,false,false,true,false,0,0,SOURCE_RESEARCH_REQUIRED,current variant census; character-specific canon source required before production READY,Label describes a technique/weapon action rather than a persistent hero form.
meizu,form-meizu-demon-brothers,Demon Brothers,SOURCE_ERA,5,6,6,true,false,false,false,68,0,DESIGN_INTERPRETATION,current variant census; current kit seed=swordsman,Base form of proposed hero meizu-core.
menma-uzumaki,form-menma-uzumaki-masked-menma,Masked Menma,MOVIE_ORIGINAL,5,6,6,true,false,false,false,78,0,OFFICIAL_MOVIE,https://naruto.fandom.com/wiki/Menma_Uzumaki,Base form of proposed hero menma-base.
menma-uzumaki,form-menma-uzumaki-nine-tails-menma,Nine-Tails Menma,MOVIE_ORIGINAL,10,10,10,true,false,false,false,0,90,OFFICIAL_MOVIE,https://naruto.fandom.com/wiki/Menma_Uzumaki,Reserved exclusively as Awakening of menma-base.
midare,form-midare-rain-genin,Rain Genin,SOURCE_ERA,5,6,6,true,false,false,false,68,0,DESIGN_INTERPRETATION,current variant census; current kit seed=water,Base form of proposed hero midare-core.
midare,form-midare-umbrella-barrage,Umbrella Barrage,SOURCE_ERA,0,3,3,false,false,true,false,0,0,SOURCE_RESEARCH_REQUIRED,current variant census; character-specific canon source required before production READY,Label describes a technique/weapon action rather than a persistent hero form.
mifune,form-mifune-iaido-master,Iaido Master,SOURCE_ERA,0,3,3,false,false,false,false,0,0,DESIGN_INTERPRETATION,current variant census; character-specific canon source required before production READY,Secondary label does not currently clear the standalone-hero threshold and is merged into the character's primary kit/presentation.
mifune,form-mifune-samurai-general,Samurai General,SOURCE_ERA,5,6,6,true,false,false,false,68,0,DESIGN_INTERPRETATION,current variant census; current kit seed=samurai,Base form of proposed hero mifune-core.
might-duy,form-might-duy-eight-gates,Eight Gates,PRE_SERIES,10,10,10,true,false,false,false,0,90,MANGA_CANON,https://naruto.fandom.com/wiki/Eight_Gates,Reserved exclusively as Awakening of might-duy-base.
might-duy,form-might-duy-eternal-genin,Eternal Genin,PRE_SERIES,5,6,6,true,false,false,false,74,0,MANGA_CANON,https://naruto.fandom.com/wiki/Eight_Gates,Base form of proposed hero might-duy-base.
might-guy,form-might-guy-base,Base,SHIPPUDEN,5,6,6,true,false,false,false,93,0,MANGA_CANON,https://naruto.fandom.com/wiki/Eight_Gates,Base form of proposed hero might-guy-base.
might-guy,form-might-guy-eighth-gate,Eighth Gate,SHIPPUDEN,10,10,10,true,false,false,false,0,98,MANGA_CANON,https://naruto.fandom.com/wiki/Eight_Gates,Reserved exclusively as Awakening of might-guy-base.
might-guy,form-might-guy-seventh-gate,Seventh Gate,SOURCE_ERA,0,3,3,false,true,false,false,0,0,SOURCE_RESEARCH_REQUIRED,current variant census; character-specific canon source required before production READY,Lower Gate reserved for skill/passive state.
might-guy,form-might-guy-sixth-gate,Sixth Gate,SOURCE_ERA,0,3,3,false,true,false,false,0,0,SOURCE_RESEARCH_REQUIRED,current variant census; character-specific canon source required before production READY,Lower Gate reserved for skill/passive state.
minato-namikaze,form-minato-namikaze-edo-tensei,Edo Tensei,WAR_ARC,5,6,6,true,false,false,false,90,0,MANGA_CANON,https://naruto.fandom.com/wiki/Minato_Namikaze,Base form of proposed hero minato-edo.
minato-namikaze,form-minato-namikaze-fourth-hokage,Fourth Hokage,SOURCE_ERA,0,3,3,false,false,false,false,0,0,DESIGN_INTERPRETATION,current variant census; character-specific canon source required before production READY,Rank/title does not by itself create a new combat form.
minato-namikaze,form-minato-namikaze-jonin,Jonin,KANNABI,5,6,6,true,false,false,false,85,0,MANGA_CANON,https://naruto.fandom.com/wiki/Minato_Namikaze,Base form of proposed hero minato-jonin.
minato-namikaze,form-minato-namikaze-kcm,KCM,WAR_ARC,10,10,10,true,false,false,false,0,91,MANGA_CANON,https://naruto.fandom.com/wiki/Minato_Namikaze,Reserved exclusively as Awakening of minato-edo.
misumi-tsurugi,form-misumi-tsurugi-base,Base,SHIPPUDEN,5,6,6,true,false,false,false,68,0,MANGA_CANON,https://naruto.fandom.com/wiki/Misumi_Tsurugi,Synthetic neutral form-pool entry representing the character themselves; not an additional legacy variant.
misumi-tsurugi,form-misumi-tsurugi-kabuto-squad,Kabuto Squad,SOURCE_ERA,0,3,3,false,false,false,false,0,0,DESIGN_INTERPRETATION,current variant census; character-specific canon source required before production READY,Era/rank/title difference alone does not justify another collectible hero.
misumi-tsurugi,form-misumi-tsurugi-soft-physique,Soft Physique,SOURCE_ERA,5,6,6,false,false,true,false,0,0,MANGA_CANON,current variant census; current kit seed=sound,"Soft Physique Modification is Misumi's combat technique/body ability, not an Awakening or collectible form."
mito-uzumaki,form-mito-uzumaki-first-jinchuriki,First Jinchuriki,SOURCE_ERA,5,6,6,true,false,false,false,68,0,DESIGN_INTERPRETATION,current variant census; current kit seed=jinchuriki,Base form of proposed hero mito-uzumaki-core.
mito-uzumaki,form-mito-uzumaki-uzumaki-seal-master,Uzumaki Seal Master,SOURCE_ERA,0,3,3,false,false,false,false,0,0,DESIGN_INTERPRETATION,current variant census; character-specific canon source required before production READY,Secondary label does not currently clear the standalone-hero threshold and is merged into the character's primary kit/presentation.
mizuki,form-mizuki-academy-instructor,Academy Instructor,SOURCE_ERA,5,6,6,true,false,false,false,72,0,DESIGN_INTERPRETATION,current variant census; current kit seed=taijutsu,Base form of proposed hero mizuki-core.
mizuki,form-mizuki-cursed-power,Cursed Power,SOURCE_ERA,10,10,10,true,false,false,false,0,76,DESIGN_INTERPRETATION,current variant census; current kit seed=taijutsu,Reserved exclusively as Awakening of mizuki-core.
moegi-kazamatsuri,form-moegi-kazamatsuri-academy-squad,Academy Squad,SOURCE_ERA,5,6,6,true,false,false,false,68,0,DESIGN_INTERPRETATION,current variant census; current kit seed=earth,Base form of proposed hero moegi-kazamatsuri-core.
moegi-kazamatsuri,form-moegi-kazamatsuri-chunin-leader,Chunin Leader,SOURCE_ERA,0,3,3,false,false,false,false,0,0,DESIGN_INTERPRETATION,current variant census; character-specific canon source required before production READY,Era/rank/title difference alone does not justify another collectible hero.
motoi,form-motoi-cloud-jonin,Cloud Jonin,SOURCE_ERA,5,6,6,true,false,false,false,68,0,DESIGN_INTERPRETATION,current variant census; current kit seed=jinchuriki,Base form of proposed hero motoi-core.
motoi,form-motoi-jinchuriki-handler,Jinchuriki Handler,SOURCE_ERA,0,3,3,false,false,false,false,0,0,DESIGN_INTERPRETATION,current variant census; character-specific canon source required before production READY,Secondary label does not currently clear the standalone-hero threshold and is merged into the character's primary kit/presentation.
mu,form-mu-edo-tensei,Edo Tensei,SOURCE_ERA,0,3,3,false,false,false,false,0,0,DESIGN_INTERPRETATION,current variant census; character-specific canon source required before production READY,Reanimation is explicitly not treated as a normal Awakening.
mu,form-mu-second-tsuchikage,Second Tsuchikage,SOURCE_ERA,5,6,6,true,false,false,false,68,0,DESIGN_INTERPRETATION,current variant census; current kit seed=particle,Base form of proposed hero mu-core.
mubi,form-mubi-earth-ambush,Earth Ambush,SOURCE_ERA,0,3,3,false,false,true,false,0,0,SOURCE_RESEARCH_REQUIRED,current variant census; character-specific canon source required before production READY,Label describes a technique/weapon action rather than a persistent hero form.
mubi,form-mubi-rain-genin,Rain Genin,SOURCE_ERA,5,6,6,true,false,false,false,68,0,DESIGN_INTERPRETATION,current variant census; current kit seed=water,Base form of proposed hero mubi-core.
mukade,form-mukade-ryumyaku-empowered,Ryumyaku Empowered,MOVIE_ORIGINAL,10,10,10,true,false,false,false,0,82,OFFICIAL_MOVIE,https://naruto.fandom.com/wiki/Mukade,Reserved exclusively as Awakening of mukade-base.
mukade,form-mukade-suna-missing-nin,Suna Missing Nin,MOVIE_ORIGINAL,5,6,6,true,false,false,false,70,0,OFFICIAL_MOVIE,https://naruto.fandom.com/wiki/Mukade,Base form of proposed hero mukade-base.
nagato,form-nagato-edo-tensei,Edo Tensei,SOURCE_ERA,0,3,3,false,false,false,false,0,0,DESIGN_INTERPRETATION,current variant census; character-specific canon source required before production READY,Reanimation is not a normal Awakening.
nagato,form-nagato-pain-controller,Pain Controller,SOURCE_ERA,0,3,3,false,false,false,false,0,0,DESIGN_INTERPRETATION,current variant census; character-specific canon source required before production READY,Secondary label does not currently clear the standalone-hero threshold and is merged into the character's primary kit/presentation.
nagato,form-nagato-young,Young,SOURCE_ERA,5,6,6,true,false,false,false,68,0,DESIGN_INTERPRETATION,current variant census; current kit seed=rinnegan,Base form of proposed hero nagato-core.
naruto-uzumaki,form-naruto-uzumaki-academy,Academy,SOURCE_ERA,0,3,3,false,false,false,false,0,0,DESIGN_INTERPRETATION,current variant census; character-specific canon source required before production READY,Early appearance; insufficient standalone combat identity.
naruto-uzumaki,form-naruto-uzumaki-asura-kurama-mode,Asura Kurama Mode,WAR_ARC,10,10,10,true,false,false,false,0,96,MANGA_CANON,https://naruto.fandom.com/wiki/Naruto_Uzumaki,Reserved exclusively for naruto-six-paths Awakening.
naruto-uzumaki,form-naruto-uzumaki-baryon-mode,Baryon Mode,ADULT,10,10,10,true,false,false,false,0,88,MANGA_CANON,https://naruto.fandom.com/wiki/Naruto_Uzumaki,Reserved exclusively for naruto-hokage Awakening.
naruto-uzumaki,form-naruto-uzumaki-bijuu-mode,Bijuu Mode,SOURCE_ERA,0,3,3,false,true,false,false,0,0,SOURCE_RESEARCH_REQUIRED,current variant census; character-specific canon source required before production READY,Large avatar manifestation is better used by Ultimate/Awakening skill presentation.
naruto-uzumaki,form-naruto-uzumaki-four-tails-cloak,Four-Tails Cloak,SOURCE_ERA,0,3,3,false,true,false,false,0,0,SOURCE_RESEARCH_REQUIRED,current variant census; character-specific canon source required before production READY,Berserk temporary state; not a second persistent Awakening.
naruto-uzumaki,form-naruto-uzumaki-genin,Genin,PART_I,5,6,6,true,false,false,false,88,0,MANGA_CANON,https://naruto.fandom.com/wiki/Naruto_Uzumaki,Base form of proposed hero naruto-genin.
naruto-uzumaki,form-naruto-uzumaki-hokage,Hokage,ADULT,5,6,6,true,false,false,false,92,0,MANGA_CANON,https://naruto.fandom.com/wiki/Naruto_Uzumaki,Base form of proposed hero naruto-hokage.
naruto-uzumaki,form-naruto-uzumaki-kcm1,KCM1,SOURCE_ERA,0,3,3,false,true,false,false,0,0,SOURCE_RESEARCH_REQUIRED,current variant census; character-specific canon source required before production READY,Intermediate Kurama state reserved inside Sage-era progression/skill visuals.
naruto-uzumaki,form-naruto-uzumaki-kcm2,KCM2,SHIPPUDEN,10,10,10,true,false,false,false,0,92,MANGA_CANON,https://naruto.fandom.com/wiki/Naruto_Uzumaki;https://naruto.fandom.com/wiki/Sage_Mode,Reserved exclusively as Awakening of naruto-sage.
naruto-uzumaki,form-naruto-uzumaki-one-tail-cloak,One-Tail Cloak,PART_I,10,10,10,true,false,false,false,0,91,MANGA_CANON,https://naruto.fandom.com/wiki/Naruto_Uzumaki,Reserved exclusively as Awakening of naruto-genin.
naruto-uzumaki,form-naruto-uzumaki-sage-mode,Sage Mode,SHIPPUDEN,5,6,6,true,false,false,false,94,0,MANGA_CANON,https://naruto.fandom.com/wiki/Naruto_Uzumaki;https://naruto.fandom.com/wiki/Sage_Mode,Base form of proposed hero naruto-sage.
naruto-uzumaki,form-naruto-uzumaki-six-paths-sage-mode,Six Paths Sage Mode,WAR_ARC,5,6,6,true,false,false,false,98,0,MANGA_CANON,https://naruto.fandom.com/wiki/Naruto_Uzumaki,Base form of proposed hero naruto-six-paths.
neji-hyuga,form-neji-hyuga-genin,Genin,SOURCE_ERA,5,6,6,true,false,false,false,68,0,DESIGN_INTERPRETATION,current variant census; current kit seed=hyuga,Base form of proposed hero neji-hyuga-core.
neji-hyuga,form-neji-hyuga-shippuden,Shippuden,SOURCE_ERA,0,3,3,false,false,false,false,0,0,DESIGN_INTERPRETATION,current variant census; character-specific canon source required before production READY,Secondary label does not currently clear the standalone-hero threshold and is merged into the character's primary kit/presentation.
nono-yakushi,form-nono-yakushi-orphanage-director,Orphanage Director,SOURCE_ERA,5,6,6,true,false,false,false,68,0,DESIGN_INTERPRETATION,current variant census; current kit seed=medical,Base form of proposed hero nono-yakushi-core.
nono-yakushi,form-nono-yakushi-root-spy,Root Spy,SOURCE_ERA,0,3,3,false,false,false,false,0,0,DESIGN_INTERPRETATION,current variant census; character-specific canon source required before production READY,Era/rank/title difference alone does not justify another collectible hero.
obito-uchiha,form-obito-uchiha-mangekyo,Mangekyo,KANNABI,10,10,10,true,false,false,false,0,87,MANGA_CANON,https://naruto.fandom.com/wiki/Obito_Uchiha,Reserved exclusively as Awakening of obito-young.
obito-uchiha,form-obito-uchiha-masked-man,Masked Man,MASKED_MAN,5,6,6,true,false,false,false,92,0,MANGA_CANON,https://naruto.fandom.com/wiki/Obito_Uchiha,Base form of proposed hero obito-masked.
obito-uchiha,form-obito-uchiha-ten-tails-jinchuriki,Ten-Tails Jinchuriki,WAR_ARC,10,10,10,true,false,false,false,0,98,MANGA_CANON,https://naruto.fandom.com/wiki/Obito_Uchiha,Reserved exclusively as Awakening of obito-white-mask.
obito-uchiha,form-obito-uchiha-tobi,Tobi,SOURCE_ERA,0,3,3,false,false,false,false,0,0,DESIGN_INTERPRETATION,current variant census; character-specific canon source required before production READY,"Alias/costume presentation of the masked identity, not a separate kit."
obito-uchiha,form-obito-uchiha-white-mask,White Mask,WAR_ARC,5,6,6,true,false,false,false,96,0,MANGA_CANON,https://naruto.fandom.com/wiki/Obito_Uchiha,Base form of proposed hero obito-white-mask.
obito-uchiha,form-obito-uchiha-young,Young,KANNABI,5,6,6,true,false,false,false,79,0,MANGA_CANON,https://naruto.fandom.com/wiki/Obito_Uchiha,Base form of proposed hero obito-young.
oboro,form-oboro-clone-ambush,Clone Ambush,SOURCE_ERA,0,3,3,false,false,true,false,0,0,SOURCE_RESEARCH_REQUIRED,current variant census; character-specific canon source required before production READY,Label describes a technique/weapon action rather than a persistent hero form.
oboro,form-oboro-rain-genin,Rain Genin,SOURCE_ERA,5,6,6,true,false,false,false,68,0,DESIGN_INTERPRETATION,current variant census; current kit seed=water,Base form of proposed hero oboro-core.
okisuke,form-okisuke-samurai-captain,Samurai Captain,SOURCE_ERA,5,6,6,true,false,false,false,68,0,DESIGN_INTERPRETATION,current variant census; current kit seed=samurai,Base form of proposed hero okisuke-core.
okisuke,form-okisuke-war-arc,War Arc,SOURCE_ERA,0,3,3,false,false,false,false,0,0,DESIGN_INTERPRETATION,current variant census; character-specific canon source required before production READY,Era/rank/title difference alone does not justify another collectible hero.
omoi,form-omoi-cloud-swordsman,Cloud Swordsman,SOURCE_ERA,5,6,6,true,false,false,false,68,0,DESIGN_INTERPRETATION,current variant census; current kit seed=swordsman,Base form of proposed hero omoi-core.
omoi,form-omoi-war-arc,War Arc,SOURCE_ERA,0,3,3,false,false,false,false,0,0,DESIGN_INTERPRETATION,current variant census; character-specific canon source required before production READY,Era/rank/title difference alone does not justify another collectible hero.
onoki,form-onoki-particle-style,Particle Style,SOURCE_ERA,0,3,3,false,false,true,false,0,0,SOURCE_RESEARCH_REQUIRED,current variant census; character-specific canon source required before production READY,Label describes a technique/weapon action rather than a persistent hero form.
onoki,form-onoki-tsuchikage,Tsuchikage,SOURCE_ERA,5,6,6,true,false,false,false,68,0,DESIGN_INTERPRETATION,current variant census; current kit seed=particle,Base form of proposed hero onoki-core.
orochimaru,form-orochimaru-akatsuki-era,Akatsuki Era,SOURCE_ERA,0,3,3,false,false,false,false,0,0,DESIGN_INTERPRETATION,current variant census; character-specific canon source required before production READY,Era/costume variation.
orochimaru,form-orochimaru-sannin,Sannin,SANNIN,5,6,6,true,false,false,false,94,0,MANGA_CANON,https://naruto.fandom.com/wiki/Orochimaru,Base form of proposed hero orochimaru-sannin.
orochimaru,form-orochimaru-shippuden,Shippuden,SOURCE_ERA,0,3,3,false,false,false,false,0,0,DESIGN_INTERPRETATION,current variant census; character-specific canon source required before production READY,Era label of Sannin identity.
orochimaru,form-orochimaru-white-snake,White Snake,SANNIN,10,10,10,true,false,false,false,0,88,MANGA_CANON,https://naruto.fandom.com/wiki/Orochimaru,Reserved exclusively as Awakening of orochimaru-sannin.
pakura,form-pakura-base,Base,SHIPPUDEN,5,6,6,true,false,false,false,68,0,MANGA_CANON,https://naruto.fandom.com/wiki/Pakura;https://naruto.fandom.com/wiki/Scorch_Release,Synthetic neutral form-pool entry representing the character themselves; not an additional legacy variant.
pakura,form-pakura-reanimated,Reanimated,SOURCE_ERA,0,3,3,false,false,false,false,0,0,DESIGN_INTERPRETATION,current variant census; character-specific canon source required before production READY,Reanimation is explicitly not treated as a normal Awakening.
pakura,form-pakura-scorch-release,Scorch Release,SOURCE_ERA,5,6,6,false,false,true,false,0,0,MANGA_CANON,current variant census; current kit seed=wind,Scorch Release is Pakura's kekkei genkai/nature transformation and should define her kit rather than become her body/form identity.
raido-namiashi,form-raido-namiashi-fourth-hokage-guard,Fourth Hokage Guard,SOURCE_ERA,0,3,3,false,false,false,false,0,0,DESIGN_INTERPRETATION,current variant census; character-specific canon source required before production READY,Era/rank/title difference alone does not justify another collectible hero.
raido-namiashi,form-raido-namiashi-special-jonin,Special Jonin,SOURCE_ERA,5,6,6,true,false,false,false,68,0,DESIGN_INTERPRETATION,current variant census; current kit seed=swordsman,Base form of proposed hero raido-namiashi-core.
raiga-kurosuki,form-raiga-kurosuki-kiba-wielder,Kiba Wielder,SOURCE_ERA,5,6,6,true,false,false,false,68,0,DESIGN_INTERPRETATION,current variant census; current kit seed=storm,Base form of proposed hero raiga-kurosuki-core.
raiga-kurosuki,form-raiga-kurosuki-lightning-burial,Lightning Burial,SOURCE_ERA,0,3,3,false,false,true,false,0,0,SOURCE_RESEARCH_REQUIRED,current variant census; character-specific canon source required before production READY,Label describes a technique/weapon action rather than a persistent hero form.
rasa,form-rasa-edo-tensei,Edo Tensei,SOURCE_ERA,0,3,3,false,false,false,false,0,0,DESIGN_INTERPRETATION,current variant census; character-specific canon source required before production READY,Reanimation is explicitly not treated as a normal Awakening.
rasa,form-rasa-fourth-kazekage,Fourth Kazekage,SOURCE_ERA,5,6,6,true,false,false,false,68,0,DESIGN_INTERPRETATION,current variant census; current kit seed=gaara,Base form of proposed hero rasa-core.
rin-nohara,form-rin-nohara-team-minato,Team Minato,SOURCE_ERA,5,6,6,true,false,false,false,68,0,DESIGN_INTERPRETATION,current variant census; current kit seed=medical,Base form of proposed hero rin-nohara-core.
rin-nohara,form-rin-nohara-three-tails-vessel,Three-Tails Vessel,SOURCE_ERA,0,3,3,false,true,false,false,0,0,SOURCE_RESEARCH_REQUIRED,current variant census; character-specific canon source required before production READY,Rin was a vessel; no controlled persistent combat transformation is fabricated.
rock-lee,form-rock-lee-fifth-gate,Fifth Gate,PART_I,10,10,10,true,false,false,false,0,91,MANGA_CANON,https://naruto.fandom.com/wiki/Eight_Gates,Reserved exclusively as Awakening of rock-lee-genin.
rock-lee,form-rock-lee-genin,Genin,PART_I,5,6,6,true,false,false,false,84,0,MANGA_CANON,https://naruto.fandom.com/wiki/Eight_Gates,Base form of proposed hero rock-lee-genin.
rock-lee,form-rock-lee-shippuden,Shippuden,SHIPPUDEN,5,6,6,true,false,false,false,82,0,MANGA_CANON,https://naruto.fandom.com/wiki/Eight_Gates,Base form of proposed hero rock-lee-shippuden.
rock-lee,form-rock-lee-sixth-gate,Sixth Gate,SHIPPUDEN,10,10,10,true,false,false,false,0,88,MANGA_CANON,https://naruto.fandom.com/wiki/Eight_Gates,Reserved exclusively as Awakening of rock-lee-shippuden.
roshi,form-roshi-base,Base,SHIPPUDEN,5,6,6,true,false,false,false,80,0,MANGA_CANON,https://naruto.fandom.com/wiki/Jinch%C5%ABriki_Forms,Base form of proposed hero roshi-base.
roshi,form-roshi-four-tails-cloak,Four-Tails Cloak,SHIPPUDEN,10,10,10,true,false,false,false,0,86,MANGA_CANON,https://naruto.fandom.com/wiki/Jinch%C5%ABriki_Forms,Reserved exclusively as Awakening of roshi-base.
sai,form-sai-root-operative,Root Operative,SOURCE_ERA,5,6,6,true,false,false,false,68,0,DESIGN_INTERPRETATION,current variant census; current kit seed=genjutsu,Base form of proposed hero sai-core.
sai,form-sai-team-7,Team 7,SOURCE_ERA,0,3,3,false,false,false,false,0,0,DESIGN_INTERPRETATION,current variant census; character-specific canon source required before production READY,Era/rank/title difference alone does not justify another collectible hero.
sakon,form-sakon-curse-mark-level-2,Curse Mark Level 2,PART_I,10,10,10,true,false,false,false,0,87,MANGA_CANON,https://naruto.fandom.com/wiki/Cursed_Seal,Reserved exclusively as Awakening of sakon-base.
sakon,form-sakon-sound-four,Sound Four,PART_I,5,6,6,true,false,false,false,77,0,MANGA_CANON,https://naruto.fandom.com/wiki/Cursed_Seal,Base form of proposed hero sakon-base.
sakumo-hatake,form-sakumo-hatake-prime,Prime,SOURCE_ERA,0,3,3,false,false,false,false,0,0,DESIGN_INTERPRETATION,current variant census; character-specific canon source required before production READY,Era/rank/title difference alone does not justify another collectible hero.
sakumo-hatake,form-sakumo-hatake-white-fang,White Fang,SOURCE_ERA,5,6,6,true,false,false,false,68,0,DESIGN_INTERPRETATION,current variant census; current kit seed=swordsman,Base form of proposed hero sakumo-hatake-core.
sakura-haruno,form-sakura-haruno-byakugo,Byakugo,SHIPPUDEN,10,10,10,true,false,false,false,0,96,MANGA_CANON,https://naruto.fandom.com/wiki/Sakura_Haruno,Reserved exclusively as Awakening of sakura-shippuden.
sakura-haruno,form-sakura-haruno-genin,Genin,PART_I,5,6,6,true,false,false,false,68,0,MANGA_CANON,https://naruto.fandom.com/wiki/Sakura_Haruno,Base form of proposed hero sakura-genin.
sakura-haruno,form-sakura-haruno-shippuden,Shippuden,SHIPPUDEN,5,6,6,true,false,false,false,91,0,MANGA_CANON,https://naruto.fandom.com/wiki/Sakura_Haruno,Base form of proposed hero sakura-shippuden.
samui,form-samui-cloud-jonin,Cloud Jonin,SOURCE_ERA,5,6,6,true,false,false,false,68,0,DESIGN_INTERPRETATION,current variant census; current kit seed=swordsman,Base form of proposed hero samui-core.
samui,form-samui-war-arc,War Arc,SOURCE_ERA,0,3,3,false,false,false,false,0,0,DESIGN_INTERPRETATION,current variant census; character-specific canon source required before production READY,Era/rank/title difference alone does not justify another collectible hero.
sari,form-sari-kazekage-guard,Kazekage Guard,SOURCE_ERA,0,3,3,false,false,false,false,0,0,DESIGN_INTERPRETATION,current variant census; character-specific canon source required before production READY,Era/rank/title difference alone does not justify another collectible hero.
sari,form-sari-sand-kunoichi,Sand Kunoichi,SOURCE_ERA,5,6,6,true,false,false,false,68,0,DESIGN_INTERPRETATION,current variant census; current kit seed=wind,Base form of proposed hero sari-core.
sasori,form-sasori-edo-tensei,Edo Tensei,SOURCE_ERA,0,3,3,false,false,false,false,0,0,DESIGN_INTERPRETATION,current variant census; character-specific canon source required before production READY,Reanimation skin/state.
sasori,form-sasori-hiruko-puppet,Hiruko Puppet,AKATSUKI,5,6,6,true,false,false,false,90,0,MANGA_CANON,https://naruto.fandom.com/wiki/Sasori,Base form of proposed hero sasori-hiruko.
sasori,form-sasori-hundred-puppets,Hundred Puppets,SOURCE_ERA,0,3,3,false,false,true,false,0,0,SOURCE_RESEARCH_REQUIRED,current variant census; character-specific canon source required before production READY,Technique/army manifestation rather than persistent form.
sasori,form-sasori-true-body,True Body,AKATSUKI,10,10,10,true,false,false,false,0,96,MANGA_CANON,https://naruto.fandom.com/wiki/Sasori,Reserved exclusively as Awakening of sasori-hiruko.
sasuke-uchiha,form-sasuke-uchiha-adult,Adult,ADULT,5,6,6,true,false,false,false,90,0,MANGA_CANON,https://naruto.fandom.com/wiki/Sasuke_Uchiha,Base form of proposed hero sasuke-adult.
sasuke-uchiha,form-sasuke-uchiha-curse-mark-level-2,Curse Mark Level 2,PART_I,10,10,10,true,false,false,false,0,91,MANGA_CANON,https://naruto.fandom.com/wiki/Sasuke_Uchiha,Reserved exclusively as Awakening of sasuke-genin.
sasuke-uchiha,form-sasuke-uchiha-eternal-mangekyo-sharingan,Eternal Mangekyo Sharingan,WAR_ARC,5,6,6,true,false,false,false,98,0,MANGA_CANON,https://naruto.fandom.com/wiki/Sasuke_Uchiha;https://naruto.fandom.com/wiki/Rinnegan,Base form of proposed hero sasuke-ems.
sasuke-uchiha,form-sasuke-uchiha-genin,Genin,PART_I,5,6,6,true,false,false,false,88,0,MANGA_CANON,https://naruto.fandom.com/wiki/Sasuke_Uchiha,Base form of proposed hero sasuke-genin.
sasuke-uchiha,form-sasuke-uchiha-hebi,Hebi,HEBI_TAKA,5,6,6,true,false,false,false,95,0,MANGA_CANON,https://naruto.fandom.com/wiki/Sasuke_Uchiha,Base form of proposed hero sasuke-hebi.
sasuke-uchiha,form-sasuke-uchiha-mangekyo-sharingan,Mangekyo Sharingan,HEBI_TAKA,10,10,10,true,false,false,false,0,90,MANGA_CANON,https://naruto.fandom.com/wiki/Sasuke_Uchiha,Reserved exclusively as Awakening of sasuke-hebi.
sasuke-uchiha,form-sasuke-uchiha-rinnegan,Rinnegan,WAR_ARC,10,10,10,true,false,false,false,0,95,MANGA_CANON,https://naruto.fandom.com/wiki/Sasuke_Uchiha;https://naruto.fandom.com/wiki/Rinnegan,Reserved exclusively as Awakening of sasuke-ems.
sasuke-uchiha,form-sasuke-uchiha-six-paths,Six Paths,SOURCE_ERA,0,3,3,false,false,false,false,0,0,DESIGN_INTERPRETATION,current variant census; character-specific canon source required before production READY,"Six Paths power is represented by the Rinnegan hero/Awakening identity, not a duplicate summonable form."
second-raikage,form-second-raikage-prime,Prime,SOURCE_ERA,0,3,3,false,false,false,false,0,0,DESIGN_INTERPRETATION,current variant census; character-specific canon source required before production READY,Era/rank/title difference alone does not justify another collectible hero.
second-raikage,form-second-raikage-second-raikage,Second Raikage,SOURCE_ERA,5,6,6,true,false,false,false,68,0,DESIGN_INTERPRETATION,current variant census; current kit seed=raikage,Base form of proposed hero second-raikage-core.
shigure,form-shigure-rain-genin,Rain Genin,SOURCE_ERA,5,6,6,true,false,false,false,68,0,DESIGN_INTERPRETATION,current variant census; current kit seed=water,Base form of proposed hero shigure-core.
shigure,form-shigure-umbrella-needles,Umbrella Needles,SOURCE_ERA,0,3,3,false,false,true,false,0,0,SOURCE_RESEARCH_REQUIRED,current variant census; character-specific canon source required before production READY,Label describes a technique/weapon action rather than a persistent hero form.
shikaku-nara,form-shikaku-nara-allied-strategy-chief,Allied Strategy Chief,SOURCE_ERA,0,3,3,false,false,false,false,0,0,DESIGN_INTERPRETATION,current variant census; character-specific canon source required before production READY,Era/rank/title difference alone does not justify another collectible hero.
shikaku-nara,form-shikaku-nara-clan-head,Clan Head,SOURCE_ERA,5,6,6,true,false,false,false,68,0,DESIGN_INTERPRETATION,current variant census; current kit seed=nara,Base form of proposed hero shikaku-nara-core.
shikamaru-nara,form-shikamaru-nara-chunin,Chunin,SOURCE_ERA,0,3,3,false,false,false,false,0,0,DESIGN_INTERPRETATION,current variant census; character-specific canon source required before production READY,Rank change alone is not a transformation.
shikamaru-nara,form-shikamaru-nara-genin,Genin,SOURCE_ERA,5,6,6,true,false,false,false,68,0,DESIGN_INTERPRETATION,current variant census; current kit seed=nara,Base form of proposed hero shikamaru-nara-core.
shikamaru-nara,form-shikamaru-nara-shippuden,Shippuden,SOURCE_ERA,0,3,3,false,false,false,false,0,0,DESIGN_INTERPRETATION,current variant census; character-specific canon source required before production READY,Secondary label does not currently clear the standalone-hero threshold and is merged into the character's primary kit/presentation.
shikamaru-nara,form-shikamaru-nara-war-arc,War Arc,SOURCE_ERA,0,3,3,false,false,false,false,0,0,DESIGN_INTERPRETATION,current variant census; character-specific canon source required before production READY,Era appearance; Shippuden hero retains the kit.
shima,form-shima-genjutsu-chorus,Genjutsu Chorus,SOURCE_ERA,0,3,3,false,false,false,true,0,0,SOURCE_RESEARCH_REQUIRED,current variant census; character-specific canon source required before production READY,Cooperation technique with Fukasaku.
shima,form-shima-toad-sage,Toad Sage,SOURCE_ERA,0,3,3,false,false,false,false,0,0,SOURCE_RESEARCH_REQUIRED,current variant census; character-specific canon source required before production READY,"Summon creature is retained as special independent combat content, not a normal ninja hero version."
shinno,form-shinno-doctor,Doctor,MOVIE_ORIGINAL,5,6,6,true,false,false,false,72,0,OFFICIAL_MOVIE,https://naruto.fandom.com/wiki/Shinn%C5%8D,Base form of proposed hero shinno-base.
shinno,form-shinno-eight-gates-body,Eight Gates Body,MOVIE_ORIGINAL,10,10,10,true,false,false,false,0,84,OFFICIAL_MOVIE,https://naruto.fandom.com/wiki/Shinn%C5%8D,Reserved exclusively as Awakening of shinno-base.
shino-aburame,form-shino-aburame-chunin-exams,Chunin Exams,SOURCE_ERA,5,6,6,true,false,false,false,68,0,DESIGN_INTERPRETATION,current variant census; current kit seed=aburame,Base form of proposed hero shino-aburame-core.
shino-aburame,form-shino-aburame-insect-master,Insect Master,SOURCE_ERA,0,3,3,false,false,false,false,0,0,DESIGN_INTERPRETATION,current variant census; character-specific canon source required before production READY,Secondary label does not currently clear the standalone-hero threshold and is merged into the character's primary kit/presentation.
shisui-uchiha,form-shisui-uchiha-anbu,ANBU,ANBU,5,6,6,true,false,false,false,86,0,MANGA_CANON,https://naruto.fandom.com/wiki/Shisui_Uchiha,Base form of proposed hero shisui-anbu.
shisui-uchiha,form-shisui-uchiha-mangekyo-sharingan,Mangekyo Sharingan,ANBU,10,10,10,true,false,false,false,0,91,MANGA_CANON,https://naruto.fandom.com/wiki/Shisui_Uchiha,Reserved exclusively as Awakening of shisui-anbu.
shizune,form-shizune-medical-corps,Medical Corps,SOURCE_ERA,0,3,3,false,false,false,false,0,0,DESIGN_INTERPRETATION,current variant census; character-specific canon source required before production READY,Era/rank/title difference alone does not justify another collectible hero.
shizune,form-shizune-sannin-attendant,Sannin Attendant,SOURCE_ERA,5,6,6,true,false,false,false,68,0,DESIGN_INTERPRETATION,current variant census; current kit seed=medical,Base form of proposed hero shizune-core.
sora,form-sora-pseudo-jinchuriki,Pseudo Jinchuriki,ANIME_ORIGINAL,10,10,10,true,false,false,false,0,85,ANIME_ORIGINAL,https://naruto.fandom.com/wiki/Sora,Reserved exclusively as Awakening of sora-base.
sora,form-sora-temple-monk,Temple Monk,ANIME_ORIGINAL,5,6,6,true,false,false,false,72,0,ANIME_ORIGINAL,https://naruto.fandom.com/wiki/Sora,Base form of proposed hero sora-base.
suigetsu-hozuki,form-suigetsu-hozuki-hebi,Hebi,SOURCE_ERA,5,6,6,true,false,false,false,68,0,DESIGN_INTERPRETATION,current variant census; current kit seed=water,Base form of proposed hero suigetsu-hozuki-core.
suigetsu-hozuki,form-suigetsu-hozuki-taka,Taka,SOURCE_ERA,0,3,3,false,false,false,false,0,0,DESIGN_INTERPRETATION,current variant census; character-specific canon source required before production READY,Secondary label does not currently clear the standalone-hero threshold and is merged into the character's primary kit/presentation.
taiseki,form-taiseki-camouflage,Camouflage,SOURCE_ERA,0,3,3,false,false,true,false,0,0,SOURCE_RESEARCH_REQUIRED,current variant census; character-specific canon source required before production READY,Label describes a technique/weapon action rather than a persistent hero form.
taiseki,form-taiseki-stone-jonin,Stone Jonin,SOURCE_ERA,5,6,6,true,false,false,false,68,0,DESIGN_INTERPRETATION,current variant census; current kit seed=earth,Base form of proposed hero taiseki-core.
tayuya,form-tayuya-curse-mark-level-2,Curse Mark Level 2,PART_I,10,10,10,true,false,false,false,0,88,MANGA_CANON,https://naruto.fandom.com/wiki/Cursed_Seal,Reserved exclusively as Awakening of tayuya-base.
tayuya,form-tayuya-sound-four,Sound Four,PART_I,5,6,6,true,false,false,false,78,0,MANGA_CANON,https://naruto.fandom.com/wiki/Cursed_Seal,Base form of proposed hero tayuya-base.
temari,form-temari-chunin-exams,Chunin Exams,SOURCE_ERA,5,6,6,true,false,false,false,68,0,DESIGN_INTERPRETATION,current variant census; current kit seed=wind,Base form of proposed hero temari-core.
temari,form-temari-war-fan-master,War Fan Master,SOURCE_ERA,0,3,3,false,false,false,false,0,0,DESIGN_INTERPRETATION,current variant census; character-specific canon source required before production READY,Era/rank/title difference alone does not justify another collectible hero.
tenten,form-tenten-bashosen-wielder,Bashosen Wielder,SOURCE_ERA,0,3,3,false,false,false,false,0,0,DESIGN_INTERPRETATION,current variant census; character-specific canon source required before production READY,Secondary label does not currently clear the standalone-hero threshold and is merged into the character's primary kit/presentation.
tenten,form-tenten-chunin-exams,Chunin Exams,SOURCE_ERA,5,6,6,true,false,false,false,68,0,DESIGN_INTERPRETATION,current variant census; current kit seed=swordsman,Base form of proposed hero tenten-core.
third-raikage,form-third-raikage-edo-tensei,Edo Tensei,SOURCE_ERA,0,3,3,false,false,false,false,0,0,DESIGN_INTERPRETATION,current variant census; character-specific canon source required before production READY,Reanimation is explicitly not treated as a normal Awakening.
third-raikage,form-third-raikage-third-raikage,Third Raikage,SOURCE_ERA,5,6,6,true,false,false,false,68,0,DESIGN_INTERPRETATION,current variant census; current kit seed=raikage,Base form of proposed hero third-raikage-core.
tobirama-senju,form-tobirama-senju-edo-tensei,Edo Tensei,SOURCE_ERA,0,3,3,false,false,false,false,0,0,DESIGN_INTERPRETATION,current variant census; character-specific canon source required before production READY,Reanimation skin/state.
tobirama-senju,form-tobirama-senju-second-hokage,Second Hokage,HOKAGE,5,6,6,true,false,false,false,91,0,MANGA_CANON,https://naruto.fandom.com/wiki/Tobirama_Senju,Base form of proposed hero tobirama-hokage.
toneri-otsutsuki,form-toneri-otsutsuki-base,Base,THE_LAST,5,6,6,true,false,false,false,90,0,OFFICIAL_MOVIE,https://naruto.fandom.com/wiki/Toneri_%C5%8Ctsutsuki,Base form of proposed hero toneri-base.
toneri-otsutsuki,form-toneri-otsutsuki-tenseigan-chakra-mode,Tenseigan Chakra Mode,THE_LAST,10,10,10,true,false,false,false,0,96,OFFICIAL_MOVIE,https://naruto.fandom.com/wiki/Toneri_%C5%8Ctsutsuki,Reserved exclusively as Awakening of toneri-base.
torifu-akimichi,form-torifu-akimichi-akimichi-veteran,Akimichi Veteran,SOURCE_ERA,0,3,3,false,false,false,false,0,0,DESIGN_INTERPRETATION,current variant census; character-specific canon source required before production READY,Secondary label does not currently clear the standalone-hero threshold and is merged into the character's primary kit/presentation.
torifu-akimichi,form-torifu-akimichi-tobirama-guard,Tobirama Guard,SOURCE_ERA,5,6,6,true,false,false,false,68,0,DESIGN_INTERPRETATION,current variant census; current kit seed=akimichi,Base form of proposed hero torifu-akimichi-core.
toroi,form-toroi-base,Base,SHIPPUDEN,5,6,6,true,false,false,false,68,0,MANGA_CANON,https://naruto.fandom.com/wiki/Toroi;https://naruto.fandom.com/wiki/Magnet_Release,Synthetic neutral form-pool entry representing the character themselves; not an additional legacy variant.
toroi,form-toroi-magnet-release,Magnet Release,SOURCE_ERA,5,6,6,false,false,true,false,0,0,MANGA_CANON,current variant census; current kit seed=gaara,"Magnet Release is Toroi's kekkei genkai applied to weapons, not a persistent form."
toroi,form-toroi-reanimated,Reanimated,SOURCE_ERA,0,3,3,false,false,false,false,0,0,DESIGN_INTERPRETATION,current variant census; character-specific canon source required before production READY,Reanimation is explicitly not treated as a normal Awakening.
torune-aburame,form-torune-aburame-nano-insects,Nano Insects,SOURCE_ERA,0,3,3,false,false,true,false,0,0,SOURCE_RESEARCH_REQUIRED,current variant census; character-specific canon source required before production READY,Label describes a technique/weapon action rather than a persistent hero form.
torune-aburame,form-torune-aburame-root-operative,Root Operative,SOURCE_ERA,5,6,6,true,false,false,false,68,0,DESIGN_INTERPRETATION,current variant census; current kit seed=aburame,Base form of proposed hero torune-aburame-core.
udon-ise,form-udon-ise-academy-squad,Academy Squad,SOURCE_ERA,5,6,6,true,false,false,false,68,0,DESIGN_INTERPRETATION,current variant census; current kit seed=water,Base form of proposed hero udon-ise-core.
udon-ise,form-udon-ise-tactical-chunin,Tactical Chunin,SOURCE_ERA,0,3,3,false,false,false,false,0,0,DESIGN_INTERPRETATION,current variant census; character-specific canon source required before production READY,Era/rank/title difference alone does not justify another collectible hero.
ukon,form-ukon-curse-mark-level-2,Curse Mark Level 2,PART_I,10,10,10,true,false,false,false,0,84,MANGA_CANON,https://naruto.fandom.com/wiki/Cursed_Seal,Reserved exclusively as Awakening of ukon-base.
ukon,form-ukon-sound-four,Sound Four,PART_I,5,6,6,true,false,false,false,74,0,MANGA_CANON,https://naruto.fandom.com/wiki/Cursed_Seal,Base form of proposed hero ukon-base.
utakata,form-utakata-base,Base,SHIPPUDEN,5,6,6,true,false,false,false,80,0,MANGA_CANON,https://naruto.fandom.com/wiki/Jinch%C5%ABriki_Forms,Base form of proposed hero utakata-base.
utakata,form-utakata-six-tails-cloak,Six-Tails Cloak,SHIPPUDEN,10,10,10,true,false,false,false,0,85,MANGA_CANON,https://naruto.fandom.com/wiki/Jinch%C5%ABriki_Forms,Reserved exclusively as Awakening of utakata-base.
white-zetsu,form-white-zetsu-akatsuki-scout,Akatsuki Scout,SOURCE_ERA,5,6,6,true,false,false,false,68,0,DESIGN_INTERPRETATION,current variant census; current kit seed=wood,Base form of proposed hero white-zetsu-core.
white-zetsu,form-white-zetsu-spore-clone,Spore Clone,SOURCE_ERA,0,3,3,false,false,true,false,0,0,SOURCE_RESEARCH_REQUIRED,current variant census; character-specific canon source required before production READY,Label describes a technique/weapon action rather than a persistent hero form.
yagura-karatachi,form-yagura-karatachi-mizukage,Mizukage,SHIPPUDEN,5,6,6,true,false,false,false,83,0,MANGA_CANON,https://naruto.fandom.com/wiki/Jinch%C5%ABriki_Forms,Base form of proposed hero yagura-base.
yagura-karatachi,form-yagura-karatachi-three-tails-cloak,Three-Tails Cloak,SHIPPUDEN,10,10,10,true,false,false,false,0,86,MANGA_CANON,https://naruto.fandom.com/wiki/Jinch%C5%ABriki_Forms,Reserved exclusively as Awakening of yagura-base.
yahiko,form-yahiko-akatsuki-founder,Akatsuki Founder,SOURCE_ERA,5,6,6,true,false,false,false,68,0,DESIGN_INTERPRETATION,current variant census; current kit seed=water,Base form of proposed hero yahiko-core.
yahiko,form-yahiko-amegakure-leader,Amegakure Leader,SOURCE_ERA,0,3,3,false,false,false,false,0,0,DESIGN_INTERPRETATION,current variant census; character-specific canon source required before production READY,Era/rank/title difference alone does not justify another collectible hero.
yamato,form-yamato-anbu-wood-style,ANBU Wood Style,SOURCE_ERA,5,6,6,true,false,false,false,68,0,DESIGN_INTERPRETATION,current variant census; current kit seed=wood,Base form of proposed hero yamato-core.
yamato,form-yamato-team-captain,Team Captain,SOURCE_ERA,0,3,3,false,false,false,false,0,0,DESIGN_INTERPRETATION,current variant census; character-specific canon source required before production READY,Era/rank/title difference alone does not justify another collectible hero.
yashamaru,form-yashamaru-assassin,Assassin,SOURCE_ERA,0,3,3,false,false,false,false,0,0,DESIGN_INTERPRETATION,current variant census; character-specific canon source required before production READY,Secondary label does not currently clear the standalone-hero threshold and is merged into the character's primary kit/presentation.
yashamaru,form-yashamaru-sand-medic,Sand Medic,SOURCE_ERA,5,6,6,true,false,false,false,68,0,DESIGN_INTERPRETATION,current variant census; current kit seed=medical,Base form of proposed hero yashamaru-core.
yoroi-akado,form-yoroi-akado-base,Base,SHIPPUDEN,5,6,6,true,false,false,false,68,0,MANGA_CANON,https://naruto.fandom.com/wiki/Yoroi_Akad%C5%8D,Synthetic neutral form-pool entry representing the character themselves; not an additional legacy variant.
yoroi-akado,form-yoroi-akado-chakra-absorption,Chakra Absorption,SOURCE_ERA,5,6,6,false,false,true,false,0,0,MANGA_CANON,current variant census; current kit seed=medical,"Chakra absorption is Yoroi's combat ability, not a persistent transformation."
yoroi-akado,form-yoroi-akado-kabuto-squad,Kabuto Squad,SOURCE_ERA,0,3,3,false,false,false,false,0,0,DESIGN_INTERPRETATION,current variant census; character-specific canon source required before production READY,Era/rank/title difference alone does not justify another collectible hero.
yugao-uzuki,form-yugao-uzuki-anbu,ANBU,SOURCE_ERA,5,6,6,true,false,false,false,68,0,DESIGN_INTERPRETATION,current variant census; current kit seed=swordsman,Base form of proposed hero yugao-uzuki-core.
yugao-uzuki,form-yugao-uzuki-crescent-moon-blade,Crescent Moon Blade,SOURCE_ERA,0,3,3,false,false,true,false,0,0,SOURCE_RESEARCH_REQUIRED,current variant census; character-specific canon source required before production READY,Label describes a technique/weapon action rather than a persistent hero form.
yugito-nii,form-yugito-nii-base,Base,SHIPPUDEN,5,6,6,true,false,false,false,80,0,MANGA_CANON,https://naruto.fandom.com/wiki/Jinch%C5%ABriki_Forms,Base form of proposed hero yugito-base.
yugito-nii,form-yugito-nii-two-tails-cloak,Two-Tails Cloak,SHIPPUDEN,10,10,10,true,false,false,false,0,86,MANGA_CANON,https://naruto.fandom.com/wiki/Jinch%C5%ABriki_Forms,Reserved exclusively as Awakening of yugito-base.
zabuza-momochi,form-zabuza-momochi-base,Base,SOURCE_ERA,5,6,6,true,false,false,false,68,0,DESIGN_INTERPRETATION,current variant census; current kit seed=water,Base form of proposed hero zabuza-momochi-core.
zabuza-momochi,form-zabuza-momochi-edo-tensei,Edo Tensei,SOURCE_ERA,0,3,3,false,false,false,false,0,0,DESIGN_INTERPRETATION,current variant census; character-specific canon source required before production READY,Reanimation is explicitly not treated as a normal Awakening.
zaku-abumi,form-zaku-abumi-air-pressure-arms,Air Pressure Arms,SOURCE_ERA,0,3,3,false,false,true,false,0,0,SOURCE_RESEARCH_REQUIRED,current variant census; character-specific canon source required before production READY,Label describes a technique/weapon action rather than a persistent hero form.
zaku-abumi,form-zaku-abumi-sound-genin,Sound Genin,SOURCE_ERA,5,6,6,true,false,false,false,68,0,DESIGN_INTERPRETATION,current variant census; current kit seed=wind,Base form of proposed hero zaku-abumi-core.
