skill_id,hero_id,slot,source_technique_id,name_en,name_vi,channel,kind,tags,explicitness,status,research_note
hvs-fourth-raikage-base-basic,fourth-raikage-base,BASIC,basic-punch,Basic Punch,Basic Punch,PHYSICAL,BASIC,combat,HERO_VERSION_EXPLICIT_ALIAS,PLAYABLE_DESIGN_BASELINE,Explicit per-version alias seeded from raikage/basic-punch; M47 must tune version-specific mechanics and evidence before final canon parity.
hvs-fourth-raikage-base-skill-1,fourth-raikage-base,SKILL_1,lightning-armor,Lightning Armor,Lightning Armor,CHAKRA,ACTIVE,lightning,HERO_VERSION_EXPLICIT_ALIAS,PLAYABLE_DESIGN_BASELINE,Explicit per-version alias seeded from raikage/lightning-armor; M47 must tune version-specific mechanics and evidence before final canon parity.
hvs-fourth-raikage-base-skill-2,fourth-raikage-base,SKILL_2,lariat,Lariat,Lariat,PHYSICAL,ACTIVE,combat,HERO_VERSION_EXPLICIT_ALIAS,PLAYABLE_DESIGN_BASELINE,Explicit per-version alias seeded from raikage/lariat; M47 must tune version-specific mechanics and evidence before final canon parity.
hvs-fourth-raikage-base-ultimate,fourth-raikage-base,ULTIMATE,lightning-straight,Lightning Straight,Lightning Straight,PHYSICAL,ULTIMATE,lightning|burst,HERO_VERSION_EXPLICIT_ALIAS,PLAYABLE_DESIGN_BASELINE,Explicit per-version alias seeded from raikage/lightning-straight; M47 must tune version-specific mechanics and evidence before final canon parity.
hvs-fourth-raikage-base-passive,fourth-raikage-base,PASSIVE,passive-will-of-fire,Passive Will Of Fire,Passive Will Of Fire,CHAKRA,PASSIVE,fire|passive,HERO_VERSION_EXPLICIT_ALIAS,PLAYABLE_DESIGN_BASELINE,Explicit per-version alias seeded from raikage/passive-will-of-fire; M47 must tune version-specific mechanics and evidence before final canon parity.
hvs-ajisai-core-basic,ajisai-core,BASIC,basic-sword,Basic Sword,Basic Sword,PHYSICAL,BASIC,combat,HERO_VERSION_EXPLICIT_ALIAS,PLAYABLE_DESIGN_BASELINE,Explicit per-version alias seeded from water/basic-sword; M47 must tune version-specific mechanics and evidence before final canon parity.
hvs-ajisai-core-skill-1,ajisai-core,SKILL_1,water-dragon,Water Dragon,Water Dragon,CHAKRA,ACTIVE,water,HERO_VERSION_EXPLICIT_ALIAS,PLAYABLE_DESIGN_BASELINE,Explicit per-version alias seeded from water/water-dragon; M47 must tune version-specific mechanics and evidence before final canon parity.
hvs-ajisai-core-skill-2,ajisai-core,SKILL_2,mist-assassination,Mist Assassination,Mist Assassination,PHYSICAL,ACTIVE,combat,HERO_VERSION_EXPLICIT_ALIAS,PLAYABLE_DESIGN_BASELINE,Explicit per-version alias seeded from water/mist-assassination; M47 must tune version-specific mechanics and evidence before final canon parity.
hvs-ajisai-core-ultimate,ajisai-core,ULTIMATE,water-shark-bomb,Water Shark Bomb,Water Shark Bomb,CHAKRA,ULTIMATE,water|burst,HERO_VERSION_EXPLICIT_ALIAS,PLAYABLE_DESIGN_BASELINE,Explicit per-version alias seeded from water/water-shark-bomb; M47 must tune version-specific mechanics and evidence before final canon parity.
hvs-ajisai-core-passive,ajisai-core,PASSIVE,passive-swordsman,Passive Swordsman,Passive Swordsman,CHAKRA,PASSIVE,passive,HERO_VERSION_EXPLICIT_ALIAS,PLAYABLE_DESIGN_BASELINE,Explicit per-version alias seeded from water/passive-swordsman; M47 must tune version-specific mechanics and evidence before final canon parity.
hvs-akatsuchi-core-basic,akatsuchi-core,BASIC,basic-punch,Basic Punch,Basic Punch,PHYSICAL,BASIC,combat,HERO_VERSION_EXPLICIT_ALIAS,PLAYABLE_DESIGN_BASELINE,Explicit per-version alias seeded from earth/basic-punch; M47 must tune version-specific mechanics and evidence before final canon parity.
hvs-akatsuchi-core-skill-1,akatsuchi-core,SKILL_1,earth-wall,Earth Wall,Earth Wall,CHAKRA,ACTIVE,earth,HERO_VERSION_EXPLICIT_ALIAS,PLAYABLE_DESIGN_BASELINE,Explicit per-version alias seeded from earth/earth-wall; M47 must tune version-specific mechanics and evidence before final canon parity.
hvs-akatsuchi-core-skill-2,akatsuchi-core,SKILL_2,earth-pillar,Earth Pillar,Earth Pillar,CHAKRA,ACTIVE,earth,HERO_VERSION_EXPLICIT_ALIAS,PLAYABLE_DESIGN_BASELINE,Explicit per-version alias seeded from earth/earth-pillar; M47 must tune version-specific mechanics and evidence before final canon parity.
hvs-akatsuchi-core-ultimate,akatsuchi-core,ULTIMATE,earth-quake,Earth Quake,Earth Quake,CHAKRA,ULTIMATE,earth|burst,HERO_VERSION_EXPLICIT_ALIAS,PLAYABLE_DESIGN_BASELINE,Explicit per-version alias seeded from earth/earth-quake; M47 must tune version-specific mechanics and evidence before final canon parity.
hvs-akatsuchi-core-passive,akatsuchi-core,PASSIVE,passive-strategist,Passive Strategist,Passive Strategist,CHAKRA,PASSIVE,passive,HERO_VERSION_EXPLICIT_ALIAS,PLAYABLE_DESIGN_BASELINE,Explicit per-version alias seeded from earth/passive-strategist; M47 must tune version-specific mechanics and evidence before final canon parity.
hvs-ameyuri-ringo-core-basic,ameyuri-ringo-core,BASIC,basic-sword,Basic Sword,Basic Sword,PHYSICAL,BASIC,combat,HERO_VERSION_EXPLICIT_ALIAS,PLAYABLE_DESIGN_BASELINE,Explicit per-version alias seeded from storm/basic-sword; M47 must tune version-specific mechanics and evidence before final canon parity.
hvs-ameyuri-ringo-core-skill-1,ameyuri-ringo-core,SKILL_1,lightning-armor,Lightning Armor,Lightning Armor,CHAKRA,ACTIVE,lightning,HERO_VERSION_EXPLICIT_ALIAS,PLAYABLE_DESIGN_BASELINE,Explicit per-version alias seeded from storm/lightning-armor; M47 must tune version-specific mechanics and evidence before final canon parity.
hvs-ameyuri-ringo-core-skill-2,ameyuri-ringo-core,SKILL_2,storm-laser,Storm Laser,Storm Laser,CHAKRA,ACTIVE,combat,HERO_VERSION_EXPLICIT_ALIAS,PLAYABLE_DESIGN_BASELINE,Explicit per-version alias seeded from storm/storm-laser; M47 must tune version-specific mechanics and evidence before final canon parity.
hvs-ameyuri-ringo-core-ultimate,ameyuri-ringo-core,ULTIMATE,black-lightning,Black Lightning,Black Lightning,CHAKRA,ULTIMATE,lightning|burst,HERO_VERSION_EXPLICIT_ALIAS,PLAYABLE_DESIGN_BASELINE,Explicit per-version alias seeded from storm/black-lightning; M47 must tune version-specific mechanics and evidence before final canon parity.
hvs-ameyuri-ringo-core-passive,ameyuri-ringo-core,PASSIVE,passive-strategist,Passive Strategist,Passive Strategist,CHAKRA,PASSIVE,passive,HERO_VERSION_EXPLICIT_ALIAS,PLAYABLE_DESIGN_BASELINE,Explicit per-version alias seeded from storm/passive-strategist; M47 must tune version-specific mechanics and evidence before final canon parity.
hvs-anko-mitarashi-core-basic,anko-mitarashi-core,BASIC,basic-sword,Basic Sword,Basic Sword,PHYSICAL,BASIC,combat,HERO_VERSION_EXPLICIT_ALIAS,PLAYABLE_DESIGN_BASELINE,Explicit per-version alias seeded from orochimaru/basic-sword; M47 must tune version-specific mechanics and evidence before final canon parity.
hvs-anko-mitarashi-core-skill-1,anko-mitarashi-core,SKILL_1,snake-sword,Snake Sword,Snake Sword,PHYSICAL,ACTIVE,snake,HERO_VERSION_EXPLICIT_ALIAS,PLAYABLE_DESIGN_BASELINE,Explicit per-version alias seeded from orochimaru/snake-sword; M47 must tune version-specific mechanics and evidence before final canon parity.
hvs-anko-mitarashi-core-skill-2,anko-mitarashi-core,SKILL_2,hidden-shadow-snakes,Hidden Shadow Snakes,Hidden Shadow Snakes,CHAKRA,ACTIVE,shadow|snake,HERO_VERSION_EXPLICIT_ALIAS,PLAYABLE_DESIGN_BASELINE,Explicit per-version alias seeded from orochimaru/hidden-shadow-snakes; M47 must tune version-specific mechanics and evidence before final canon parity.
hvs-anko-mitarashi-core-ultimate,anko-mitarashi-core,ULTIMATE,white-rage,White Rage,White Rage,CHAKRA,ULTIMATE,burst,HERO_VERSION_EXPLICIT_ALIAS,PLAYABLE_DESIGN_BASELINE,Explicit per-version alias seeded from orochimaru/white-rage; M47 must tune version-specific mechanics and evidence before final canon parity.
hvs-anko-mitarashi-core-passive,anko-mitarashi-core,PASSIVE,passive-sage,Passive Sage,Passive Sage,CHAKRA,PASSIVE,sage|passive,HERO_VERSION_EXPLICIT_ALIAS,PLAYABLE_DESIGN_BASELINE,Explicit per-version alias seeded from orochimaru/passive-sage; M47 must tune version-specific mechanics and evidence before final canon parity.
hvs-ao-core-basic,ao-core,BASIC,basic-sword,Basic Sword,Basic Sword,PHYSICAL,BASIC,combat,HERO_VERSION_EXPLICIT_ALIAS,PLAYABLE_DESIGN_BASELINE,Explicit per-version alias seeded from water/basic-sword; M47 must tune version-specific mechanics and evidence before final canon parity.
hvs-ao-core-skill-1,ao-core,SKILL_1,water-dragon,Water Dragon,Water Dragon,CHAKRA,ACTIVE,water,HERO_VERSION_EXPLICIT_ALIAS,PLAYABLE_DESIGN_BASELINE,Explicit per-version alias seeded from water/water-dragon; M47 must tune version-specific mechanics and evidence before final canon parity.
hvs-ao-core-skill-2,ao-core,SKILL_2,mist-assassination,Mist Assassination,Mist Assassination,PHYSICAL,ACTIVE,combat,HERO_VERSION_EXPLICIT_ALIAS,PLAYABLE_DESIGN_BASELINE,Explicit per-version alias seeded from water/mist-assassination; M47 must tune version-specific mechanics and evidence before final canon parity.
hvs-ao-core-ultimate,ao-core,ULTIMATE,water-shark-bomb,Water Shark Bomb,Water Shark Bomb,CHAKRA,ULTIMATE,water|burst,HERO_VERSION_EXPLICIT_ALIAS,PLAYABLE_DESIGN_BASELINE,Explicit per-version alias seeded from water/water-shark-bomb; M47 must tune version-specific mechanics and evidence before final canon parity.
hvs-ao-core-passive,ao-core,PASSIVE,passive-swordsman,Passive Swordsman,Passive Swordsman,CHAKRA,PASSIVE,passive,HERO_VERSION_EXPLICIT_ALIAS,PLAYABLE_DESIGN_BASELINE,Explicit per-version alias seeded from water/passive-swordsman; M47 must tune version-specific mechanics and evidence before final canon parity.
hvs-aoba-yamashiro-core-basic,aoba-yamashiro-core,BASIC,basic-kunai,Basic Kunai,Basic Kunai,PHYSICAL,BASIC,combat,HERO_VERSION_EXPLICIT_ALIAS,PLAYABLE_DESIGN_BASELINE,Explicit per-version alias seeded from genjutsu/basic-kunai; M47 must tune version-specific mechanics and evidence before final canon parity.
hvs-aoba-yamashiro-core-skill-1,aoba-yamashiro-core,SKILL_1,genjutsu-eye,Genjutsu Eye,Genjutsu Eye,CHAKRA,ACTIVE,genjutsu,HERO_VERSION_EXPLICIT_ALIAS,PLAYABLE_DESIGN_BASELINE,Explicit per-version alias seeded from genjutsu/genjutsu-eye; M47 must tune version-specific mechanics and evidence before final canon parity.
hvs-aoba-yamashiro-core-skill-2,aoba-yamashiro-core,SKILL_2,mind-destruction,Mind Destruction,Mind Destruction,CHAKRA,ACTIVE,mind,HERO_VERSION_EXPLICIT_ALIAS,PLAYABLE_DESIGN_BASELINE,Explicit per-version alias seeded from genjutsu/mind-destruction; M47 must tune version-specific mechanics and evidence before final canon parity.
hvs-aoba-yamashiro-core-ultimate,aoba-yamashiro-core,ULTIMATE,illusion-prison,Illusion Prison,Illusion Prison,CHAKRA,ULTIMATE,burst,HERO_VERSION_EXPLICIT_ALIAS,PLAYABLE_DESIGN_BASELINE,Explicit per-version alias seeded from genjutsu/illusion-prison; M47 must tune version-specific mechanics and evidence before final canon parity.
hvs-aoba-yamashiro-core-passive,aoba-yamashiro-core,PASSIVE,passive-strategist,Passive Strategist,Passive Strategist,CHAKRA,PASSIVE,passive,HERO_VERSION_EXPLICIT_ALIAS,PLAYABLE_DESIGN_BASELINE,Explicit per-version alias seeded from genjutsu/passive-strategist; M47 must tune version-specific mechanics and evidence before final canon parity.
hvs-asuma-sarutobi-core-basic,asuma-sarutobi-core,BASIC,basic-sword,Basic Sword,Basic Sword,PHYSICAL,BASIC,combat,HERO_VERSION_EXPLICIT_ALIAS,PLAYABLE_DESIGN_BASELINE,Explicit per-version alias seeded from swordsman/basic-sword; M47 must tune version-specific mechanics and evidence before final canon parity.
hvs-asuma-sarutobi-core-skill-1,asuma-sarutobi-core,SKILL_1,body-flicker,Body Flicker,Body Flicker,PHYSICAL,ACTIVE,combat,HERO_VERSION_EXPLICIT_ALIAS,PLAYABLE_DESIGN_BASELINE,Explicit per-version alias seeded from swordsman/body-flicker; M47 must tune version-specific mechanics and evidence before final canon parity.
hvs-asuma-sarutobi-core-skill-2,asuma-sarutobi-core,SKILL_2,chakra-blade,Chakra Blade,Chakra Blade,PHYSICAL,ACTIVE,combat,HERO_VERSION_EXPLICIT_ALIAS,PLAYABLE_DESIGN_BASELINE,Explicit per-version alias seeded from swordsman/chakra-blade; M47 must tune version-specific mechanics and evidence before final canon parity.
hvs-asuma-sarutobi-core-ultimate,asuma-sarutobi-core,ULTIMATE,crescent-slash,Crescent Slash,Crescent Slash,PHYSICAL,ACTIVE,combat,HERO_VERSION_EXPLICIT_ALIAS,PLAYABLE_DESIGN_BASELINE,Explicit per-version alias seeded from swordsman/crescent-slash; M47 must tune version-specific mechanics and evidence before final canon parity.
hvs-asuma-sarutobi-core-passive,asuma-sarutobi-core,PASSIVE,passive-swordsman,Passive Swordsman,Passive Swordsman,CHAKRA,PASSIVE,passive,HERO_VERSION_EXPLICIT_ALIAS,PLAYABLE_DESIGN_BASELINE,Explicit per-version alias seeded from swordsman/passive-swordsman; M47 must tune version-specific mechanics and evidence before final canon parity.
hvs-asura-base-basic,asura-base,BASIC,basic-chakra-palm,Basic Chakra Palm,Basic Chakra Palm,CHAKRA,BASIC,combat,HERO_VERSION_EXPLICIT_ALIAS,PLAYABLE_DESIGN_BASELINE,Explicit per-version alias seeded from naruto-sixpaths/basic-chakra-palm; M47 must tune version-specific mechanics and evidence before final canon parity.
hvs-asura-base-skill-1,asura-base,SKILL_1,truth-seeking-orbs,Truth-Seeking Orbs,Truth-Seeking Orbs,CHAKRA,ULTIMATE,burst,HERO_VERSION_EXPLICIT_ALIAS,PLAYABLE_DESIGN_BASELINE,Explicit per-version alias seeded from naruto-sixpaths/truth-seeking-orbs; M47 must tune version-specific mechanics and evidence before final canon parity.
hvs-asura-base-skill-2,asura-base,SKILL_2,kurama-claw,Kurama Claw,Kurama Claw,CHAKRA,ACTIVE,combat,HERO_VERSION_EXPLICIT_ALIAS,PLAYABLE_DESIGN_BASELINE,Explicit per-version alias seeded from naruto-sixpaths/kurama-claw; M47 must tune version-specific mechanics and evidence before final canon parity.
hvs-asura-base-ultimate,asura-base,ULTIMATE,six-paths-barrage,Six Paths Barrage,Six Paths Barrage,CHAKRA,ULTIMATE,burst,HERO_VERSION_EXPLICIT_ALIAS,PLAYABLE_DESIGN_BASELINE,Explicit per-version alias seeded from naruto-sixpaths/six-paths-barrage; M47 must tune version-specific mechanics and evidence before final canon parity.
hvs-asura-base-passive,asura-base,PASSIVE,passive-jinchuriki,Passive Jinchuriki,Passive Jinchuriki,CHAKRA,PASSIVE,jinchuriki|passive,HERO_VERSION_EXPLICIT_ALIAS,PLAYABLE_DESIGN_BASELINE,Explicit per-version alias seeded from naruto-sixpaths/passive-jinchuriki; M47 must tune version-specific mechanics and evidence before final canon parity.
hvs-atsui-core-basic,atsui-core,BASIC,basic-sword,Basic Sword,Basic Sword,PHYSICAL,BASIC,combat,HERO_VERSION_EXPLICIT_ALIAS,PLAYABLE_DESIGN_BASELINE,Explicit per-version alias seeded from storm/basic-sword; M47 must tune version-specific mechanics and evidence before final canon parity.
hvs-atsui-core-skill-1,atsui-core,SKILL_1,lightning-armor,Lightning Armor,Lightning Armor,CHAKRA,ACTIVE,lightning,HERO_VERSION_EXPLICIT_ALIAS,PLAYABLE_DESIGN_BASELINE,Explicit per-version alias seeded from storm/lightning-armor; M47 must tune version-specific mechanics and evidence before final canon parity.
hvs-atsui-core-skill-2,atsui-core,SKILL_2,storm-laser,Storm Laser,Storm Laser,CHAKRA,ACTIVE,combat,HERO_VERSION_EXPLICIT_ALIAS,PLAYABLE_DESIGN_BASELINE,Explicit per-version alias seeded from storm/storm-laser; M47 must tune version-specific mechanics and evidence before final canon parity.
hvs-atsui-core-ultimate,atsui-core,ULTIMATE,black-lightning,Black Lightning,Black Lightning,CHAKRA,ULTIMATE,lightning|burst,HERO_VERSION_EXPLICIT_ALIAS,PLAYABLE_DESIGN_BASELINE,Explicit per-version alias seeded from storm/black-lightning; M47 must tune version-specific mechanics and evidence before final canon parity.
hvs-atsui-core-passive,atsui-core,PASSIVE,passive-strategist,Passive Strategist,Passive Strategist,CHAKRA,PASSIVE,passive,HERO_VERSION_EXPLICIT_ALIAS,PLAYABLE_DESIGN_BASELINE,Explicit per-version alias seeded from storm/passive-strategist; M47 must tune version-specific mechanics and evidence before final canon parity.
hvs-baiu-core-basic,baiu-core,BASIC,basic-sword,Basic Sword,Basic Sword,PHYSICAL,BASIC,combat,HERO_VERSION_EXPLICIT_ALIAS,PLAYABLE_DESIGN_BASELINE,Explicit per-version alias seeded from water/basic-sword; M47 must tune version-specific mechanics and evidence before final canon parity.
hvs-baiu-core-skill-1,baiu-core,SKILL_1,water-dragon,Water Dragon,Water Dragon,CHAKRA,ACTIVE,water,HERO_VERSION_EXPLICIT_ALIAS,PLAYABLE_DESIGN_BASELINE,Explicit per-version alias seeded from water/water-dragon; M47 must tune version-specific mechanics and evidence before final canon parity.
hvs-baiu-core-skill-2,baiu-core,SKILL_2,mist-assassination,Mist Assassination,Mist Assassination,PHYSICAL,ACTIVE,combat,HERO_VERSION_EXPLICIT_ALIAS,PLAYABLE_DESIGN_BASELINE,Explicit per-version alias seeded from water/mist-assassination; M47 must tune version-specific mechanics and evidence before final canon parity.
hvs-baiu-core-ultimate,baiu-core,ULTIMATE,water-shark-bomb,Water Shark Bomb,Water Shark Bomb,CHAKRA,ULTIMATE,water|burst,HERO_VERSION_EXPLICIT_ALIAS,PLAYABLE_DESIGN_BASELINE,Explicit per-version alias seeded from water/water-shark-bomb; M47 must tune version-specific mechanics and evidence before final canon parity.
hvs-baiu-core-passive,baiu-core,PASSIVE,passive-swordsman,Passive Swordsman,Passive Swordsman,CHAKRA,PASSIVE,passive,HERO_VERSION_EXPLICIT_ALIAS,PLAYABLE_DESIGN_BASELINE,Explicit per-version alias seeded from water/passive-swordsman; M47 must tune version-specific mechanics and evidence before final canon parity.
hvs-baki-core-basic,baki-core,BASIC,basic-kunai,Basic Kunai,Basic Kunai,PHYSICAL,BASIC,combat,HERO_VERSION_EXPLICIT_ALIAS,PLAYABLE_DESIGN_BASELINE,Explicit per-version alias seeded from wind/basic-kunai; M47 must tune version-specific mechanics and evidence before final canon parity.
hvs-baki-core-skill-1,baki-core,SKILL_1,wind-scythe,Wind Scythe,Wind Scythe,CHAKRA,ACTIVE,wind,HERO_VERSION_EXPLICIT_ALIAS,PLAYABLE_DESIGN_BASELINE,Explicit per-version alias seeded from wind/wind-scythe; M47 must tune version-specific mechanics and evidence before final canon parity.
hvs-baki-core-skill-2,baki-core,SKILL_2,wind-blade,Wind Blade,Wind Blade,CHAKRA,ACTIVE,wind,HERO_VERSION_EXPLICIT_ALIAS,PLAYABLE_DESIGN_BASELINE,Explicit per-version alias seeded from wind/wind-blade; M47 must tune version-specific mechanics and evidence before final canon parity.
hvs-baki-core-ultimate,baki-core,ULTIMATE,great-wind-burst,Great Wind Burst,Great Wind Burst,CHAKRA,ULTIMATE,wind|burst,HERO_VERSION_EXPLICIT_ALIAS,PLAYABLE_DESIGN_BASELINE,Explicit per-version alias seeded from wind/great-wind-burst; M47 must tune version-specific mechanics and evidence before final canon parity.
hvs-baki-core-passive,baki-core,PASSIVE,passive-strategist,Passive Strategist,Passive Strategist,CHAKRA,PASSIVE,passive,HERO_VERSION_EXPLICIT_ALIAS,PLAYABLE_DESIGN_BASELINE,Explicit per-version alias seeded from wind/passive-strategist; M47 must tune version-specific mechanics and evidence before final canon parity.
hvs-black-zetsu-core-basic,black-zetsu-core,BASIC,basic-chakra-palm,Basic Chakra Palm,Basic Chakra Palm,CHAKRA,BASIC,combat,HERO_VERSION_EXPLICIT_ALIAS,PLAYABLE_DESIGN_BASELINE,Explicit per-version alias seeded from obito/basic-chakra-palm; M47 must tune version-specific mechanics and evidence before final canon parity.
hvs-black-zetsu-core-skill-1,black-zetsu-core,SKILL_1,kamui-phase,Kamui Phase,Kamui Phase,CHAKRA,ACTIVE,kamui,HERO_VERSION_EXPLICIT_ALIAS,PLAYABLE_DESIGN_BASELINE,Explicit per-version alias seeded from obito/kamui-phase; M47 must tune version-specific mechanics and evidence before final canon parity.
hvs-black-zetsu-core-skill-2,black-zetsu-core,SKILL_2,fireball-jutsu,Fireball Jutsu,Fireball Jutsu,CHAKRA,ACTIVE,fire,HERO_VERSION_EXPLICIT_ALIAS,PLAYABLE_DESIGN_BASELINE,Explicit per-version alias seeded from obito/fireball-jutsu; M47 must tune version-specific mechanics and evidence before final canon parity.
hvs-black-zetsu-core-ultimate,black-zetsu-core,ULTIMATE,wood-spikes,Wood Spikes,Wood Spikes,CHAKRA,ACTIVE,wood,HERO_VERSION_EXPLICIT_ALIAS,PLAYABLE_DESIGN_BASELINE,Explicit per-version alias seeded from obito/wood-spikes; M47 must tune version-specific mechanics and evidence before final canon parity.
hvs-black-zetsu-core-passive,black-zetsu-core,PASSIVE,passive-sharingan,Passive Sharingan,Passive Sharingan,CHAKRA,PASSIVE,passive,HERO_VERSION_EXPLICIT_ALIAS,PLAYABLE_DESIGN_BASELINE,Explicit per-version alias seeded from obito/passive-sharingan; M47 must tune version-specific mechanics and evidence before final canon parity.
hvs-blue-b-core-basic,blue-b-core,BASIC,basic-punch,Basic Punch,Basic Punch,PHYSICAL,BASIC,combat,HERO_VERSION_EXPLICIT_ALIAS,PLAYABLE_DESIGN_BASELINE,Explicit per-version alias seeded from jinchuriki/basic-punch; M47 must tune version-specific mechanics and evidence before final canon parity.
hvs-blue-b-core-skill-1,blue-b-core,SKILL_1,tailed-cloak,Tailed Cloak,Tailed Cloak,CHAKRA,ACTIVE,combat,HERO_VERSION_EXPLICIT_ALIAS,PLAYABLE_DESIGN_BASELINE,Explicit per-version alias seeded from jinchuriki/tailed-cloak; M47 must tune version-specific mechanics and evidence before final canon parity.
hvs-blue-b-core-skill-2,blue-b-core,SKILL_2,kurama-claw,Kurama Claw,Kurama Claw,CHAKRA,ACTIVE,combat,HERO_VERSION_EXPLICIT_ALIAS,PLAYABLE_DESIGN_BASELINE,Explicit per-version alias seeded from jinchuriki/kurama-claw; M47 must tune version-specific mechanics and evidence before final canon parity.
hvs-blue-b-core-ultimate,blue-b-core,ULTIMATE,tailed-beast-bomb,Tailed Beast Bomb,Tailed Beast Bomb,CHAKRA,ULTIMATE,burst,HERO_VERSION_EXPLICIT_ALIAS,PLAYABLE_DESIGN_BASELINE,Explicit per-version alias seeded from jinchuriki/tailed-beast-bomb; M47 must tune version-specific mechanics and evidence before final canon parity.
hvs-blue-b-core-passive,blue-b-core,PASSIVE,passive-jinchuriki,Passive Jinchuriki,Passive Jinchuriki,CHAKRA,PASSIVE,jinchuriki|passive,HERO_VERSION_EXPLICIT_ALIAS,PLAYABLE_DESIGN_BASELINE,Explicit per-version alias seeded from jinchuriki/passive-jinchuriki; M47 must tune version-specific mechanics and evidence before final canon parity.
hvs-bunpuku-core-basic,bunpuku-core,BASIC,basic-punch,Basic Punch,Basic Punch,PHYSICAL,BASIC,combat,HERO_VERSION_EXPLICIT_ALIAS,PLAYABLE_DESIGN_BASELINE,Explicit per-version alias seeded from jinchuriki/basic-punch; M47 must tune version-specific mechanics and evidence before final canon parity.
hvs-bunpuku-core-skill-1,bunpuku-core,SKILL_1,tailed-cloak,Tailed Cloak,Tailed Cloak,CHAKRA,ACTIVE,combat,HERO_VERSION_EXPLICIT_ALIAS,PLAYABLE_DESIGN_BASELINE,Explicit per-version alias seeded from jinchuriki/tailed-cloak; M47 must tune version-specific mechanics and evidence before final canon parity.
hvs-bunpuku-core-skill-2,bunpuku-core,SKILL_2,kurama-claw,Kurama Claw,Kurama Claw,CHAKRA,ACTIVE,combat,HERO_VERSION_EXPLICIT_ALIAS,PLAYABLE_DESIGN_BASELINE,Explicit per-version alias seeded from jinchuriki/kurama-claw; M47 must tune version-specific mechanics and evidence before final canon parity.
hvs-bunpuku-core-ultimate,bunpuku-core,ULTIMATE,tailed-beast-bomb,Tailed Beast Bomb,Tailed Beast Bomb,CHAKRA,ULTIMATE,burst,HERO_VERSION_EXPLICIT_ALIAS,PLAYABLE_DESIGN_BASELINE,Explicit per-version alias seeded from jinchuriki/tailed-beast-bomb; M47 must tune version-specific mechanics and evidence before final canon parity.
hvs-bunpuku-core-passive,bunpuku-core,PASSIVE,passive-jinchuriki,Passive Jinchuriki,Passive Jinchuriki,CHAKRA,PASSIVE,jinchuriki|passive,HERO_VERSION_EXPLICIT_ALIAS,PLAYABLE_DESIGN_BASELINE,Explicit per-version alias seeded from jinchuriki/passive-jinchuriki; M47 must tune version-specific mechanics and evidence before final canon parity.
hvs-byakuren-core-basic,byakuren-core,BASIC,basic-sword,Basic Sword,Basic Sword,PHYSICAL,BASIC,combat,HERO_VERSION_EXPLICIT_ALIAS,PLAYABLE_DESIGN_BASELINE,Explicit per-version alias seeded from water/basic-sword; M47 must tune version-specific mechanics and evidence before final canon parity.
hvs-byakuren-core-skill-1,byakuren-core,SKILL_1,water-dragon,Water Dragon,Water Dragon,CHAKRA,ACTIVE,water,HERO_VERSION_EXPLICIT_ALIAS,PLAYABLE_DESIGN_BASELINE,Explicit per-version alias seeded from water/water-dragon; M47 must tune version-specific mechanics and evidence before final canon parity.
hvs-byakuren-core-skill-2,byakuren-core,SKILL_2,mist-assassination,Mist Assassination,Mist Assassination,PHYSICAL,ACTIVE,combat,HERO_VERSION_EXPLICIT_ALIAS,PLAYABLE_DESIGN_BASELINE,Explicit per-version alias seeded from water/mist-assassination; M47 must tune version-specific mechanics and evidence before final canon parity.
hvs-byakuren-core-ultimate,byakuren-core,ULTIMATE,water-shark-bomb,Water Shark Bomb,Water Shark Bomb,CHAKRA,ULTIMATE,water|burst,HERO_VERSION_EXPLICIT_ALIAS,PLAYABLE_DESIGN_BASELINE,Explicit per-version alias seeded from water/water-shark-bomb; M47 must tune version-specific mechanics and evidence before final canon parity.
hvs-byakuren-core-passive,byakuren-core,PASSIVE,passive-swordsman,Passive Swordsman,Passive Swordsman,CHAKRA,PASSIVE,passive,HERO_VERSION_EXPLICIT_ALIAS,PLAYABLE_DESIGN_BASELINE,Explicit per-version alias seeded from water/passive-swordsman; M47 must tune version-specific mechanics and evidence before final canon parity.
hvs-c-core-basic,c-core,BASIC,basic-kunai,Basic Kunai,Basic Kunai,PHYSICAL,BASIC,combat,HERO_VERSION_EXPLICIT_ALIAS,PLAYABLE_DESIGN_BASELINE,Explicit per-version alias seeded from genjutsu/basic-kunai; M47 must tune version-specific mechanics and evidence before final canon parity.
hvs-c-core-skill-1,c-core,SKILL_1,genjutsu-eye,Genjutsu Eye,Genjutsu Eye,CHAKRA,ACTIVE,genjutsu,HERO_VERSION_EXPLICIT_ALIAS,PLAYABLE_DESIGN_BASELINE,Explicit per-version alias seeded from genjutsu/genjutsu-eye; M47 must tune version-specific mechanics and evidence before final canon parity.
hvs-c-core-skill-2,c-core,SKILL_2,mind-destruction,Mind Destruction,Mind Destruction,CHAKRA,ACTIVE,mind,HERO_VERSION_EXPLICIT_ALIAS,PLAYABLE_DESIGN_BASELINE,Explicit per-version alias seeded from genjutsu/mind-destruction; M47 must tune version-specific mechanics and evidence before final canon parity.
hvs-c-core-ultimate,c-core,ULTIMATE,illusion-prison,Illusion Prison,Illusion Prison,CHAKRA,ULTIMATE,burst,HERO_VERSION_EXPLICIT_ALIAS,PLAYABLE_DESIGN_BASELINE,Explicit per-version alias seeded from genjutsu/illusion-prison; M47 must tune version-specific mechanics and evidence before final canon parity.
hvs-c-core-passive,c-core,PASSIVE,passive-strategist,Passive Strategist,Passive Strategist,CHAKRA,PASSIVE,passive,HERO_VERSION_EXPLICIT_ALIAS,PLAYABLE_DESIGN_BASELINE,Explicit per-version alias seeded from genjutsu/passive-strategist; M47 must tune version-specific mechanics and evidence before final canon parity.
hvs-chiyo-core-basic,chiyo-core,BASIC,basic-kunai,Basic Kunai,Basic Kunai,PHYSICAL,BASIC,combat,HERO_VERSION_EXPLICIT_ALIAS,PLAYABLE_DESIGN_BASELINE,Explicit per-version alias seeded from puppet/basic-kunai; M47 must tune version-specific mechanics and evidence before final canon parity.
hvs-chiyo-core-skill-1,chiyo-core,SKILL_1,puppet-needles,Puppet Needles,Puppet Needles,PHYSICAL,ACTIVE,puppet,HERO_VERSION_EXPLICIT_ALIAS,PLAYABLE_DESIGN_BASELINE,Explicit per-version alias seeded from puppet/puppet-needles; M47 must tune version-specific mechanics and evidence before final canon parity.
hvs-chiyo-core-skill-2,chiyo-core,SKILL_2,poison-cloud,Poison Cloud,Poison Cloud,CHAKRA,ACTIVE,poison,HERO_VERSION_EXPLICIT_ALIAS,PLAYABLE_DESIGN_BASELINE,Explicit per-version alias seeded from puppet/poison-cloud; M47 must tune version-specific mechanics and evidence before final canon parity.
hvs-chiyo-core-ultimate,chiyo-core,ULTIMATE,hundred-puppets,Hundred Puppets,Hundred Puppets,CHAKRA,ULTIMATE,puppet|burst,HERO_VERSION_EXPLICIT_ALIAS,PLAYABLE_DESIGN_BASELINE,Explicit per-version alias seeded from puppet/hundred-puppets; M47 must tune version-specific mechanics and evidence before final canon parity.
hvs-chiyo-core-passive,chiyo-core,PASSIVE,passive-puppet,Passive Puppet,Passive Puppet,CHAKRA,PASSIVE,puppet|passive,HERO_VERSION_EXPLICIT_ALIAS,PLAYABLE_DESIGN_BASELINE,Explicit per-version alias seeded from puppet/passive-puppet; M47 must tune version-specific mechanics and evidence before final canon parity.
hvs-choji-shippuden-basic,choji-shippuden,BASIC,basic-punch,Basic Punch,Basic Punch,PHYSICAL,BASIC,combat,HERO_VERSION_EXPLICIT_ALIAS,PLAYABLE_DESIGN_BASELINE,Explicit per-version alias seeded from akimichi/basic-punch; M47 must tune version-specific mechanics and evidence before final canon parity.
hvs-choji-shippuden-skill-1,choji-shippuden,SKILL_1,partial-expansion,Partial Expansion,Partial Expansion,PHYSICAL,ACTIVE,combat,HERO_VERSION_EXPLICIT_ALIAS,PLAYABLE_DESIGN_BASELINE,Explicit per-version alias seeded from akimichi/partial-expansion; M47 must tune version-specific mechanics and evidence before final canon parity.
hvs-choji-shippuden-skill-2,choji-shippuden,SKILL_2,human-boulder,Human Boulder,Human Boulder,PHYSICAL,ACTIVE,combat,HERO_VERSION_EXPLICIT_ALIAS,PLAYABLE_DESIGN_BASELINE,Explicit per-version alias seeded from akimichi/human-boulder; M47 must tune version-specific mechanics and evidence before final canon parity.
hvs-choji-shippuden-ultimate,choji-shippuden,ULTIMATE,butterfly-bomb,Butterfly Bomb,Butterfly Bomb,CHAKRA,ULTIMATE,burst,HERO_VERSION_EXPLICIT_ALIAS,PLAYABLE_DESIGN_BASELINE,Explicit per-version alias seeded from akimichi/butterfly-bomb; M47 must tune version-specific mechanics and evidence before final canon parity.
hvs-choji-shippuden-passive,choji-shippuden,PASSIVE,passive-will-of-fire,Passive Will Of Fire,Passive Will Of Fire,CHAKRA,PASSIVE,fire|passive,HERO_VERSION_EXPLICIT_ALIAS,PLAYABLE_DESIGN_BASELINE,Explicit per-version alias seeded from akimichi/passive-will-of-fire; M47 must tune version-specific mechanics and evidence before final canon parity.
hvs-chojuro-core-basic,chojuro-core,BASIC,basic-sword,Basic Sword,Basic Sword,PHYSICAL,BASIC,combat,HERO_VERSION_EXPLICIT_ALIAS,PLAYABLE_DESIGN_BASELINE,Explicit per-version alias seeded from water/basic-sword; M47 must tune version-specific mechanics and evidence before final canon parity.
hvs-chojuro-core-skill-1,chojuro-core,SKILL_1,water-dragon,Water Dragon,Water Dragon,CHAKRA,ACTIVE,water,HERO_VERSION_EXPLICIT_ALIAS,PLAYABLE_DESIGN_BASELINE,Explicit per-version alias seeded from water/water-dragon; M47 must tune version-specific mechanics and evidence before final canon parity.
hvs-chojuro-core-skill-2,chojuro-core,SKILL_2,mist-assassination,Mist Assassination,Mist Assassination,PHYSICAL,ACTIVE,combat,HERO_VERSION_EXPLICIT_ALIAS,PLAYABLE_DESIGN_BASELINE,Explicit per-version alias seeded from water/mist-assassination; M47 must tune version-specific mechanics and evidence before final canon parity.
hvs-chojuro-core-ultimate,chojuro-core,ULTIMATE,water-shark-bomb,Water Shark Bomb,Water Shark Bomb,CHAKRA,ULTIMATE,water|burst,HERO_VERSION_EXPLICIT_ALIAS,PLAYABLE_DESIGN_BASELINE,Explicit per-version alias seeded from water/water-shark-bomb; M47 must tune version-specific mechanics and evidence before final canon parity.
hvs-chojuro-core-passive,chojuro-core,PASSIVE,passive-swordsman,Passive Swordsman,Passive Swordsman,CHAKRA,PASSIVE,passive,HERO_VERSION_EXPLICIT_ALIAS,PLAYABLE_DESIGN_BASELINE,Explicit per-version alias seeded from water/passive-swordsman; M47 must tune version-specific mechanics and evidence before final canon parity.
hvs-choza-akimichi-core-basic,choza-akimichi-core,BASIC,basic-punch,Basic Punch,Basic Punch,PHYSICAL,BASIC,combat,HERO_VERSION_EXPLICIT_ALIAS,PLAYABLE_DESIGN_BASELINE,Explicit per-version alias seeded from akimichi/basic-punch; M47 must tune version-specific mechanics and evidence before final canon parity.
hvs-choza-akimichi-core-skill-1,choza-akimichi-core,SKILL_1,partial-expansion,Partial Expansion,Partial Expansion,PHYSICAL,ACTIVE,combat,HERO_VERSION_EXPLICIT_ALIAS,PLAYABLE_DESIGN_BASELINE,Explicit per-version alias seeded from akimichi/partial-expansion; M47 must tune version-specific mechanics and evidence before final canon parity.
hvs-choza-akimichi-core-skill-2,choza-akimichi-core,SKILL_2,human-boulder,Human Boulder,Human Boulder,PHYSICAL,ACTIVE,combat,HERO_VERSION_EXPLICIT_ALIAS,PLAYABLE_DESIGN_BASELINE,Explicit per-version alias seeded from akimichi/human-boulder; M47 must tune version-specific mechanics and evidence before final canon parity.
hvs-choza-akimichi-core-ultimate,choza-akimichi-core,ULTIMATE,butterfly-bomb,Butterfly Bomb,Butterfly Bomb,CHAKRA,ULTIMATE,burst,HERO_VERSION_EXPLICIT_ALIAS,PLAYABLE_DESIGN_BASELINE,Explicit per-version alias seeded from akimichi/butterfly-bomb; M47 must tune version-specific mechanics and evidence before final canon parity.
hvs-choza-akimichi-core-passive,choza-akimichi-core,PASSIVE,passive-will-of-fire,Passive Will Of Fire,Passive Will Of Fire,CHAKRA,PASSIVE,fire|passive,HERO_VERSION_EXPLICIT_ALIAS,PLAYABLE_DESIGN_BASELINE,Explicit per-version alias seeded from akimichi/passive-will-of-fire; M47 must tune version-specific mechanics and evidence before final canon parity.
hvs-chukichi-core-basic,chukichi-core,BASIC,basic-sword,Basic Sword,Basic Sword,PHYSICAL,BASIC,combat,HERO_VERSION_EXPLICIT_ALIAS,PLAYABLE_DESIGN_BASELINE,Explicit per-version alias seeded from water/basic-sword; M47 must tune version-specific mechanics and evidence before final canon parity.
hvs-chukichi-core-skill-1,chukichi-core,SKILL_1,water-dragon,Water Dragon,Water Dragon,CHAKRA,ACTIVE,water,HERO_VERSION_EXPLICIT_ALIAS,PLAYABLE_DESIGN_BASELINE,Explicit per-version alias seeded from water/water-dragon; M47 must tune version-specific mechanics and evidence before final canon parity.
hvs-chukichi-core-skill-2,chukichi-core,SKILL_2,mist-assassination,Mist Assassination,Mist Assassination,PHYSICAL,ACTIVE,combat,HERO_VERSION_EXPLICIT_ALIAS,PLAYABLE_DESIGN_BASELINE,Explicit per-version alias seeded from water/mist-assassination; M47 must tune version-specific mechanics and evidence before final canon parity.
hvs-chukichi-core-ultimate,chukichi-core,ULTIMATE,water-shark-bomb,Water Shark Bomb,Water Shark Bomb,CHAKRA,ULTIMATE,water|burst,HERO_VERSION_EXPLICIT_ALIAS,PLAYABLE_DESIGN_BASELINE,Explicit per-version alias seeded from water/water-shark-bomb; M47 must tune version-specific mechanics and evidence before final canon parity.
hvs-chukichi-core-passive,chukichi-core,PASSIVE,passive-swordsman,Passive Swordsman,Passive Swordsman,CHAKRA,PASSIVE,passive,HERO_VERSION_EXPLICIT_ALIAS,PLAYABLE_DESIGN_BASELINE,Explicit per-version alias seeded from water/passive-swordsman; M47 must tune version-specific mechanics and evidence before final canon parity.
hvs-dan-kato-core-basic,dan-kato-core,BASIC,basic-kunai,Basic Kunai,Basic Kunai,PHYSICAL,BASIC,combat,HERO_VERSION_EXPLICIT_ALIAS,PLAYABLE_DESIGN_BASELINE,Explicit per-version alias seeded from genjutsu/basic-kunai; M47 must tune version-specific mechanics and evidence before final canon parity.
hvs-dan-kato-core-skill-1,dan-kato-core,SKILL_1,genjutsu-eye,Genjutsu Eye,Genjutsu Eye,CHAKRA,ACTIVE,genjutsu,HERO_VERSION_EXPLICIT_ALIAS,PLAYABLE_DESIGN_BASELINE,Explicit per-version alias seeded from genjutsu/genjutsu-eye; M47 must tune version-specific mechanics and evidence before final canon parity.
hvs-dan-kato-core-skill-2,dan-kato-core,SKILL_2,mind-destruction,Mind Destruction,Mind Destruction,CHAKRA,ACTIVE,mind,HERO_VERSION_EXPLICIT_ALIAS,PLAYABLE_DESIGN_BASELINE,Explicit per-version alias seeded from genjutsu/mind-destruction; M47 must tune version-specific mechanics and evidence before final canon parity.
hvs-dan-kato-core-ultimate,dan-kato-core,ULTIMATE,illusion-prison,Illusion Prison,Illusion Prison,CHAKRA,ULTIMATE,burst,HERO_VERSION_EXPLICIT_ALIAS,PLAYABLE_DESIGN_BASELINE,Explicit per-version alias seeded from genjutsu/illusion-prison; M47 must tune version-specific mechanics and evidence before final canon parity.
hvs-dan-kato-core-passive,dan-kato-core,PASSIVE,passive-strategist,Passive Strategist,Passive Strategist,CHAKRA,PASSIVE,passive,HERO_VERSION_EXPLICIT_ALIAS,PLAYABLE_DESIGN_BASELINE,Explicit per-version alias seeded from genjutsu/passive-strategist; M47 must tune version-specific mechanics and evidence before final canon parity.
hvs-danzo-candidate-basic,danzo-candidate,BASIC,basic-kunai,Basic Kunai,Basic Kunai,PHYSICAL,BASIC,combat,HERO_VERSION_EXPLICIT_ALIAS,PLAYABLE_DESIGN_BASELINE,Explicit per-version alias seeded from wind/basic-kunai; M47 must tune version-specific mechanics and evidence before final canon parity.
hvs-danzo-candidate-skill-1,danzo-candidate,SKILL_1,wind-scythe,Wind Scythe,Wind Scythe,CHAKRA,ACTIVE,wind,HERO_VERSION_EXPLICIT_ALIAS,PLAYABLE_DESIGN_BASELINE,Explicit per-version alias seeded from wind/wind-scythe; M47 must tune version-specific mechanics and evidence before final canon parity.
hvs-danzo-candidate-skill-2,danzo-candidate,SKILL_2,wind-blade,Wind Blade,Wind Blade,CHAKRA,ACTIVE,wind,HERO_VERSION_EXPLICIT_ALIAS,PLAYABLE_DESIGN_BASELINE,Explicit per-version alias seeded from wind/wind-blade; M47 must tune version-specific mechanics and evidence before final canon parity.
hvs-danzo-candidate-ultimate,danzo-candidate,ULTIMATE,great-wind-burst,Great Wind Burst,Great Wind Burst,CHAKRA,ULTIMATE,wind|burst,HERO_VERSION_EXPLICIT_ALIAS,PLAYABLE_DESIGN_BASELINE,Explicit per-version alias seeded from wind/great-wind-burst; M47 must tune version-specific mechanics and evidence before final canon parity.
hvs-danzo-candidate-passive,danzo-candidate,PASSIVE,passive-strategist,Passive Strategist,Passive Strategist,CHAKRA,PASSIVE,passive,HERO_VERSION_EXPLICIT_ALIAS,PLAYABLE_DESIGN_BASELINE,Explicit per-version alias seeded from wind/passive-strategist; M47 must tune version-specific mechanics and evidence before final canon parity.
hvs-darui-core-basic,darui-core,BASIC,basic-sword,Basic Sword,Basic Sword,PHYSICAL,BASIC,combat,HERO_VERSION_EXPLICIT_ALIAS,PLAYABLE_DESIGN_BASELINE,Explicit per-version alias seeded from storm/basic-sword; M47 must tune version-specific mechanics and evidence before final canon parity.
hvs-darui-core-skill-1,darui-core,SKILL_1,lightning-armor,Lightning Armor,Lightning Armor,CHAKRA,ACTIVE,lightning,HERO_VERSION_EXPLICIT_ALIAS,PLAYABLE_DESIGN_BASELINE,Explicit per-version alias seeded from storm/lightning-armor; M47 must tune version-specific mechanics and evidence before final canon parity.
hvs-darui-core-skill-2,darui-core,SKILL_2,storm-laser,Storm Laser,Storm Laser,CHAKRA,ACTIVE,combat,HERO_VERSION_EXPLICIT_ALIAS,PLAYABLE_DESIGN_BASELINE,Explicit per-version alias seeded from storm/storm-laser; M47 must tune version-specific mechanics and evidence before final canon parity.
hvs-darui-core-ultimate,darui-core,ULTIMATE,black-lightning,Black Lightning,Black Lightning,CHAKRA,ULTIMATE,lightning|burst,HERO_VERSION_EXPLICIT_ALIAS,PLAYABLE_DESIGN_BASELINE,Explicit per-version alias seeded from storm/black-lightning; M47 must tune version-specific mechanics and evidence before final canon parity.
hvs-darui-core-passive,darui-core,PASSIVE,passive-strategist,Passive Strategist,Passive Strategist,CHAKRA,PASSIVE,passive,HERO_VERSION_EXPLICIT_ALIAS,PLAYABLE_DESIGN_BASELINE,Explicit per-version alias seeded from storm/passive-strategist; M47 must tune version-specific mechanics and evidence before final canon parity.
hvs-deidara-core-basic,deidara-core,BASIC,basic-chakra-palm,Basic Chakra Palm,Basic Chakra Palm,CHAKRA,BASIC,combat,HERO_VERSION_EXPLICIT_ALIAS,PLAYABLE_DESIGN_BASELINE,Explicit per-version alias seeded from deidara/basic-chakra-palm; M47 must tune version-specific mechanics and evidence before final canon parity.
hvs-deidara-core-skill-1,deidara-core,SKILL_1,c1-birds,C1 Clay Birds,C1 Clay Birds,CHAKRA,ACTIVE,combat,HERO_VERSION_EXPLICIT_ALIAS,PLAYABLE_DESIGN_BASELINE,Explicit per-version alias seeded from deidara/c1-birds; M47 must tune version-specific mechanics and evidence before final canon parity.
hvs-deidara-core-skill-2,deidara-core,SKILL_2,c2-dragon,C2 Clay Dragon,C2 Clay Dragon,CHAKRA,ACTIVE,combat,HERO_VERSION_EXPLICIT_ALIAS,PLAYABLE_DESIGN_BASELINE,Explicit per-version alias seeded from deidara/c2-dragon; M47 must tune version-specific mechanics and evidence before final canon parity.
hvs-deidara-core-ultimate,deidara-core,ULTIMATE,c4-karura,C4 Karura,C4 Karura,CHAKRA,ULTIMATE,burst,HERO_VERSION_EXPLICIT_ALIAS,PLAYABLE_DESIGN_BASELINE,Explicit per-version alias seeded from deidara/c4-karura; M47 must tune version-specific mechanics and evidence before final canon parity.
hvs-deidara-core-passive,deidara-core,PASSIVE,passive-strategist,Passive Strategist,Passive Strategist,CHAKRA,PASSIVE,passive,HERO_VERSION_EXPLICIT_ALIAS,PLAYABLE_DESIGN_BASELINE,Explicit per-version alias seeded from deidara/passive-strategist; M47 must tune version-specific mechanics and evidence before final canon parity.
hvs-dodai-core-basic,dodai-core,BASIC,basic-punch,Basic Punch,Basic Punch,PHYSICAL,BASIC,combat,HERO_VERSION_EXPLICIT_ALIAS,PLAYABLE_DESIGN_BASELINE,Explicit per-version alias seeded from earth/basic-punch; M47 must tune version-specific mechanics and evidence before final canon parity.
hvs-dodai-core-skill-1,dodai-core,SKILL_1,earth-wall,Earth Wall,Earth Wall,CHAKRA,ACTIVE,earth,HERO_VERSION_EXPLICIT_ALIAS,PLAYABLE_DESIGN_BASELINE,Explicit per-version alias seeded from earth/earth-wall; M47 must tune version-specific mechanics and evidence before final canon parity.
hvs-dodai-core-skill-2,dodai-core,SKILL_2,earth-pillar,Earth Pillar,Earth Pillar,CHAKRA,ACTIVE,earth,HERO_VERSION_EXPLICIT_ALIAS,PLAYABLE_DESIGN_BASELINE,Explicit per-version alias seeded from earth/earth-pillar; M47 must tune version-specific mechanics and evidence before final canon parity.
hvs-dodai-core-ultimate,dodai-core,ULTIMATE,earth-quake,Earth Quake,Earth Quake,CHAKRA,ULTIMATE,earth|burst,HERO_VERSION_EXPLICIT_ALIAS,PLAYABLE_DESIGN_BASELINE,Explicit per-version alias seeded from earth/earth-quake; M47 must tune version-specific mechanics and evidence before final canon parity.
hvs-dodai-core-passive,dodai-core,PASSIVE,passive-strategist,Passive Strategist,Passive Strategist,CHAKRA,PASSIVE,passive,HERO_VERSION_EXPLICIT_ALIAS,PLAYABLE_DESIGN_BASELINE,Explicit per-version alias seeded from earth/passive-strategist; M47 must tune version-specific mechanics and evidence before final canon parity.
hvs-dosu-kinuta-core-basic,dosu-kinuta-core,BASIC,basic-kunai,Basic Kunai,Basic Kunai,PHYSICAL,BASIC,combat,HERO_VERSION_EXPLICIT_ALIAS,PLAYABLE_DESIGN_BASELINE,Explicit per-version alias seeded from sound/basic-kunai; M47 must tune version-specific mechanics and evidence before final canon parity.
hvs-dosu-kinuta-core-skill-1,dosu-kinuta-core,SKILL_1,flute-genjutsu,Flute Genjutsu,Flute Genjutsu,CHAKRA,ACTIVE,genjutsu,HERO_VERSION_EXPLICIT_ALIAS,PLAYABLE_DESIGN_BASELINE,Explicit per-version alias seeded from sound/flute-genjutsu; M47 must tune version-specific mechanics and evidence before final canon parity.
hvs-dosu-kinuta-core-skill-2,dosu-kinuta-core,SKILL_2,sound-wave,Sound Wave,Sound Wave,CHAKRA,ACTIVE,combat,HERO_VERSION_EXPLICIT_ALIAS,PLAYABLE_DESIGN_BASELINE,Explicit per-version alias seeded from sound/sound-wave; M47 must tune version-specific mechanics and evidence before final canon parity.
hvs-dosu-kinuta-core-ultimate,dosu-kinuta-core,ULTIMATE,demon-flute-phantoms,Demon Flute Phantoms,Demon Flute Phantoms,CHAKRA,ULTIMATE,burst,HERO_VERSION_EXPLICIT_ALIAS,PLAYABLE_DESIGN_BASELINE,Explicit per-version alias seeded from sound/demon-flute-phantoms; M47 must tune version-specific mechanics and evidence before final canon parity.
hvs-dosu-kinuta-core-passive,dosu-kinuta-core,PASSIVE,passive-strategist,Passive Strategist,Passive Strategist,CHAKRA,PASSIVE,passive,HERO_VERSION_EXPLICIT_ALIAS,PLAYABLE_DESIGN_BASELINE,Explicit per-version alias seeded from sound/passive-strategist; M47 must tune version-specific mechanics and evidence before final canon parity.
hvs-ebisu-core-basic,ebisu-core,BASIC,basic-punch,Basic Punch,Basic Punch,PHYSICAL,BASIC,combat,HERO_VERSION_EXPLICIT_ALIAS,PLAYABLE_DESIGN_BASELINE,Explicit per-version alias seeded from taijutsu/basic-punch; M47 must tune version-specific mechanics and evidence before final canon parity.
hvs-ebisu-core-skill-1,ebisu-core,SKILL_1,body-flicker,Body Flicker,Body Flicker,PHYSICAL,ACTIVE,combat,HERO_VERSION_EXPLICIT_ALIAS,PLAYABLE_DESIGN_BASELINE,Explicit per-version alias seeded from taijutsu/body-flicker; M47 must tune version-specific mechanics and evidence before final canon parity.
hvs-ebisu-core-skill-2,ebisu-core,SKILL_2,kunai-volley,Kunai Volley,Kunai Volley,PHYSICAL,ACTIVE,combat,HERO_VERSION_EXPLICIT_ALIAS,PLAYABLE_DESIGN_BASELINE,Explicit per-version alias seeded from taijutsu/kunai-volley; M47 must tune version-specific mechanics and evidence before final canon parity.
hvs-ebisu-core-ultimate,ebisu-core,ULTIMATE,taijutsu-combo,Taijutsu Combo,Taijutsu Combo,PHYSICAL,ACTIVE,combat,HERO_VERSION_EXPLICIT_ALIAS,PLAYABLE_DESIGN_BASELINE,Explicit per-version alias seeded from taijutsu/taijutsu-combo; M47 must tune version-specific mechanics and evidence before final canon parity.
hvs-ebisu-core-passive,ebisu-core,PASSIVE,passive-will-of-fire,Passive Will Of Fire,Passive Will Of Fire,CHAKRA,PASSIVE,fire|passive,HERO_VERSION_EXPLICIT_ALIAS,PLAYABLE_DESIGN_BASELINE,Explicit per-version alias seeded from taijutsu/passive-will-of-fire; M47 must tune version-specific mechanics and evidence before final canon parity.
hvs-ebizo-core-basic,ebizo-core,BASIC,basic-kunai,Basic Kunai,Basic Kunai,PHYSICAL,BASIC,combat,HERO_VERSION_EXPLICIT_ALIAS,PLAYABLE_DESIGN_BASELINE,Explicit per-version alias seeded from puppet/basic-kunai; M47 must tune version-specific mechanics and evidence before final canon parity.
hvs-ebizo-core-skill-1,ebizo-core,SKILL_1,puppet-needles,Puppet Needles,Puppet Needles,PHYSICAL,ACTIVE,puppet,HERO_VERSION_EXPLICIT_ALIAS,PLAYABLE_DESIGN_BASELINE,Explicit per-version alias seeded from puppet/puppet-needles; M47 must tune version-specific mechanics and evidence before final canon parity.
hvs-ebizo-core-skill-2,ebizo-core,SKILL_2,poison-cloud,Poison Cloud,Poison Cloud,CHAKRA,ACTIVE,poison,HERO_VERSION_EXPLICIT_ALIAS,PLAYABLE_DESIGN_BASELINE,Explicit per-version alias seeded from puppet/poison-cloud; M47 must tune version-specific mechanics and evidence before final canon parity.
hvs-ebizo-core-ultimate,ebizo-core,ULTIMATE,hundred-puppets,Hundred Puppets,Hundred Puppets,CHAKRA,ULTIMATE,puppet|burst,HERO_VERSION_EXPLICIT_ALIAS,PLAYABLE_DESIGN_BASELINE,Explicit per-version alias seeded from puppet/hundred-puppets; M47 must tune version-specific mechanics and evidence before final canon parity.
hvs-ebizo-core-passive,ebizo-core,PASSIVE,passive-puppet,Passive Puppet,Passive Puppet,CHAKRA,PASSIVE,puppet|passive,HERO_VERSION_EXPLICIT_ALIAS,PLAYABLE_DESIGN_BASELINE,Explicit per-version alias seeded from puppet/passive-puppet; M47 must tune version-specific mechanics and evidence before final canon parity.
hvs-first-raikage-core-basic,first-raikage-core,BASIC,basic-punch,Basic Punch,Basic Punch,PHYSICAL,BASIC,combat,HERO_VERSION_EXPLICIT_ALIAS,PLAYABLE_DESIGN_BASELINE,Explicit per-version alias seeded from raikage/basic-punch; M47 must tune version-specific mechanics and evidence before final canon parity.
hvs-first-raikage-core-skill-1,first-raikage-core,SKILL_1,lightning-armor,Lightning Armor,Lightning Armor,CHAKRA,ACTIVE,lightning,HERO_VERSION_EXPLICIT_ALIAS,PLAYABLE_DESIGN_BASELINE,Explicit per-version alias seeded from raikage/lightning-armor; M47 must tune version-specific mechanics and evidence before final canon parity.
hvs-first-raikage-core-skill-2,first-raikage-core,SKILL_2,lariat,Lariat,Lariat,PHYSICAL,ACTIVE,combat,HERO_VERSION_EXPLICIT_ALIAS,PLAYABLE_DESIGN_BASELINE,Explicit per-version alias seeded from raikage/lariat; M47 must tune version-specific mechanics and evidence before final canon parity.
hvs-first-raikage-core-ultimate,first-raikage-core,ULTIMATE,lightning-straight,Lightning Straight,Lightning Straight,PHYSICAL,ULTIMATE,lightning|burst,HERO_VERSION_EXPLICIT_ALIAS,PLAYABLE_DESIGN_BASELINE,Explicit per-version alias seeded from raikage/lightning-straight; M47 must tune version-specific mechanics and evidence before final canon parity.
hvs-first-raikage-core-passive,first-raikage-core,PASSIVE,passive-will-of-fire,Passive Will Of Fire,Passive Will Of Fire,CHAKRA,PASSIVE,fire|passive,HERO_VERSION_EXPLICIT_ALIAS,PLAYABLE_DESIGN_BASELINE,Explicit per-version alias seeded from raikage/passive-will-of-fire; M47 must tune version-specific mechanics and evidence before final canon parity.
hvs-fu-base-basic,fu-base,BASIC,basic-punch,Basic Punch,Basic Punch,PHYSICAL,BASIC,combat,HERO_VERSION_EXPLICIT_ALIAS,PLAYABLE_DESIGN_BASELINE,Explicit per-version alias seeded from jinchuriki/basic-punch; M47 must tune version-specific mechanics and evidence before final canon parity.
hvs-fu-base-skill-1,fu-base,SKILL_1,tailed-cloak,Tailed Cloak,Tailed Cloak,CHAKRA,ACTIVE,combat,HERO_VERSION_EXPLICIT_ALIAS,PLAYABLE_DESIGN_BASELINE,Explicit per-version alias seeded from jinchuriki/tailed-cloak; M47 must tune version-specific mechanics and evidence before final canon parity.
hvs-fu-base-skill-2,fu-base,SKILL_2,kurama-claw,Kurama Claw,Kurama Claw,CHAKRA,ACTIVE,combat,HERO_VERSION_EXPLICIT_ALIAS,PLAYABLE_DESIGN_BASELINE,Explicit per-version alias seeded from jinchuriki/kurama-claw; M47 must tune version-specific mechanics and evidence before final canon parity.
hvs-fu-base-ultimate,fu-base,ULTIMATE,tailed-beast-bomb,Tailed Beast Bomb,Tailed Beast Bomb,CHAKRA,ULTIMATE,burst,HERO_VERSION_EXPLICIT_ALIAS,PLAYABLE_DESIGN_BASELINE,Explicit per-version alias seeded from jinchuriki/tailed-beast-bomb; M47 must tune version-specific mechanics and evidence before final canon parity.
hvs-fu-base-passive,fu-base,PASSIVE,passive-jinchuriki,Passive Jinchuriki,Passive Jinchuriki,CHAKRA,PASSIVE,jinchuriki|passive,HERO_VERSION_EXPLICIT_ALIAS,PLAYABLE_DESIGN_BASELINE,Explicit per-version alias seeded from jinchuriki/passive-jinchuriki; M47 must tune version-specific mechanics and evidence before final canon parity.
hvs-fu-yamanaka-core-basic,fu-yamanaka-core,BASIC,basic-kunai,Basic Kunai,Basic Kunai,PHYSICAL,BASIC,combat,HERO_VERSION_EXPLICIT_ALIAS,PLAYABLE_DESIGN_BASELINE,Explicit per-version alias seeded from yamanaka/basic-kunai; M47 must tune version-specific mechanics and evidence before final canon parity.
hvs-fu-yamanaka-core-skill-1,fu-yamanaka-core,SKILL_1,mind-transfer,Mind Transfer,Mind Transfer,CHAKRA,ACTIVE,mind,HERO_VERSION_EXPLICIT_ALIAS,PLAYABLE_DESIGN_BASELINE,Explicit per-version alias seeded from yamanaka/mind-transfer; M47 must tune version-specific mechanics and evidence before final canon parity.
hvs-fu-yamanaka-core-skill-2,fu-yamanaka-core,SKILL_2,mind-destruction,Mind Destruction,Mind Destruction,CHAKRA,ACTIVE,mind,HERO_VERSION_EXPLICIT_ALIAS,PLAYABLE_DESIGN_BASELINE,Explicit per-version alias seeded from yamanaka/mind-destruction; M47 must tune version-specific mechanics and evidence before final canon parity.
hvs-fu-yamanaka-core-ultimate,fu-yamanaka-core,ULTIMATE,mystical-palm,Mystical Palm,Mystical Palm,CHAKRA,ACTIVE,combat,HERO_VERSION_EXPLICIT_ALIAS,PLAYABLE_DESIGN_BASELINE,Explicit per-version alias seeded from yamanaka/mystical-palm; M47 must tune version-specific mechanics and evidence before final canon parity.
hvs-fu-yamanaka-core-passive,fu-yamanaka-core,PASSIVE,passive-strategist,Passive Strategist,Passive Strategist,CHAKRA,PASSIVE,passive,HERO_VERSION_EXPLICIT_ALIAS,PLAYABLE_DESIGN_BASELINE,Explicit per-version alias seeded from yamanaka/passive-strategist; M47 must tune version-specific mechanics and evidence before final canon parity.
hvs-fudo-core-basic,fudo-core,BASIC,basic-punch,Basic Punch,Basic Punch,PHYSICAL,BASIC,combat,HERO_VERSION_EXPLICIT_ALIAS,PLAYABLE_DESIGN_BASELINE,Explicit per-version alias seeded from earth/basic-punch; M47 must tune version-specific mechanics and evidence before final canon parity.
hvs-fudo-core-skill-1,fudo-core,SKILL_1,earth-wall,Earth Wall,Earth Wall,CHAKRA,ACTIVE,earth,HERO_VERSION_EXPLICIT_ALIAS,PLAYABLE_DESIGN_BASELINE,Explicit per-version alias seeded from earth/earth-wall; M47 must tune version-specific mechanics and evidence before final canon parity.
hvs-fudo-core-skill-2,fudo-core,SKILL_2,earth-pillar,Earth Pillar,Earth Pillar,CHAKRA,ACTIVE,earth,HERO_VERSION_EXPLICIT_ALIAS,PLAYABLE_DESIGN_BASELINE,Explicit per-version alias seeded from earth/earth-pillar; M47 must tune version-specific mechanics and evidence before final canon parity.
hvs-fudo-core-ultimate,fudo-core,ULTIMATE,earth-quake,Earth Quake,Earth Quake,CHAKRA,ULTIMATE,earth|burst,HERO_VERSION_EXPLICIT_ALIAS,PLAYABLE_DESIGN_BASELINE,Explicit per-version alias seeded from earth/earth-quake; M47 must tune version-specific mechanics and evidence before final canon parity.
hvs-fudo-core-passive,fudo-core,PASSIVE,passive-strategist,Passive Strategist,Passive Strategist,CHAKRA,PASSIVE,passive,HERO_VERSION_EXPLICIT_ALIAS,PLAYABLE_DESIGN_BASELINE,Explicit per-version alias seeded from earth/passive-strategist; M47 must tune version-specific mechanics and evidence before final canon parity.
hvs-fuen-core-basic,fuen-core,BASIC,basic-kunai,Basic Kunai,Basic Kunai,PHYSICAL,BASIC,combat,HERO_VERSION_EXPLICIT_ALIAS,PLAYABLE_DESIGN_BASELINE,Explicit per-version alias seeded from genjutsu/basic-kunai; M47 must tune version-specific mechanics and evidence before final canon parity.
hvs-fuen-core-skill-1,fuen-core,SKILL_1,genjutsu-eye,Genjutsu Eye,Genjutsu Eye,CHAKRA,ACTIVE,genjutsu,HERO_VERSION_EXPLICIT_ALIAS,PLAYABLE_DESIGN_BASELINE,Explicit per-version alias seeded from genjutsu/genjutsu-eye; M47 must tune version-specific mechanics and evidence before final canon parity.
hvs-fuen-core-skill-2,fuen-core,SKILL_2,mind-destruction,Mind Destruction,Mind Destruction,CHAKRA,ACTIVE,mind,HERO_VERSION_EXPLICIT_ALIAS,PLAYABLE_DESIGN_BASELINE,Explicit per-version alias seeded from genjutsu/mind-destruction; M47 must tune version-specific mechanics and evidence before final canon parity.
hvs-fuen-core-ultimate,fuen-core,ULTIMATE,illusion-prison,Illusion Prison,Illusion Prison,CHAKRA,ULTIMATE,burst,HERO_VERSION_EXPLICIT_ALIAS,PLAYABLE_DESIGN_BASELINE,Explicit per-version alias seeded from genjutsu/illusion-prison; M47 must tune version-specific mechanics and evidence before final canon parity.
hvs-fuen-core-passive,fuen-core,PASSIVE,passive-strategist,Passive Strategist,Passive Strategist,CHAKRA,PASSIVE,passive,HERO_VERSION_EXPLICIT_ALIAS,PLAYABLE_DESIGN_BASELINE,Explicit per-version alias seeded from genjutsu/passive-strategist; M47 must tune version-specific mechanics and evidence before final canon parity.
hvs-fugaku-uchiha-core-basic,fugaku-uchiha-core,BASIC,basic-sword,Basic Sword,Basic Sword,PHYSICAL,BASIC,combat,HERO_VERSION_EXPLICIT_ALIAS,PLAYABLE_DESIGN_BASELINE,Explicit per-version alias seeded from sasuke/basic-sword; M47 must tune version-specific mechanics and evidence before final canon parity.
hvs-fugaku-uchiha-core-skill-1,fugaku-uchiha-core,SKILL_1,fireball-jutsu,Fireball Jutsu,Fireball Jutsu,CHAKRA,ACTIVE,fire,HERO_VERSION_EXPLICIT_ALIAS,PLAYABLE_DESIGN_BASELINE,Explicit per-version alias seeded from sasuke/fireball-jutsu; M47 must tune version-specific mechanics and evidence before final canon parity.
hvs-fugaku-uchiha-core-skill-2,fugaku-uchiha-core,SKILL_2,chidori,Chidori,Chidori,CHAKRA,ACTIVE,combat,HERO_VERSION_EXPLICIT_ALIAS,PLAYABLE_DESIGN_BASELINE,Explicit per-version alias seeded from sasuke/chidori; M47 must tune version-specific mechanics and evidence before final canon parity.
hvs-fugaku-uchiha-core-ultimate,fugaku-uchiha-core,ULTIMATE,kirin,Kirin,Kirin,CHAKRA,ULTIMATE,burst,HERO_VERSION_EXPLICIT_ALIAS,PLAYABLE_DESIGN_BASELINE,Explicit per-version alias seeded from sasuke/kirin; M47 must tune version-specific mechanics and evidence before final canon parity.
hvs-fugaku-uchiha-core-passive,fugaku-uchiha-core,PASSIVE,passive-sharingan,Passive Sharingan,Passive Sharingan,CHAKRA,PASSIVE,passive,HERO_VERSION_EXPLICIT_ALIAS,PLAYABLE_DESIGN_BASELINE,Explicit per-version alias seeded from sasuke/passive-sharingan; M47 must tune version-specific mechanics and evidence before final canon parity.
hvs-fuguki-suikazan-core-basic,fuguki-suikazan-core,BASIC,basic-sword,Basic Sword,Basic Sword,PHYSICAL,BASIC,combat,HERO_VERSION_EXPLICIT_ALIAS,PLAYABLE_DESIGN_BASELINE,Explicit per-version alias seeded from water/basic-sword; M47 must tune version-specific mechanics and evidence before final canon parity.
hvs-fuguki-suikazan-core-skill-1,fuguki-suikazan-core,SKILL_1,water-dragon,Water Dragon,Water Dragon,CHAKRA,ACTIVE,water,HERO_VERSION_EXPLICIT_ALIAS,PLAYABLE_DESIGN_BASELINE,Explicit per-version alias seeded from water/water-dragon; M47 must tune version-specific mechanics and evidence before final canon parity.
hvs-fuguki-suikazan-core-skill-2,fuguki-suikazan-core,SKILL_2,mist-assassination,Mist Assassination,Mist Assassination,PHYSICAL,ACTIVE,combat,HERO_VERSION_EXPLICIT_ALIAS,PLAYABLE_DESIGN_BASELINE,Explicit per-version alias seeded from water/mist-assassination; M47 must tune version-specific mechanics and evidence before final canon parity.
hvs-fuguki-suikazan-core-ultimate,fuguki-suikazan-core,ULTIMATE,water-shark-bomb,Water Shark Bomb,Water Shark Bomb,CHAKRA,ULTIMATE,water|burst,HERO_VERSION_EXPLICIT_ALIAS,PLAYABLE_DESIGN_BASELINE,Explicit per-version alias seeded from water/water-shark-bomb; M47 must tune version-specific mechanics and evidence before final canon parity.
hvs-fuguki-suikazan-core-passive,fuguki-suikazan-core,PASSIVE,passive-swordsman,Passive Swordsman,Passive Swordsman,CHAKRA,PASSIVE,passive,HERO_VERSION_EXPLICIT_ALIAS,PLAYABLE_DESIGN_BASELINE,Explicit per-version alias seeded from water/passive-swordsman; M47 must tune version-specific mechanics and evidence before final canon parity.
hvs-fuka-core-basic,fuka-core,BASIC,basic-kunai,Basic Kunai,Basic Kunai,PHYSICAL,BASIC,combat,HERO_VERSION_EXPLICIT_ALIAS,PLAYABLE_DESIGN_BASELINE,Explicit per-version alias seeded from genjutsu/basic-kunai; M47 must tune version-specific mechanics and evidence before final canon parity.
hvs-fuka-core-skill-1,fuka-core,SKILL_1,genjutsu-eye,Genjutsu Eye,Genjutsu Eye,CHAKRA,ACTIVE,genjutsu,HERO_VERSION_EXPLICIT_ALIAS,PLAYABLE_DESIGN_BASELINE,Explicit per-version alias seeded from genjutsu/genjutsu-eye; M47 must tune version-specific mechanics and evidence before final canon parity.
hvs-fuka-core-skill-2,fuka-core,SKILL_2,mind-destruction,Mind Destruction,Mind Destruction,CHAKRA,ACTIVE,mind,HERO_VERSION_EXPLICIT_ALIAS,PLAYABLE_DESIGN_BASELINE,Explicit per-version alias seeded from genjutsu/mind-destruction; M47 must tune version-specific mechanics and evidence before final canon parity.
hvs-fuka-core-ultimate,fuka-core,ULTIMATE,illusion-prison,Illusion Prison,Illusion Prison,CHAKRA,ULTIMATE,burst,HERO_VERSION_EXPLICIT_ALIAS,PLAYABLE_DESIGN_BASELINE,Explicit per-version alias seeded from genjutsu/illusion-prison; M47 must tune version-specific mechanics and evidence before final canon parity.
hvs-fuka-core-passive,fuka-core,PASSIVE,passive-strategist,Passive Strategist,Passive Strategist,CHAKRA,PASSIVE,passive,HERO_VERSION_EXPLICIT_ALIAS,PLAYABLE_DESIGN_BASELINE,Explicit per-version alias seeded from genjutsu/passive-strategist; M47 must tune version-specific mechanics and evidence before final canon parity.
hvs-gaara-genin-basic,gaara-genin,BASIC,basic-chakra-palm,Basic Chakra Palm,Basic Chakra Palm,CHAKRA,BASIC,combat,HERO_VERSION_EXPLICIT_ALIAS,PLAYABLE_DESIGN_BASELINE,Explicit per-version alias seeded from gaara/basic-chakra-palm; M47 must tune version-specific mechanics and evidence before final canon parity.
hvs-gaara-genin-skill-1,gaara-genin,SKILL_1,sand-shield,Sand Shield,Sand Shield,CHAKRA,ACTIVE,sand,HERO_VERSION_EXPLICIT_ALIAS,PLAYABLE_DESIGN_BASELINE,Explicit per-version alias seeded from gaara/sand-shield; M47 must tune version-specific mechanics and evidence before final canon parity.
hvs-gaara-genin-skill-2,gaara-genin,SKILL_2,sand-coffin,Sand Coffin,Sand Coffin,CHAKRA,ACTIVE,sand,HERO_VERSION_EXPLICIT_ALIAS,PLAYABLE_DESIGN_BASELINE,Explicit per-version alias seeded from gaara/sand-coffin; M47 must tune version-specific mechanics and evidence before final canon parity.
hvs-gaara-genin-ultimate,gaara-genin,ULTIMATE,sand-mausoleum,Sand Mausoleum,Sand Mausoleum,CHAKRA,ULTIMATE,sand|burst,HERO_VERSION_EXPLICIT_ALIAS,PLAYABLE_DESIGN_BASELINE,Explicit per-version alias seeded from gaara/sand-mausoleum; M47 must tune version-specific mechanics and evidence before final canon parity.
hvs-gaara-genin-passive,gaara-genin,PASSIVE,passive-jinchuriki,Passive Jinchuriki,Passive Jinchuriki,CHAKRA,PASSIVE,jinchuriki|passive,HERO_VERSION_EXPLICIT_ALIAS,PLAYABLE_DESIGN_BASELINE,Explicit per-version alias seeded from gaara/passive-jinchuriki; M47 must tune version-specific mechanics and evidence before final canon parity.
hvs-gaara-kazekage-basic,gaara-kazekage,BASIC,basic-chakra-palm,Basic Chakra Palm,Basic Chakra Palm,CHAKRA,BASIC,combat,HERO_VERSION_EXPLICIT_ALIAS,PLAYABLE_DESIGN_BASELINE,Explicit per-version alias seeded from gaara/basic-chakra-palm; M47 must tune version-specific mechanics and evidence before final canon parity.
hvs-gaara-kazekage-skill-1,gaara-kazekage,SKILL_1,sand-shield,Sand Shield,Sand Shield,CHAKRA,ACTIVE,sand,HERO_VERSION_EXPLICIT_ALIAS,PLAYABLE_DESIGN_BASELINE,Explicit per-version alias seeded from gaara/sand-shield; M47 must tune version-specific mechanics and evidence before final canon parity.
hvs-gaara-kazekage-skill-2,gaara-kazekage,SKILL_2,sand-coffin,Sand Coffin,Sand Coffin,CHAKRA,ACTIVE,sand,HERO_VERSION_EXPLICIT_ALIAS,PLAYABLE_DESIGN_BASELINE,Explicit per-version alias seeded from gaara/sand-coffin; M47 must tune version-specific mechanics and evidence before final canon parity.
hvs-gaara-kazekage-ultimate,gaara-kazekage,ULTIMATE,sand-mausoleum,Sand Mausoleum,Sand Mausoleum,CHAKRA,ULTIMATE,sand|burst,HERO_VERSION_EXPLICIT_ALIAS,PLAYABLE_DESIGN_BASELINE,Explicit per-version alias seeded from gaara/sand-mausoleum; M47 must tune version-specific mechanics and evidence before final canon parity.
hvs-gaara-kazekage-passive,gaara-kazekage,PASSIVE,passive-jinchuriki,Passive Jinchuriki,Passive Jinchuriki,CHAKRA,PASSIVE,jinchuriki|passive,HERO_VERSION_EXPLICIT_ALIAS,PLAYABLE_DESIGN_BASELINE,Explicit per-version alias seeded from gaara/passive-jinchuriki; M47 must tune version-specific mechanics and evidence before final canon parity.
hvs-gari-core-basic,gari-core,BASIC,basic-punch,Basic Punch,Basic Punch,PHYSICAL,BASIC,combat,HERO_VERSION_EXPLICIT_ALIAS,PLAYABLE_DESIGN_BASELINE,Explicit per-version alias seeded from earth/basic-punch; M47 must tune version-specific mechanics and evidence before final canon parity.
hvs-gari-core-skill-1,gari-core,SKILL_1,earth-wall,Earth Wall,Earth Wall,CHAKRA,ACTIVE,earth,HERO_VERSION_EXPLICIT_ALIAS,PLAYABLE_DESIGN_BASELINE,Explicit per-version alias seeded from earth/earth-wall; M47 must tune version-specific mechanics and evidence before final canon parity.
hvs-gari-core-skill-2,gari-core,SKILL_2,earth-pillar,Earth Pillar,Earth Pillar,CHAKRA,ACTIVE,earth,HERO_VERSION_EXPLICIT_ALIAS,PLAYABLE_DESIGN_BASELINE,Explicit per-version alias seeded from earth/earth-pillar; M47 must tune version-specific mechanics and evidence before final canon parity.
hvs-gari-core-ultimate,gari-core,ULTIMATE,earth-quake,Earth Quake,Earth Quake,CHAKRA,ULTIMATE,earth|burst,HERO_VERSION_EXPLICIT_ALIAS,PLAYABLE_DESIGN_BASELINE,Explicit per-version alias seeded from earth/earth-quake; M47 must tune version-specific mechanics and evidence before final canon parity.
hvs-gari-core-passive,gari-core,PASSIVE,passive-strategist,Passive Strategist,Passive Strategist,CHAKRA,PASSIVE,passive,HERO_VERSION_EXPLICIT_ALIAS,PLAYABLE_DESIGN_BASELINE,Explicit per-version alias seeded from earth/passive-strategist; M47 must tune version-specific mechanics and evidence before final canon parity.
hvs-gengetsu-hozuki-core-basic,gengetsu-hozuki-core,BASIC,basic-sword,Basic Sword,Basic Sword,PHYSICAL,BASIC,combat,HERO_VERSION_EXPLICIT_ALIAS,PLAYABLE_DESIGN_BASELINE,Explicit per-version alias seeded from water/basic-sword; M47 must tune version-specific mechanics and evidence before final canon parity.
hvs-gengetsu-hozuki-core-skill-1,gengetsu-hozuki-core,SKILL_1,water-dragon,Water Dragon,Water Dragon,CHAKRA,ACTIVE,water,HERO_VERSION_EXPLICIT_ALIAS,PLAYABLE_DESIGN_BASELINE,Explicit per-version alias seeded from water/water-dragon; M47 must tune version-specific mechanics and evidence before final canon parity.
hvs-gengetsu-hozuki-core-skill-2,gengetsu-hozuki-core,SKILL_2,mist-assassination,Mist Assassination,Mist Assassination,PHYSICAL,ACTIVE,combat,HERO_VERSION_EXPLICIT_ALIAS,PLAYABLE_DESIGN_BASELINE,Explicit per-version alias seeded from water/mist-assassination; M47 must tune version-specific mechanics and evidence before final canon parity.
hvs-gengetsu-hozuki-core-ultimate,gengetsu-hozuki-core,ULTIMATE,water-shark-bomb,Water Shark Bomb,Water Shark Bomb,CHAKRA,ULTIMATE,water|burst,HERO_VERSION_EXPLICIT_ALIAS,PLAYABLE_DESIGN_BASELINE,Explicit per-version alias seeded from water/water-shark-bomb; M47 must tune version-specific mechanics and evidence before final canon parity.
hvs-gengetsu-hozuki-core-passive,gengetsu-hozuki-core,PASSIVE,passive-swordsman,Passive Swordsman,Passive Swordsman,CHAKRA,PASSIVE,passive,HERO_VERSION_EXPLICIT_ALIAS,PLAYABLE_DESIGN_BASELINE,Explicit per-version alias seeded from water/passive-swordsman; M47 must tune version-specific mechanics and evidence before final canon parity.
hvs-genma-shiranui-core-basic,genma-shiranui-core,BASIC,basic-sword,Basic Sword,Basic Sword,PHYSICAL,BASIC,combat,HERO_VERSION_EXPLICIT_ALIAS,PLAYABLE_DESIGN_BASELINE,Explicit per-version alias seeded from swordsman/basic-sword; M47 must tune version-specific mechanics and evidence before final canon parity.
hvs-genma-shiranui-core-skill-1,genma-shiranui-core,SKILL_1,body-flicker,Body Flicker,Body Flicker,PHYSICAL,ACTIVE,combat,HERO_VERSION_EXPLICIT_ALIAS,PLAYABLE_DESIGN_BASELINE,Explicit per-version alias seeded from swordsman/body-flicker; M47 must tune version-specific mechanics and evidence before final canon parity.
hvs-genma-shiranui-core-skill-2,genma-shiranui-core,SKILL_2,chakra-blade,Chakra Blade,Chakra Blade,PHYSICAL,ACTIVE,combat,HERO_VERSION_EXPLICIT_ALIAS,PLAYABLE_DESIGN_BASELINE,Explicit per-version alias seeded from swordsman/chakra-blade; M47 must tune version-specific mechanics and evidence before final canon parity.
hvs-genma-shiranui-core-ultimate,genma-shiranui-core,ULTIMATE,crescent-slash,Crescent Slash,Crescent Slash,PHYSICAL,ACTIVE,combat,HERO_VERSION_EXPLICIT_ALIAS,PLAYABLE_DESIGN_BASELINE,Explicit per-version alias seeded from swordsman/crescent-slash; M47 must tune version-specific mechanics and evidence before final canon parity.
hvs-genma-shiranui-core-passive,genma-shiranui-core,PASSIVE,passive-swordsman,Passive Swordsman,Passive Swordsman,CHAKRA,PASSIVE,passive,HERO_VERSION_EXPLICIT_ALIAS,PLAYABLE_DESIGN_BASELINE,Explicit per-version alias seeded from swordsman/passive-swordsman; M47 must tune version-specific mechanics and evidence before final canon parity.
hvs-ginkaku-base-basic,ginkaku-base,BASIC,basic-punch,Basic Punch,Basic Punch,PHYSICAL,BASIC,combat,HERO_VERSION_EXPLICIT_ALIAS,PLAYABLE_DESIGN_BASELINE,Explicit per-version alias seeded from jinchuriki/basic-punch; M47 must tune version-specific mechanics and evidence before final canon parity.
hvs-ginkaku-base-skill-1,ginkaku-base,SKILL_1,tailed-cloak,Tailed Cloak,Tailed Cloak,CHAKRA,ACTIVE,combat,HERO_VERSION_EXPLICIT_ALIAS,PLAYABLE_DESIGN_BASELINE,Explicit per-version alias seeded from jinchuriki/tailed-cloak; M47 must tune version-specific mechanics and evidence before final canon parity.
hvs-ginkaku-base-skill-2,ginkaku-base,SKILL_2,kurama-claw,Kurama Claw,Kurama Claw,CHAKRA,ACTIVE,combat,HERO_VERSION_EXPLICIT_ALIAS,PLAYABLE_DESIGN_BASELINE,Explicit per-version alias seeded from jinchuriki/kurama-claw; M47 must tune version-specific mechanics and evidence before final canon parity.
hvs-ginkaku-base-ultimate,ginkaku-base,ULTIMATE,tailed-beast-bomb,Tailed Beast Bomb,Tailed Beast Bomb,CHAKRA,ULTIMATE,burst,HERO_VERSION_EXPLICIT_ALIAS,PLAYABLE_DESIGN_BASELINE,Explicit per-version alias seeded from jinchuriki/tailed-beast-bomb; M47 must tune version-specific mechanics and evidence before final canon parity.
hvs-ginkaku-base-passive,ginkaku-base,PASSIVE,passive-jinchuriki,Passive Jinchuriki,Passive Jinchuriki,CHAKRA,PASSIVE,jinchuriki|passive,HERO_VERSION_EXPLICIT_ALIAS,PLAYABLE_DESIGN_BASELINE,Explicit per-version alias seeded from jinchuriki/passive-jinchuriki; M47 must tune version-specific mechanics and evidence before final canon parity.
hvs-gozu-core-basic,gozu-core,BASIC,basic-sword,Basic Sword,Basic Sword,PHYSICAL,BASIC,combat,HERO_VERSION_EXPLICIT_ALIAS,PLAYABLE_DESIGN_BASELINE,Explicit per-version alias seeded from swordsman/basic-sword; M47 must tune version-specific mechanics and evidence before final canon parity.
hvs-gozu-core-skill-1,gozu-core,SKILL_1,body-flicker,Body Flicker,Body Flicker,PHYSICAL,ACTIVE,combat,HERO_VERSION_EXPLICIT_ALIAS,PLAYABLE_DESIGN_BASELINE,Explicit per-version alias seeded from swordsman/body-flicker; M47 must tune version-specific mechanics and evidence before final canon parity.
hvs-gozu-core-skill-2,gozu-core,SKILL_2,chakra-blade,Chakra Blade,Chakra Blade,PHYSICAL,ACTIVE,combat,HERO_VERSION_EXPLICIT_ALIAS,PLAYABLE_DESIGN_BASELINE,Explicit per-version alias seeded from swordsman/chakra-blade; M47 must tune version-specific mechanics and evidence before final canon parity.
hvs-gozu-core-ultimate,gozu-core,ULTIMATE,crescent-slash,Crescent Slash,Crescent Slash,PHYSICAL,ACTIVE,combat,HERO_VERSION_EXPLICIT_ALIAS,PLAYABLE_DESIGN_BASELINE,Explicit per-version alias seeded from swordsman/crescent-slash; M47 must tune version-specific mechanics and evidence before final canon parity.
hvs-gozu-core-passive,gozu-core,PASSIVE,passive-swordsman,Passive Swordsman,Passive Swordsman,CHAKRA,PASSIVE,passive,HERO_VERSION_EXPLICIT_ALIAS,PLAYABLE_DESIGN_BASELINE,Explicit per-version alias seeded from swordsman/passive-swordsman; M47 must tune version-specific mechanics and evidence before final canon parity.
hvs-guren-core-basic,guren-core,BASIC,basic-punch,Basic Punch,Basic Punch,PHYSICAL,BASIC,combat,HERO_VERSION_EXPLICIT_ALIAS,PLAYABLE_DESIGN_BASELINE,Explicit per-version alias seeded from earth/basic-punch; M47 must tune version-specific mechanics and evidence before final canon parity.
hvs-guren-core-skill-1,guren-core,SKILL_1,earth-wall,Earth Wall,Earth Wall,CHAKRA,ACTIVE,earth,HERO_VERSION_EXPLICIT_ALIAS,PLAYABLE_DESIGN_BASELINE,Explicit per-version alias seeded from earth/earth-wall; M47 must tune version-specific mechanics and evidence before final canon parity.
hvs-guren-core-skill-2,guren-core,SKILL_2,earth-pillar,Earth Pillar,Earth Pillar,CHAKRA,ACTIVE,earth,HERO_VERSION_EXPLICIT_ALIAS,PLAYABLE_DESIGN_BASELINE,Explicit per-version alias seeded from earth/earth-pillar; M47 must tune version-specific mechanics and evidence before final canon parity.
hvs-guren-core-ultimate,guren-core,ULTIMATE,earth-quake,Earth Quake,Earth Quake,CHAKRA,ULTIMATE,earth|burst,HERO_VERSION_EXPLICIT_ALIAS,PLAYABLE_DESIGN_BASELINE,Explicit per-version alias seeded from earth/earth-quake; M47 must tune version-specific mechanics and evidence before final canon parity.
hvs-guren-core-passive,guren-core,PASSIVE,passive-strategist,Passive Strategist,Passive Strategist,CHAKRA,PASSIVE,passive,HERO_VERSION_EXPLICIT_ALIAS,PLAYABLE_DESIGN_BASELINE,Explicit per-version alias seeded from earth/passive-strategist; M47 must tune version-specific mechanics and evidence before final canon parity.
hvs-hagoromo-young-basic,hagoromo-young,BASIC,basic-chakra-palm,Basic Chakra Palm,Basic Chakra Palm,CHAKRA,BASIC,combat,HERO_VERSION_EXPLICIT_ALIAS,PLAYABLE_DESIGN_BASELINE,Explicit per-version alias seeded from sixpaths/basic-chakra-palm; M47 must tune version-specific mechanics and evidence before final canon parity.
hvs-hagoromo-young-skill-1,hagoromo-young,SKILL_1,limbo,Limbo,Limbo,CHAKRA,ACTIVE,combat,HERO_VERSION_EXPLICIT_ALIAS,PLAYABLE_DESIGN_BASELINE,Explicit per-version alias seeded from sixpaths/limbo; M47 must tune version-specific mechanics and evidence before final canon parity.
hvs-hagoromo-young-skill-2,hagoromo-young,SKILL_2,truth-seeking-orbs,Truth-Seeking Orbs,Truth-Seeking Orbs,CHAKRA,ULTIMATE,burst,HERO_VERSION_EXPLICIT_ALIAS,PLAYABLE_DESIGN_BASELINE,Explicit per-version alias seeded from sixpaths/truth-seeking-orbs; M47 must tune version-specific mechanics and evidence before final canon parity.
hvs-hagoromo-young-ultimate,hagoromo-young,ULTIMATE,tengai-shinsei,Tengai Shinsei,Tengai Shinsei,CHAKRA,ULTIMATE,burst,HERO_VERSION_EXPLICIT_ALIAS,PLAYABLE_DESIGN_BASELINE,Explicit per-version alias seeded from sixpaths/tengai-shinsei; M47 must tune version-specific mechanics and evidence before final canon parity.
hvs-hagoromo-young-passive,hagoromo-young,PASSIVE,passive-sage,Passive Sage,Passive Sage,CHAKRA,PASSIVE,sage|passive,HERO_VERSION_EXPLICIT_ALIAS,PLAYABLE_DESIGN_BASELINE,Explicit per-version alias seeded from sixpaths/passive-sage; M47 must tune version-specific mechanics and evidence before final canon parity.
hvs-haku-core-basic,haku-core,BASIC,basic-sword,Basic Sword,Basic Sword,PHYSICAL,BASIC,combat,HERO_VERSION_EXPLICIT_ALIAS,PLAYABLE_DESIGN_BASELINE,Explicit per-version alias seeded from water/basic-sword; M47 must tune version-specific mechanics and evidence before final canon parity.
hvs-haku-core-skill-1,haku-core,SKILL_1,water-dragon,Water Dragon,Water Dragon,CHAKRA,ACTIVE,water,HERO_VERSION_EXPLICIT_ALIAS,PLAYABLE_DESIGN_BASELINE,Explicit per-version alias seeded from water/water-dragon; M47 must tune version-specific mechanics and evidence before final canon parity.
hvs-haku-core-skill-2,haku-core,SKILL_2,mist-assassination,Mist Assassination,Mist Assassination,PHYSICAL,ACTIVE,combat,HERO_VERSION_EXPLICIT_ALIAS,PLAYABLE_DESIGN_BASELINE,Explicit per-version alias seeded from water/mist-assassination; M47 must tune version-specific mechanics and evidence before final canon parity.
hvs-haku-core-ultimate,haku-core,ULTIMATE,water-shark-bomb,Water Shark Bomb,Water Shark Bomb,CHAKRA,ULTIMATE,water|burst,HERO_VERSION_EXPLICIT_ALIAS,PLAYABLE_DESIGN_BASELINE,Explicit per-version alias seeded from water/water-shark-bomb; M47 must tune version-specific mechanics and evidence before final canon parity.
hvs-haku-core-passive,haku-core,PASSIVE,passive-swordsman,Passive Swordsman,Passive Swordsman,CHAKRA,PASSIVE,passive,HERO_VERSION_EXPLICIT_ALIAS,PLAYABLE_DESIGN_BASELINE,Explicit per-version alias seeded from water/passive-swordsman; M47 must tune version-specific mechanics and evidence before final canon parity.
hvs-hamura-otsutsuki-core-basic,hamura-otsutsuki-core,BASIC,basic-chakra-palm,Basic Chakra Palm,Basic Chakra Palm,CHAKRA,BASIC,combat,HERO_VERSION_EXPLICIT_ALIAS,PLAYABLE_DESIGN_BASELINE,Explicit per-version alias seeded from sixpaths/basic-chakra-palm; M47 must tune version-specific mechanics and evidence before final canon parity.
hvs-hamura-otsutsuki-core-skill-1,hamura-otsutsuki-core,SKILL_1,limbo,Limbo,Limbo,CHAKRA,ACTIVE,combat,HERO_VERSION_EXPLICIT_ALIAS,PLAYABLE_DESIGN_BASELINE,Explicit per-version alias seeded from sixpaths/limbo; M47 must tune version-specific mechanics and evidence before final canon parity.
hvs-hamura-otsutsuki-core-skill-2,hamura-otsutsuki-core,SKILL_2,truth-seeking-orbs,Truth-Seeking Orbs,Truth-Seeking Orbs,CHAKRA,ULTIMATE,burst,HERO_VERSION_EXPLICIT_ALIAS,PLAYABLE_DESIGN_BASELINE,Explicit per-version alias seeded from sixpaths/truth-seeking-orbs; M47 must tune version-specific mechanics and evidence before final canon parity.
hvs-hamura-otsutsuki-core-ultimate,hamura-otsutsuki-core,ULTIMATE,tengai-shinsei,Tengai Shinsei,Tengai Shinsei,CHAKRA,ULTIMATE,burst,HERO_VERSION_EXPLICIT_ALIAS,PLAYABLE_DESIGN_BASELINE,Explicit per-version alias seeded from sixpaths/tengai-shinsei; M47 must tune version-specific mechanics and evidence before final canon parity.
hvs-hamura-otsutsuki-core-passive,hamura-otsutsuki-core,PASSIVE,passive-sage,Passive Sage,Passive Sage,CHAKRA,PASSIVE,sage|passive,HERO_VERSION_EXPLICIT_ALIAS,PLAYABLE_DESIGN_BASELINE,Explicit per-version alias seeded from sixpaths/passive-sage; M47 must tune version-specific mechanics and evidence before final canon parity.
hvs-han-base-basic,han-base,BASIC,basic-punch,Basic Punch,Basic Punch,PHYSICAL,BASIC,combat,HERO_VERSION_EXPLICIT_ALIAS,PLAYABLE_DESIGN_BASELINE,Explicit per-version alias seeded from jinchuriki/basic-punch; M47 must tune version-specific mechanics and evidence before final canon parity.
hvs-han-base-skill-1,han-base,SKILL_1,tailed-cloak,Tailed Cloak,Tailed Cloak,CHAKRA,ACTIVE,combat,HERO_VERSION_EXPLICIT_ALIAS,PLAYABLE_DESIGN_BASELINE,Explicit per-version alias seeded from jinchuriki/tailed-cloak; M47 must tune version-specific mechanics and evidence before final canon parity.
hvs-han-base-skill-2,han-base,SKILL_2,kurama-claw,Kurama Claw,Kurama Claw,CHAKRA,ACTIVE,combat,HERO_VERSION_EXPLICIT_ALIAS,PLAYABLE_DESIGN_BASELINE,Explicit per-version alias seeded from jinchuriki/kurama-claw; M47 must tune version-specific mechanics and evidence before final canon parity.
hvs-han-base-ultimate,han-base,ULTIMATE,tailed-beast-bomb,Tailed Beast Bomb,Tailed Beast Bomb,CHAKRA,ULTIMATE,burst,HERO_VERSION_EXPLICIT_ALIAS,PLAYABLE_DESIGN_BASELINE,Explicit per-version alias seeded from jinchuriki/tailed-beast-bomb; M47 must tune version-specific mechanics and evidence before final canon parity.
hvs-han-base-passive,han-base,PASSIVE,passive-jinchuriki,Passive Jinchuriki,Passive Jinchuriki,CHAKRA,PASSIVE,jinchuriki|passive,HERO_VERSION_EXPLICIT_ALIAS,PLAYABLE_DESIGN_BASELINE,Explicit per-version alias seeded from jinchuriki/passive-jinchuriki; M47 must tune version-specific mechanics and evidence before final canon parity.
hvs-hanabi-hyuga-core-basic,hanabi-hyuga-core,BASIC,basic-chakra-palm,Basic Chakra Palm,Basic Chakra Palm,CHAKRA,BASIC,combat,HERO_VERSION_EXPLICIT_ALIAS,PLAYABLE_DESIGN_BASELINE,Explicit per-version alias seeded from hyuga/basic-chakra-palm; M47 must tune version-specific mechanics and evidence before final canon parity.
hvs-hanabi-hyuga-core-skill-1,hanabi-hyuga-core,SKILL_1,gentle-fist,Gentle Fist,Gentle Fist,PHYSICAL,ACTIVE,combat,HERO_VERSION_EXPLICIT_ALIAS,PLAYABLE_DESIGN_BASELINE,Explicit per-version alias seeded from hyuga/gentle-fist; M47 must tune version-specific mechanics and evidence before final canon parity.
hvs-hanabi-hyuga-core-skill-2,hanabi-hyuga-core,SKILL_2,rotation,Rotation,Rotation,PHYSICAL,ACTIVE,combat,HERO_VERSION_EXPLICIT_ALIAS,PLAYABLE_DESIGN_BASELINE,Explicit per-version alias seeded from hyuga/rotation; M47 must tune version-specific mechanics and evidence before final canon parity.
hvs-hanabi-hyuga-core-ultimate,hanabi-hyuga-core,ULTIMATE,eight-trigrams-64,Eight Trigrams: Sixty-Four Palms,Eight Trigrams: Sixty-Four Palms,CHAKRA,ULTIMATE,burst,HERO_VERSION_EXPLICIT_ALIAS,PLAYABLE_DESIGN_BASELINE,Explicit per-version alias seeded from hyuga/eight-trigrams-64; M47 must tune version-specific mechanics and evidence before final canon parity.
hvs-hanabi-hyuga-core-passive,hanabi-hyuga-core,PASSIVE,passive-byakugan,Passive Byakugan,Passive Byakugan,CHAKRA,PASSIVE,passive,HERO_VERSION_EXPLICIT_ALIAS,PLAYABLE_DESIGN_BASELINE,Explicit per-version alias seeded from hyuga/passive-byakugan; M47 must tune version-specific mechanics and evidence before final canon parity.
hvs-hanzo-core-basic,hanzo-core,BASIC,basic-sword,Basic Sword,Basic Sword,PHYSICAL,BASIC,combat,HERO_VERSION_EXPLICIT_ALIAS,PLAYABLE_DESIGN_BASELINE,Explicit per-version alias seeded from swordsman/basic-sword; M47 must tune version-specific mechanics and evidence before final canon parity.
hvs-hanzo-core-skill-1,hanzo-core,SKILL_1,body-flicker,Body Flicker,Body Flicker,PHYSICAL,ACTIVE,combat,HERO_VERSION_EXPLICIT_ALIAS,PLAYABLE_DESIGN_BASELINE,Explicit per-version alias seeded from swordsman/body-flicker; M47 must tune version-specific mechanics and evidence before final canon parity.
hvs-hanzo-core-skill-2,hanzo-core,SKILL_2,chakra-blade,Chakra Blade,Chakra Blade,PHYSICAL,ACTIVE,combat,HERO_VERSION_EXPLICIT_ALIAS,PLAYABLE_DESIGN_BASELINE,Explicit per-version alias seeded from swordsman/chakra-blade; M47 must tune version-specific mechanics and evidence before final canon parity.
hvs-hanzo-core-ultimate,hanzo-core,ULTIMATE,crescent-slash,Crescent Slash,Crescent Slash,PHYSICAL,ACTIVE,combat,HERO_VERSION_EXPLICIT_ALIAS,PLAYABLE_DESIGN_BASELINE,Explicit per-version alias seeded from swordsman/crescent-slash; M47 must tune version-specific mechanics and evidence before final canon parity.
hvs-hanzo-core-passive,hanzo-core,PASSIVE,passive-swordsman,Passive Swordsman,Passive Swordsman,CHAKRA,PASSIVE,passive,HERO_VERSION_EXPLICIT_ALIAS,PLAYABLE_DESIGN_BASELINE,Explicit per-version alias seeded from swordsman/passive-swordsman; M47 must tune version-specific mechanics and evidence before final canon parity.
hvs-hashirama-hokage-basic,hashirama-hokage,BASIC,basic-chakra-palm,Basic Chakra Palm,Basic Chakra Palm,CHAKRA,BASIC,combat,HERO_VERSION_EXPLICIT_ALIAS,PLAYABLE_DESIGN_BASELINE,Explicit per-version alias seeded from wood/basic-chakra-palm; M47 must tune version-specific mechanics and evidence before final canon parity.
hvs-hashirama-hokage-skill-1,hashirama-hokage,SKILL_1,wood-spikes,Wood Spikes,Wood Spikes,CHAKRA,ACTIVE,wood,HERO_VERSION_EXPLICIT_ALIAS,PLAYABLE_DESIGN_BASELINE,Explicit per-version alias seeded from wood/wood-spikes; M47 must tune version-specific mechanics and evidence before final canon parity.
hvs-hashirama-hokage-skill-2,hashirama-hokage,SKILL_2,wood-dragon,Wood Dragon,Wood Dragon,CHAKRA,ACTIVE,wood,HERO_VERSION_EXPLICIT_ALIAS,PLAYABLE_DESIGN_BASELINE,Explicit per-version alias seeded from wood/wood-dragon; M47 must tune version-specific mechanics and evidence before final canon parity.
hvs-hashirama-hokage-ultimate,hashirama-hokage,ULTIMATE,deep-forest-emergence,Deep Forest Emergence,Deep Forest Emergence,CHAKRA,ULTIMATE,burst,HERO_VERSION_EXPLICIT_ALIAS,PLAYABLE_DESIGN_BASELINE,Explicit per-version alias seeded from wood/deep-forest-emergence; M47 must tune version-specific mechanics and evidence before final canon parity.
hvs-hashirama-hokage-passive,hashirama-hokage,PASSIVE,passive-sage,Passive Sage,Passive Sage,CHAKRA,PASSIVE,sage|passive,HERO_VERSION_EXPLICIT_ALIAS,PLAYABLE_DESIGN_BASELINE,Explicit per-version alias seeded from wood/passive-sage; M47 must tune version-specific mechanics and evidence before final canon parity.
hvs-hayate-gekko-core-basic,hayate-gekko-core,BASIC,basic-sword,Basic Sword,Basic Sword,PHYSICAL,BASIC,combat,HERO_VERSION_EXPLICIT_ALIAS,PLAYABLE_DESIGN_BASELINE,Explicit per-version alias seeded from swordsman/basic-sword; M47 must tune version-specific mechanics and evidence before final canon parity.
hvs-hayate-gekko-core-skill-1,hayate-gekko-core,SKILL_1,body-flicker,Body Flicker,Body Flicker,PHYSICAL,ACTIVE,combat,HERO_VERSION_EXPLICIT_ALIAS,PLAYABLE_DESIGN_BASELINE,Explicit per-version alias seeded from swordsman/body-flicker; M47 must tune version-specific mechanics and evidence before final canon parity.
hvs-hayate-gekko-core-skill-2,hayate-gekko-core,SKILL_2,chakra-blade,Chakra Blade,Chakra Blade,PHYSICAL,ACTIVE,combat,HERO_VERSION_EXPLICIT_ALIAS,PLAYABLE_DESIGN_BASELINE,Explicit per-version alias seeded from swordsman/chakra-blade; M47 must tune version-specific mechanics and evidence before final canon parity.
hvs-hayate-gekko-core-ultimate,hayate-gekko-core,ULTIMATE,crescent-slash,Crescent Slash,Crescent Slash,PHYSICAL,ACTIVE,combat,HERO_VERSION_EXPLICIT_ALIAS,PLAYABLE_DESIGN_BASELINE,Explicit per-version alias seeded from swordsman/crescent-slash; M47 must tune version-specific mechanics and evidence before final canon parity.
hvs-hayate-gekko-core-passive,hayate-gekko-core,PASSIVE,passive-swordsman,Passive Swordsman,Passive Swordsman,CHAKRA,PASSIVE,passive,HERO_VERSION_EXPLICIT_ALIAS,PLAYABLE_DESIGN_BASELINE,Explicit per-version alias seeded from swordsman/passive-swordsman; M47 must tune version-specific mechanics and evidence before final canon parity.
hvs-hiashi-hyuga-core-basic,hiashi-hyuga-core,BASIC,basic-chakra-palm,Basic Chakra Palm,Basic Chakra Palm,CHAKRA,BASIC,combat,HERO_VERSION_EXPLICIT_ALIAS,PLAYABLE_DESIGN_BASELINE,Explicit per-version alias seeded from hyuga/basic-chakra-palm; M47 must tune version-specific mechanics and evidence before final canon parity.
hvs-hiashi-hyuga-core-skill-1,hiashi-hyuga-core,SKILL_1,gentle-fist,Gentle Fist,Gentle Fist,PHYSICAL,ACTIVE,combat,HERO_VERSION_EXPLICIT_ALIAS,PLAYABLE_DESIGN_BASELINE,Explicit per-version alias seeded from hyuga/gentle-fist; M47 must tune version-specific mechanics and evidence before final canon parity.
hvs-hiashi-hyuga-core-skill-2,hiashi-hyuga-core,SKILL_2,rotation,Rotation,Rotation,PHYSICAL,ACTIVE,combat,HERO_VERSION_EXPLICIT_ALIAS,PLAYABLE_DESIGN_BASELINE,Explicit per-version alias seeded from hyuga/rotation; M47 must tune version-specific mechanics and evidence before final canon parity.
hvs-hiashi-hyuga-core-ultimate,hiashi-hyuga-core,ULTIMATE,eight-trigrams-64,Eight Trigrams: Sixty-Four Palms,Eight Trigrams: Sixty-Four Palms,CHAKRA,ULTIMATE,burst,HERO_VERSION_EXPLICIT_ALIAS,PLAYABLE_DESIGN_BASELINE,Explicit per-version alias seeded from hyuga/eight-trigrams-64; M47 must tune version-specific mechanics and evidence before final canon parity.
hvs-hiashi-hyuga-core-passive,hiashi-hyuga-core,PASSIVE,passive-byakugan,Passive Byakugan,Passive Byakugan,CHAKRA,PASSIVE,passive,HERO_VERSION_EXPLICIT_ALIAS,PLAYABLE_DESIGN_BASELINE,Explicit per-version alias seeded from hyuga/passive-byakugan; M47 must tune version-specific mechanics and evidence before final canon parity.
hvs-hidan-core-basic,hidan-core,BASIC,basic-sword,Basic Sword,Basic Sword,PHYSICAL,BASIC,combat,HERO_VERSION_EXPLICIT_ALIAS,PLAYABLE_DESIGN_BASELINE,Explicit per-version alias seeded from hidan/basic-sword; M47 must tune version-specific mechanics and evidence before final canon parity.
hvs-hidan-core-skill-1,hidan-core,SKILL_1,triple-scythe,Triple Scythe,Triple Scythe,PHYSICAL,ACTIVE,combat,HERO_VERSION_EXPLICIT_ALIAS,PLAYABLE_DESIGN_BASELINE,Explicit per-version alias seeded from hidan/triple-scythe; M47 must tune version-specific mechanics and evidence before final canon parity.
hvs-hidan-core-skill-2,hidan-core,SKILL_2,body-flicker,Body Flicker,Body Flicker,PHYSICAL,ACTIVE,combat,HERO_VERSION_EXPLICIT_ALIAS,PLAYABLE_DESIGN_BASELINE,Explicit per-version alias seeded from hidan/body-flicker; M47 must tune version-specific mechanics and evidence before final canon parity.
hvs-hidan-core-ultimate,hidan-core,ULTIMATE,curse-ritual,Curse Ritual,Curse Ritual,CHAKRA,ULTIMATE,burst,HERO_VERSION_EXPLICIT_ALIAS,PLAYABLE_DESIGN_BASELINE,Explicit per-version alias seeded from hidan/curse-ritual; M47 must tune version-specific mechanics and evidence before final canon parity.
hvs-hidan-core-passive,hidan-core,PASSIVE,passive-immortal,Passive Immortal,Passive Immortal,CHAKRA,PASSIVE,passive,HERO_VERSION_EXPLICIT_ALIAS,PLAYABLE_DESIGN_BASELINE,Explicit per-version alias seeded from hidan/passive-immortal; M47 must tune version-specific mechanics and evidence before final canon parity.
hvs-hinata-hyuga-core-basic,hinata-hyuga-core,BASIC,basic-chakra-palm,Basic Chakra Palm,Basic Chakra Palm,CHAKRA,BASIC,combat,HERO_VERSION_EXPLICIT_ALIAS,PLAYABLE_DESIGN_BASELINE,Explicit per-version alias seeded from hyuga/basic-chakra-palm; M47 must tune version-specific mechanics and evidence before final canon parity.
hvs-hinata-hyuga-core-skill-1,hinata-hyuga-core,SKILL_1,gentle-fist,Gentle Fist,Gentle Fist,PHYSICAL,ACTIVE,combat,HERO_VERSION_EXPLICIT_ALIAS,PLAYABLE_DESIGN_BASELINE,Explicit per-version alias seeded from hyuga/gentle-fist; M47 must tune version-specific mechanics and evidence before final canon parity.
hvs-hinata-hyuga-core-skill-2,hinata-hyuga-core,SKILL_2,rotation,Rotation,Rotation,PHYSICAL,ACTIVE,combat,HERO_VERSION_EXPLICIT_ALIAS,PLAYABLE_DESIGN_BASELINE,Explicit per-version alias seeded from hyuga/rotation; M47 must tune version-specific mechanics and evidence before final canon parity.
hvs-hinata-hyuga-core-ultimate,hinata-hyuga-core,ULTIMATE,eight-trigrams-64,Eight Trigrams: Sixty-Four Palms,Eight Trigrams: Sixty-Four Palms,CHAKRA,ULTIMATE,burst,HERO_VERSION_EXPLICIT_ALIAS,PLAYABLE_DESIGN_BASELINE,Explicit per-version alias seeded from hyuga/eight-trigrams-64; M47 must tune version-specific mechanics and evidence before final canon parity.
hvs-hinata-hyuga-core-passive,hinata-hyuga-core,PASSIVE,passive-byakugan,Passive Byakugan,Passive Byakugan,CHAKRA,PASSIVE,passive,HERO_VERSION_EXPLICIT_ALIAS,PLAYABLE_DESIGN_BASELINE,Explicit per-version alias seeded from hyuga/passive-byakugan; M47 must tune version-specific mechanics and evidence before final canon parity.
hvs-hiruko-core-basic,hiruko-core,BASIC,basic-kunai,Basic Kunai,Basic Kunai,PHYSICAL,BASIC,combat,HERO_VERSION_EXPLICIT_ALIAS,PLAYABLE_DESIGN_BASELINE,Explicit per-version alias seeded from genjutsu/basic-kunai; M47 must tune version-specific mechanics and evidence before final canon parity.
hvs-hiruko-core-skill-1,hiruko-core,SKILL_1,genjutsu-eye,Genjutsu Eye,Genjutsu Eye,CHAKRA,ACTIVE,genjutsu,HERO_VERSION_EXPLICIT_ALIAS,PLAYABLE_DESIGN_BASELINE,Explicit per-version alias seeded from genjutsu/genjutsu-eye; M47 must tune version-specific mechanics and evidence before final canon parity.
hvs-hiruko-core-skill-2,hiruko-core,SKILL_2,mind-destruction,Mind Destruction,Mind Destruction,CHAKRA,ACTIVE,mind,HERO_VERSION_EXPLICIT_ALIAS,PLAYABLE_DESIGN_BASELINE,Explicit per-version alias seeded from genjutsu/mind-destruction; M47 must tune version-specific mechanics and evidence before final canon parity.
hvs-hiruko-core-ultimate,hiruko-core,ULTIMATE,illusion-prison,Illusion Prison,Illusion Prison,CHAKRA,ULTIMATE,burst,HERO_VERSION_EXPLICIT_ALIAS,PLAYABLE_DESIGN_BASELINE,Explicit per-version alias seeded from genjutsu/illusion-prison; M47 must tune version-specific mechanics and evidence before final canon parity.
hvs-hiruko-core-passive,hiruko-core,PASSIVE,passive-strategist,Passive Strategist,Passive Strategist,CHAKRA,PASSIVE,passive,HERO_VERSION_EXPLICIT_ALIAS,PLAYABLE_DESIGN_BASELINE,Explicit per-version alias seeded from genjutsu/passive-strategist; M47 must tune version-specific mechanics and evidence before final canon parity.
hvs-hiruzen-prime-basic,hiruzen-prime,BASIC,basic-sword,Basic Sword,Basic Sword,PHYSICAL,BASIC,combat,HERO_VERSION_EXPLICIT_ALIAS,PLAYABLE_DESIGN_BASELINE,Explicit per-version alias seeded from swordsman/basic-sword; M47 must tune version-specific mechanics and evidence before final canon parity.
hvs-hiruzen-prime-skill-1,hiruzen-prime,SKILL_1,body-flicker,Body Flicker,Body Flicker,PHYSICAL,ACTIVE,combat,HERO_VERSION_EXPLICIT_ALIAS,PLAYABLE_DESIGN_BASELINE,Explicit per-version alias seeded from swordsman/body-flicker; M47 must tune version-specific mechanics and evidence before final canon parity.
hvs-hiruzen-prime-skill-2,hiruzen-prime,SKILL_2,chakra-blade,Chakra Blade,Chakra Blade,PHYSICAL,ACTIVE,combat,HERO_VERSION_EXPLICIT_ALIAS,PLAYABLE_DESIGN_BASELINE,Explicit per-version alias seeded from swordsman/chakra-blade; M47 must tune version-specific mechanics and evidence before final canon parity.
hvs-hiruzen-prime-ultimate,hiruzen-prime,ULTIMATE,crescent-slash,Crescent Slash,Crescent Slash,PHYSICAL,ACTIVE,combat,HERO_VERSION_EXPLICIT_ALIAS,PLAYABLE_DESIGN_BASELINE,Explicit per-version alias seeded from swordsman/crescent-slash; M47 must tune version-specific mechanics and evidence before final canon parity.
hvs-hiruzen-prime-passive,hiruzen-prime,PASSIVE,passive-swordsman,Passive Swordsman,Passive Swordsman,CHAKRA,PASSIVE,passive,HERO_VERSION_EXPLICIT_ALIAS,PLAYABLE_DESIGN_BASELINE,Explicit per-version alias seeded from swordsman/passive-swordsman; M47 must tune version-specific mechanics and evidence before final canon parity.
hvs-hizashi-hyuga-core-basic,hizashi-hyuga-core,BASIC,basic-chakra-palm,Basic Chakra Palm,Basic Chakra Palm,CHAKRA,BASIC,combat,HERO_VERSION_EXPLICIT_ALIAS,PLAYABLE_DESIGN_BASELINE,Explicit per-version alias seeded from hyuga/basic-chakra-palm; M47 must tune version-specific mechanics and evidence before final canon parity.
hvs-hizashi-hyuga-core-skill-1,hizashi-hyuga-core,SKILL_1,gentle-fist,Gentle Fist,Gentle Fist,PHYSICAL,ACTIVE,combat,HERO_VERSION_EXPLICIT_ALIAS,PLAYABLE_DESIGN_BASELINE,Explicit per-version alias seeded from hyuga/gentle-fist; M47 must tune version-specific mechanics and evidence before final canon parity.
hvs-hizashi-hyuga-core-skill-2,hizashi-hyuga-core,SKILL_2,rotation,Rotation,Rotation,PHYSICAL,ACTIVE,combat,HERO_VERSION_EXPLICIT_ALIAS,PLAYABLE_DESIGN_BASELINE,Explicit per-version alias seeded from hyuga/rotation; M47 must tune version-specific mechanics and evidence before final canon parity.
hvs-hizashi-hyuga-core-ultimate,hizashi-hyuga-core,ULTIMATE,eight-trigrams-64,Eight Trigrams: Sixty-Four Palms,Eight Trigrams: Sixty-Four Palms,CHAKRA,ULTIMATE,burst,HERO_VERSION_EXPLICIT_ALIAS,PLAYABLE_DESIGN_BASELINE,Explicit per-version alias seeded from hyuga/eight-trigrams-64; M47 must tune version-specific mechanics and evidence before final canon parity.
hvs-hizashi-hyuga-core-passive,hizashi-hyuga-core,PASSIVE,passive-byakugan,Passive Byakugan,Passive Byakugan,CHAKRA,PASSIVE,passive,HERO_VERSION_EXPLICIT_ALIAS,PLAYABLE_DESIGN_BASELINE,Explicit per-version alias seeded from hyuga/passive-byakugan; M47 must tune version-specific mechanics and evidence before final canon parity.
hvs-ibiki-morino-core-basic,ibiki-morino-core,BASIC,basic-kunai,Basic Kunai,Basic Kunai,PHYSICAL,BASIC,combat,HERO_VERSION_EXPLICIT_ALIAS,PLAYABLE_DESIGN_BASELINE,Explicit per-version alias seeded from genjutsu/basic-kunai; M47 must tune version-specific mechanics and evidence before final canon parity.
hvs-ibiki-morino-core-skill-1,ibiki-morino-core,SKILL_1,genjutsu-eye,Genjutsu Eye,Genjutsu Eye,CHAKRA,ACTIVE,genjutsu,HERO_VERSION_EXPLICIT_ALIAS,PLAYABLE_DESIGN_BASELINE,Explicit per-version alias seeded from genjutsu/genjutsu-eye; M47 must tune version-specific mechanics and evidence before final canon parity.
hvs-ibiki-morino-core-skill-2,ibiki-morino-core,SKILL_2,mind-destruction,Mind Destruction,Mind Destruction,CHAKRA,ACTIVE,mind,HERO_VERSION_EXPLICIT_ALIAS,PLAYABLE_DESIGN_BASELINE,Explicit per-version alias seeded from genjutsu/mind-destruction; M47 must tune version-specific mechanics and evidence before final canon parity.
hvs-ibiki-morino-core-ultimate,ibiki-morino-core,ULTIMATE,illusion-prison,Illusion Prison,Illusion Prison,CHAKRA,ULTIMATE,burst,HERO_VERSION_EXPLICIT_ALIAS,PLAYABLE_DESIGN_BASELINE,Explicit per-version alias seeded from genjutsu/illusion-prison; M47 must tune version-specific mechanics and evidence before final canon parity.
hvs-ibiki-morino-core-passive,ibiki-morino-core,PASSIVE,passive-strategist,Passive Strategist,Passive Strategist,CHAKRA,PASSIVE,passive,HERO_VERSION_EXPLICIT_ALIAS,PLAYABLE_DESIGN_BASELINE,Explicit per-version alias seeded from genjutsu/passive-strategist; M47 must tune version-specific mechanics and evidence before final canon parity.
hvs-idate-morino-core-basic,idate-morino-core,BASIC,basic-sword,Basic Sword,Basic Sword,PHYSICAL,BASIC,combat,HERO_VERSION_EXPLICIT_ALIAS,PLAYABLE_DESIGN_BASELINE,Explicit per-version alias seeded from swordsman/basic-sword; M47 must tune version-specific mechanics and evidence before final canon parity.
hvs-idate-morino-core-skill-1,idate-morino-core,SKILL_1,body-flicker,Body Flicker,Body Flicker,PHYSICAL,ACTIVE,combat,HERO_VERSION_EXPLICIT_ALIAS,PLAYABLE_DESIGN_BASELINE,Explicit per-version alias seeded from swordsman/body-flicker; M47 must tune version-specific mechanics and evidence before final canon parity.
hvs-idate-morino-core-skill-2,idate-morino-core,SKILL_2,chakra-blade,Chakra Blade,Chakra Blade,PHYSICAL,ACTIVE,combat,HERO_VERSION_EXPLICIT_ALIAS,PLAYABLE_DESIGN_BASELINE,Explicit per-version alias seeded from swordsman/chakra-blade; M47 must tune version-specific mechanics and evidence before final canon parity.
hvs-idate-morino-core-ultimate,idate-morino-core,ULTIMATE,crescent-slash,Crescent Slash,Crescent Slash,PHYSICAL,ACTIVE,combat,HERO_VERSION_EXPLICIT_ALIAS,PLAYABLE_DESIGN_BASELINE,Explicit per-version alias seeded from swordsman/crescent-slash; M47 must tune version-specific mechanics and evidence before final canon parity.
hvs-idate-morino-core-passive,idate-morino-core,PASSIVE,passive-swordsman,Passive Swordsman,Passive Swordsman,CHAKRA,PASSIVE,passive,HERO_VERSION_EXPLICIT_ALIAS,PLAYABLE_DESIGN_BASELINE,Explicit per-version alias seeded from swordsman/passive-swordsman; M47 must tune version-specific mechanics and evidence before final canon parity.
hvs-indra-base-basic,indra-base,BASIC,basic-sword,Basic Sword,Basic Sword,PHYSICAL,BASIC,combat,HERO_VERSION_EXPLICIT_ALIAS,PLAYABLE_DESIGN_BASELINE,Explicit per-version alias seeded from sasuke-ms/basic-sword; M47 must tune version-specific mechanics and evidence before final canon parity.
hvs-indra-base-skill-1,indra-base,SKILL_1,amaterasu,Amaterasu,Amaterasu,CHAKRA,ACTIVE,combat,HERO_VERSION_EXPLICIT_ALIAS,PLAYABLE_DESIGN_BASELINE,Explicit per-version alias seeded from sasuke-ms/amaterasu; M47 must tune version-specific mechanics and evidence before final canon parity.
hvs-indra-base-skill-2,indra-base,SKILL_2,flame-control,Flame Control,Flame Control,CHAKRA,ACTIVE,combat,HERO_VERSION_EXPLICIT_ALIAS,PLAYABLE_DESIGN_BASELINE,Explicit per-version alias seeded from sasuke-ms/flame-control; M47 must tune version-specific mechanics and evidence before final canon parity.
hvs-indra-base-ultimate,indra-base,ULTIMATE,susanoo-arrow,Susanoo Arrow,Susanoo Arrow,CHAKRA,ULTIMATE,susanoo|burst,HERO_VERSION_EXPLICIT_ALIAS,PLAYABLE_DESIGN_BASELINE,Explicit per-version alias seeded from sasuke-ms/susanoo-arrow; M47 must tune version-specific mechanics and evidence before final canon parity.
hvs-indra-base-passive,indra-base,PASSIVE,passive-sharingan,Passive Sharingan,Passive Sharingan,CHAKRA,PASSIVE,passive,HERO_VERSION_EXPLICIT_ALIAS,PLAYABLE_DESIGN_BASELINE,Explicit per-version alias seeded from sasuke-ms/passive-sharingan; M47 must tune version-specific mechanics and evidence before final canon parity.
hvs-ino-yamanaka-core-basic,ino-yamanaka-core,BASIC,basic-kunai,Basic Kunai,Basic Kunai,PHYSICAL,BASIC,combat,HERO_VERSION_EXPLICIT_ALIAS,PLAYABLE_DESIGN_BASELINE,Explicit per-version alias seeded from yamanaka/basic-kunai; M47 must tune version-specific mechanics and evidence before final canon parity.
hvs-ino-yamanaka-core-skill-1,ino-yamanaka-core,SKILL_1,mind-transfer,Mind Transfer,Mind Transfer,CHAKRA,ACTIVE,mind,HERO_VERSION_EXPLICIT_ALIAS,PLAYABLE_DESIGN_BASELINE,Explicit per-version alias seeded from yamanaka/mind-transfer; M47 must tune version-specific mechanics and evidence before final canon parity.
hvs-ino-yamanaka-core-skill-2,ino-yamanaka-core,SKILL_2,mind-destruction,Mind Destruction,Mind Destruction,CHAKRA,ACTIVE,mind,HERO_VERSION_EXPLICIT_ALIAS,PLAYABLE_DESIGN_BASELINE,Explicit per-version alias seeded from yamanaka/mind-destruction; M47 must tune version-specific mechanics and evidence before final canon parity.
hvs-ino-yamanaka-core-ultimate,ino-yamanaka-core,ULTIMATE,mystical-palm,Mystical Palm,Mystical Palm,CHAKRA,ACTIVE,combat,HERO_VERSION_EXPLICIT_ALIAS,PLAYABLE_DESIGN_BASELINE,Explicit per-version alias seeded from yamanaka/mystical-palm; M47 must tune version-specific mechanics and evidence before final canon parity.
hvs-ino-yamanaka-core-passive,ino-yamanaka-core,PASSIVE,passive-strategist,Passive Strategist,Passive Strategist,CHAKRA,PASSIVE,passive,HERO_VERSION_EXPLICIT_ALIAS,PLAYABLE_DESIGN_BASELINE,Explicit per-version alias seeded from yamanaka/passive-strategist; M47 must tune version-specific mechanics and evidence before final canon parity.
hvs-inoichi-yamanaka-core-basic,inoichi-yamanaka-core,BASIC,basic-kunai,Basic Kunai,Basic Kunai,PHYSICAL,BASIC,combat,HERO_VERSION_EXPLICIT_ALIAS,PLAYABLE_DESIGN_BASELINE,Explicit per-version alias seeded from yamanaka/basic-kunai; M47 must tune version-specific mechanics and evidence before final canon parity.
hvs-inoichi-yamanaka-core-skill-1,inoichi-yamanaka-core,SKILL_1,mind-transfer,Mind Transfer,Mind Transfer,CHAKRA,ACTIVE,mind,HERO_VERSION_EXPLICIT_ALIAS,PLAYABLE_DESIGN_BASELINE,Explicit per-version alias seeded from yamanaka/mind-transfer; M47 must tune version-specific mechanics and evidence before final canon parity.
hvs-inoichi-yamanaka-core-skill-2,inoichi-yamanaka-core,SKILL_2,mind-destruction,Mind Destruction,Mind Destruction,CHAKRA,ACTIVE,mind,HERO_VERSION_EXPLICIT_ALIAS,PLAYABLE_DESIGN_BASELINE,Explicit per-version alias seeded from yamanaka/mind-destruction; M47 must tune version-specific mechanics and evidence before final canon parity.
hvs-inoichi-yamanaka-core-ultimate,inoichi-yamanaka-core,ULTIMATE,mystical-palm,Mystical Palm,Mystical Palm,CHAKRA,ACTIVE,combat,HERO_VERSION_EXPLICIT_ALIAS,PLAYABLE_DESIGN_BASELINE,Explicit per-version alias seeded from yamanaka/mystical-palm; M47 must tune version-specific mechanics and evidence before final canon parity.
hvs-inoichi-yamanaka-core-passive,inoichi-yamanaka-core,PASSIVE,passive-strategist,Passive Strategist,Passive Strategist,CHAKRA,PASSIVE,passive,HERO_VERSION_EXPLICIT_ALIAS,PLAYABLE_DESIGN_BASELINE,Explicit per-version alias seeded from yamanaka/passive-strategist; M47 must tune version-specific mechanics and evidence before final canon parity.
hvs-iruka-umino-core-basic,iruka-umino-core,BASIC,basic-punch,Basic Punch,Basic Punch,PHYSICAL,BASIC,combat,HERO_VERSION_EXPLICIT_ALIAS,PLAYABLE_DESIGN_BASELINE,Explicit per-version alias seeded from taijutsu/basic-punch; M47 must tune version-specific mechanics and evidence before final canon parity.
hvs-iruka-umino-core-skill-1,iruka-umino-core,SKILL_1,body-flicker,Body Flicker,Body Flicker,PHYSICAL,ACTIVE,combat,HERO_VERSION_EXPLICIT_ALIAS,PLAYABLE_DESIGN_BASELINE,Explicit per-version alias seeded from taijutsu/body-flicker; M47 must tune version-specific mechanics and evidence before final canon parity.
hvs-iruka-umino-core-skill-2,iruka-umino-core,SKILL_2,kunai-volley,Kunai Volley,Kunai Volley,PHYSICAL,ACTIVE,combat,HERO_VERSION_EXPLICIT_ALIAS,PLAYABLE_DESIGN_BASELINE,Explicit per-version alias seeded from taijutsu/kunai-volley; M47 must tune version-specific mechanics and evidence before final canon parity.
hvs-iruka-umino-core-ultimate,iruka-umino-core,ULTIMATE,taijutsu-combo,Taijutsu Combo,Taijutsu Combo,PHYSICAL,ACTIVE,combat,HERO_VERSION_EXPLICIT_ALIAS,PLAYABLE_DESIGN_BASELINE,Explicit per-version alias seeded from taijutsu/taijutsu-combo; M47 must tune version-specific mechanics and evidence before final canon parity.
hvs-iruka-umino-core-passive,iruka-umino-core,PASSIVE,passive-will-of-fire,Passive Will Of Fire,Passive Will Of Fire,CHAKRA,PASSIVE,fire|passive,HERO_VERSION_EXPLICIT_ALIAS,PLAYABLE_DESIGN_BASELINE,Explicit per-version alias seeded from taijutsu/passive-will-of-fire; M47 must tune version-specific mechanics and evidence before final canon parity.
hvs-ishikawa-core-basic,ishikawa-core,BASIC,basic-punch,Basic Punch,Basic Punch,PHYSICAL,BASIC,combat,HERO_VERSION_EXPLICIT_ALIAS,PLAYABLE_DESIGN_BASELINE,Explicit per-version alias seeded from earth/basic-punch; M47 must tune version-specific mechanics and evidence before final canon parity.
hvs-ishikawa-core-skill-1,ishikawa-core,SKILL_1,earth-wall,Earth Wall,Earth Wall,CHAKRA,ACTIVE,earth,HERO_VERSION_EXPLICIT_ALIAS,PLAYABLE_DESIGN_BASELINE,Explicit per-version alias seeded from earth/earth-wall; M47 must tune version-specific mechanics and evidence before final canon parity.
hvs-ishikawa-core-skill-2,ishikawa-core,SKILL_2,earth-pillar,Earth Pillar,Earth Pillar,CHAKRA,ACTIVE,earth,HERO_VERSION_EXPLICIT_ALIAS,PLAYABLE_DESIGN_BASELINE,Explicit per-version alias seeded from earth/earth-pillar; M47 must tune version-specific mechanics and evidence before final canon parity.
hvs-ishikawa-core-ultimate,ishikawa-core,ULTIMATE,earth-quake,Earth Quake,Earth Quake,CHAKRA,ULTIMATE,earth|burst,HERO_VERSION_EXPLICIT_ALIAS,PLAYABLE_DESIGN_BASELINE,Explicit per-version alias seeded from earth/earth-quake; M47 must tune version-specific mechanics and evidence before final canon parity.
hvs-ishikawa-core-passive,ishikawa-core,PASSIVE,passive-strategist,Passive Strategist,Passive Strategist,CHAKRA,PASSIVE,passive,HERO_VERSION_EXPLICIT_ALIAS,PLAYABLE_DESIGN_BASELINE,Explicit per-version alias seeded from earth/passive-strategist; M47 must tune version-specific mechanics and evidence before final canon parity.
hvs-itachi-akatsuki-basic,itachi-akatsuki,BASIC,basic-kunai,Basic Kunai,Basic Kunai,PHYSICAL,BASIC,combat,HERO_VERSION_EXPLICIT_ALIAS,PLAYABLE_DESIGN_BASELINE,Explicit per-version alias seeded from itachi/basic-kunai; M47 must tune version-specific mechanics and evidence before final canon parity.
hvs-itachi-akatsuki-skill-1,itachi-akatsuki,SKILL_1,fireball-jutsu,Fireball Jutsu,Fireball Jutsu,CHAKRA,ACTIVE,fire,HERO_VERSION_EXPLICIT_ALIAS,PLAYABLE_DESIGN_BASELINE,Explicit per-version alias seeded from itachi/fireball-jutsu; M47 must tune version-specific mechanics and evidence before final canon parity.
hvs-itachi-akatsuki-skill-2,itachi-akatsuki,SKILL_2,tsukuyomi,Tsukuyomi,Tsukuyomi,CHAKRA,ACTIVE,combat,HERO_VERSION_EXPLICIT_ALIAS,PLAYABLE_DESIGN_BASELINE,Explicit per-version alias seeded from itachi/tsukuyomi; M47 must tune version-specific mechanics and evidence before final canon parity.
hvs-itachi-akatsuki-ultimate,itachi-akatsuki,ULTIMATE,totsuka-blade,Totsuka Blade,Totsuka Blade,CHAKRA,ULTIMATE,burst,HERO_VERSION_EXPLICIT_ALIAS,PLAYABLE_DESIGN_BASELINE,Explicit per-version alias seeded from itachi/totsuka-blade; M47 must tune version-specific mechanics and evidence before final canon parity.
hvs-itachi-akatsuki-passive,itachi-akatsuki,PASSIVE,passive-sharingan,Passive Sharingan,Passive Sharingan,CHAKRA,PASSIVE,passive,HERO_VERSION_EXPLICIT_ALIAS,PLAYABLE_DESIGN_BASELINE,Explicit per-version alias seeded from itachi/passive-sharingan; M47 must tune version-specific mechanics and evidence before final canon parity.
hvs-itachi-anbu-basic,itachi-anbu,BASIC,basic-kunai,Basic Kunai,Basic Kunai,PHYSICAL,BASIC,combat,HERO_VERSION_EXPLICIT_ALIAS,PLAYABLE_DESIGN_BASELINE,Explicit per-version alias seeded from itachi/basic-kunai; M47 must tune version-specific mechanics and evidence before final canon parity.
hvs-itachi-anbu-skill-1,itachi-anbu,SKILL_1,fireball-jutsu,Fireball Jutsu,Fireball Jutsu,CHAKRA,ACTIVE,fire,HERO_VERSION_EXPLICIT_ALIAS,PLAYABLE_DESIGN_BASELINE,Explicit per-version alias seeded from itachi/fireball-jutsu; M47 must tune version-specific mechanics and evidence before final canon parity.
hvs-itachi-anbu-skill-2,itachi-anbu,SKILL_2,tsukuyomi,Tsukuyomi,Tsukuyomi,CHAKRA,ACTIVE,combat,HERO_VERSION_EXPLICIT_ALIAS,PLAYABLE_DESIGN_BASELINE,Explicit per-version alias seeded from itachi/tsukuyomi; M47 must tune version-specific mechanics and evidence before final canon parity.
hvs-itachi-anbu-ultimate,itachi-anbu,ULTIMATE,totsuka-blade,Totsuka Blade,Totsuka Blade,CHAKRA,ULTIMATE,burst,HERO_VERSION_EXPLICIT_ALIAS,PLAYABLE_DESIGN_BASELINE,Explicit per-version alias seeded from itachi/totsuka-blade; M47 must tune version-specific mechanics and evidence before final canon parity.
hvs-itachi-anbu-passive,itachi-anbu,PASSIVE,passive-sharingan,Passive Sharingan,Passive Sharingan,CHAKRA,PASSIVE,passive,HERO_VERSION_EXPLICIT_ALIAS,PLAYABLE_DESIGN_BASELINE,Explicit per-version alias seeded from itachi/passive-sharingan; M47 must tune version-specific mechanics and evidence before final canon parity.
hvs-izumo-kamizuki-core-basic,izumo-kamizuki-core,BASIC,basic-sword,Basic Sword,Basic Sword,PHYSICAL,BASIC,combat,HERO_VERSION_EXPLICIT_ALIAS,PLAYABLE_DESIGN_BASELINE,Explicit per-version alias seeded from swordsman/basic-sword; M47 must tune version-specific mechanics and evidence before final canon parity.
hvs-izumo-kamizuki-core-skill-1,izumo-kamizuki-core,SKILL_1,body-flicker,Body Flicker,Body Flicker,PHYSICAL,ACTIVE,combat,HERO_VERSION_EXPLICIT_ALIAS,PLAYABLE_DESIGN_BASELINE,Explicit per-version alias seeded from swordsman/body-flicker; M47 must tune version-specific mechanics and evidence before final canon parity.
hvs-izumo-kamizuki-core-skill-2,izumo-kamizuki-core,SKILL_2,chakra-blade,Chakra Blade,Chakra Blade,PHYSICAL,ACTIVE,combat,HERO_VERSION_EXPLICIT_ALIAS,PLAYABLE_DESIGN_BASELINE,Explicit per-version alias seeded from swordsman/chakra-blade; M47 must tune version-specific mechanics and evidence before final canon parity.
hvs-izumo-kamizuki-core-ultimate,izumo-kamizuki-core,ULTIMATE,crescent-slash,Crescent Slash,Crescent Slash,PHYSICAL,ACTIVE,combat,HERO_VERSION_EXPLICIT_ALIAS,PLAYABLE_DESIGN_BASELINE,Explicit per-version alias seeded from swordsman/crescent-slash; M47 must tune version-specific mechanics and evidence before final canon parity.
hvs-izumo-kamizuki-core-passive,izumo-kamizuki-core,PASSIVE,passive-swordsman,Passive Swordsman,Passive Swordsman,CHAKRA,PASSIVE,passive,HERO_VERSION_EXPLICIT_ALIAS,PLAYABLE_DESIGN_BASELINE,Explicit per-version alias seeded from swordsman/passive-swordsman; M47 must tune version-specific mechanics and evidence before final canon parity.
hvs-izuna-uchiha-core-basic,izuna-uchiha-core,BASIC,basic-sword,Basic Sword,Basic Sword,PHYSICAL,BASIC,combat,HERO_VERSION_EXPLICIT_ALIAS,PLAYABLE_DESIGN_BASELINE,Explicit per-version alias seeded from sasuke/basic-sword; M47 must tune version-specific mechanics and evidence before final canon parity.
hvs-izuna-uchiha-core-skill-1,izuna-uchiha-core,SKILL_1,fireball-jutsu,Fireball Jutsu,Fireball Jutsu,CHAKRA,ACTIVE,fire,HERO_VERSION_EXPLICIT_ALIAS,PLAYABLE_DESIGN_BASELINE,Explicit per-version alias seeded from sasuke/fireball-jutsu; M47 must tune version-specific mechanics and evidence before final canon parity.
hvs-izuna-uchiha-core-skill-2,izuna-uchiha-core,SKILL_2,chidori,Chidori,Chidori,CHAKRA,ACTIVE,combat,HERO_VERSION_EXPLICIT_ALIAS,PLAYABLE_DESIGN_BASELINE,Explicit per-version alias seeded from sasuke/chidori; M47 must tune version-specific mechanics and evidence before final canon parity.
hvs-izuna-uchiha-core-ultimate,izuna-uchiha-core,ULTIMATE,kirin,Kirin,Kirin,CHAKRA,ULTIMATE,burst,HERO_VERSION_EXPLICIT_ALIAS,PLAYABLE_DESIGN_BASELINE,Explicit per-version alias seeded from sasuke/kirin; M47 must tune version-specific mechanics and evidence before final canon parity.
hvs-izuna-uchiha-core-passive,izuna-uchiha-core,PASSIVE,passive-sharingan,Passive Sharingan,Passive Sharingan,CHAKRA,PASSIVE,passive,HERO_VERSION_EXPLICIT_ALIAS,PLAYABLE_DESIGN_BASELINE,Explicit per-version alias seeded from sasuke/passive-sharingan; M47 must tune version-specific mechanics and evidence before final canon parity.
hvs-jinin-akebino-core-basic,jinin-akebino-core,BASIC,basic-sword,Basic Sword,Basic Sword,PHYSICAL,BASIC,combat,HERO_VERSION_EXPLICIT_ALIAS,PLAYABLE_DESIGN_BASELINE,Explicit per-version alias seeded from water/basic-sword; M47 must tune version-specific mechanics and evidence before final canon parity.
hvs-jinin-akebino-core-skill-1,jinin-akebino-core,SKILL_1,water-dragon,Water Dragon,Water Dragon,CHAKRA,ACTIVE,water,HERO_VERSION_EXPLICIT_ALIAS,PLAYABLE_DESIGN_BASELINE,Explicit per-version alias seeded from water/water-dragon; M47 must tune version-specific mechanics and evidence before final canon parity.
hvs-jinin-akebino-core-skill-2,jinin-akebino-core,SKILL_2,mist-assassination,Mist Assassination,Mist Assassination,PHYSICAL,ACTIVE,combat,HERO_VERSION_EXPLICIT_ALIAS,PLAYABLE_DESIGN_BASELINE,Explicit per-version alias seeded from water/mist-assassination; M47 must tune version-specific mechanics and evidence before final canon parity.
hvs-jinin-akebino-core-ultimate,jinin-akebino-core,ULTIMATE,water-shark-bomb,Water Shark Bomb,Water Shark Bomb,CHAKRA,ULTIMATE,water|burst,HERO_VERSION_EXPLICIT_ALIAS,PLAYABLE_DESIGN_BASELINE,Explicit per-version alias seeded from water/water-shark-bomb; M47 must tune version-specific mechanics and evidence before final canon parity.
hvs-jinin-akebino-core-passive,jinin-akebino-core,PASSIVE,passive-swordsman,Passive Swordsman,Passive Swordsman,CHAKRA,PASSIVE,passive,HERO_VERSION_EXPLICIT_ALIAS,PLAYABLE_DESIGN_BASELINE,Explicit per-version alias seeded from water/passive-swordsman; M47 must tune version-specific mechanics and evidence before final canon parity.
hvs-jinpachi-munashi-core-basic,jinpachi-munashi-core,BASIC,basic-sword,Basic Sword,Basic Sword,PHYSICAL,BASIC,combat,HERO_VERSION_EXPLICIT_ALIAS,PLAYABLE_DESIGN_BASELINE,Explicit per-version alias seeded from water/basic-sword; M47 must tune version-specific mechanics and evidence before final canon parity.
hvs-jinpachi-munashi-core-skill-1,jinpachi-munashi-core,SKILL_1,water-dragon,Water Dragon,Water Dragon,CHAKRA,ACTIVE,water,HERO_VERSION_EXPLICIT_ALIAS,PLAYABLE_DESIGN_BASELINE,Explicit per-version alias seeded from water/water-dragon; M47 must tune version-specific mechanics and evidence before final canon parity.
hvs-jinpachi-munashi-core-skill-2,jinpachi-munashi-core,SKILL_2,mist-assassination,Mist Assassination,Mist Assassination,PHYSICAL,ACTIVE,combat,HERO_VERSION_EXPLICIT_ALIAS,PLAYABLE_DESIGN_BASELINE,Explicit per-version alias seeded from water/mist-assassination; M47 must tune version-specific mechanics and evidence before final canon parity.
hvs-jinpachi-munashi-core-ultimate,jinpachi-munashi-core,ULTIMATE,water-shark-bomb,Water Shark Bomb,Water Shark Bomb,CHAKRA,ULTIMATE,water|burst,HERO_VERSION_EXPLICIT_ALIAS,PLAYABLE_DESIGN_BASELINE,Explicit per-version alias seeded from water/water-shark-bomb; M47 must tune version-specific mechanics and evidence before final canon parity.
hvs-jinpachi-munashi-core-passive,jinpachi-munashi-core,PASSIVE,passive-swordsman,Passive Swordsman,Passive Swordsman,CHAKRA,PASSIVE,passive,HERO_VERSION_EXPLICIT_ALIAS,PLAYABLE_DESIGN_BASELINE,Explicit per-version alias seeded from water/passive-swordsman; M47 must tune version-specific mechanics and evidence before final canon parity.
hvs-jirobo-base-basic,jirobo-base,BASIC,basic-kunai,Basic Kunai,Basic Kunai,PHYSICAL,BASIC,combat,HERO_VERSION_EXPLICIT_ALIAS,PLAYABLE_DESIGN_BASELINE,Explicit per-version alias seeded from sound/basic-kunai; M47 must tune version-specific mechanics and evidence before final canon parity.
hvs-jirobo-base-skill-1,jirobo-base,SKILL_1,flute-genjutsu,Flute Genjutsu,Flute Genjutsu,CHAKRA,ACTIVE,genjutsu,HERO_VERSION_EXPLICIT_ALIAS,PLAYABLE_DESIGN_BASELINE,Explicit per-version alias seeded from sound/flute-genjutsu; M47 must tune version-specific mechanics and evidence before final canon parity.
hvs-jirobo-base-skill-2,jirobo-base,SKILL_2,sound-wave,Sound Wave,Sound Wave,CHAKRA,ACTIVE,combat,HERO_VERSION_EXPLICIT_ALIAS,PLAYABLE_DESIGN_BASELINE,Explicit per-version alias seeded from sound/sound-wave; M47 must tune version-specific mechanics and evidence before final canon parity.
hvs-jirobo-base-ultimate,jirobo-base,ULTIMATE,demon-flute-phantoms,Demon Flute Phantoms,Demon Flute Phantoms,CHAKRA,ULTIMATE,burst,HERO_VERSION_EXPLICIT_ALIAS,PLAYABLE_DESIGN_BASELINE,Explicit per-version alias seeded from sound/demon-flute-phantoms; M47 must tune version-specific mechanics and evidence before final canon parity.
hvs-jirobo-base-passive,jirobo-base,PASSIVE,passive-strategist,Passive Strategist,Passive Strategist,CHAKRA,PASSIVE,passive,HERO_VERSION_EXPLICIT_ALIAS,PLAYABLE_DESIGN_BASELINE,Explicit per-version alias seeded from sound/passive-strategist; M47 must tune version-specific mechanics and evidence before final canon parity.
hvs-jugo-base-basic,jugo-base,BASIC,basic-punch,Basic Punch,Basic Punch,PHYSICAL,BASIC,combat,HERO_VERSION_EXPLICIT_ALIAS,PLAYABLE_DESIGN_BASELINE,Explicit per-version alias seeded from gates/basic-punch; M47 must tune version-specific mechanics and evidence before final canon parity.
hvs-jugo-base-skill-1,jugo-base,SKILL_1,taijutsu-combo,Taijutsu Combo,Taijutsu Combo,PHYSICAL,ACTIVE,combat,HERO_VERSION_EXPLICIT_ALIAS,PLAYABLE_DESIGN_BASELINE,Explicit per-version alias seeded from gates/taijutsu-combo; M47 must tune version-specific mechanics and evidence before final canon parity.
hvs-jugo-base-skill-2,jugo-base,SKILL_2,eight-gates,Eight Gates,Eight Gates,PHYSICAL,ACTIVE,combat,HERO_VERSION_EXPLICIT_ALIAS,PLAYABLE_DESIGN_BASELINE,Explicit per-version alias seeded from gates/eight-gates; M47 must tune version-specific mechanics and evidence before final canon parity.
hvs-jugo-base-ultimate,jugo-base,ULTIMATE,night-guy,Night Guy,Night Guy,PHYSICAL,ULTIMATE,burst,HERO_VERSION_EXPLICIT_ALIAS,PLAYABLE_DESIGN_BASELINE,Explicit per-version alias seeded from gates/night-guy; M47 must tune version-specific mechanics and evidence before final canon parity.
hvs-jugo-base-passive,jugo-base,PASSIVE,passive-will-of-fire,Passive Will Of Fire,Passive Will Of Fire,CHAKRA,PASSIVE,fire|passive,HERO_VERSION_EXPLICIT_ALIAS,PLAYABLE_DESIGN_BASELINE,Explicit per-version alias seeded from gates/passive-will-of-fire; M47 must tune version-specific mechanics and evidence before final canon parity.
hvs-kabuto-part1-basic,kabuto-part1,BASIC,basic-chakra-palm,Basic Chakra Palm,Basic Chakra Palm,CHAKRA,BASIC,combat,HERO_VERSION_EXPLICIT_ALIAS,PLAYABLE_DESIGN_BASELINE,Explicit per-version alias seeded from kabuto/basic-chakra-palm; M47 must tune version-specific mechanics and evidence before final canon parity.
hvs-kabuto-part1-skill-1,kabuto-part1,SKILL_1,chakra-scalpel,Chakra Scalpel,Chakra Scalpel,CHAKRA,ACTIVE,combat,HERO_VERSION_EXPLICIT_ALIAS,PLAYABLE_DESIGN_BASELINE,Explicit per-version alias seeded from kabuto/chakra-scalpel; M47 must tune version-specific mechanics and evidence before final canon parity.
hvs-kabuto-part1-skill-2,kabuto-part1,SKILL_2,white-rage,White Rage,White Rage,CHAKRA,ULTIMATE,burst,HERO_VERSION_EXPLICIT_ALIAS,PLAYABLE_DESIGN_BASELINE,Explicit per-version alias seeded from kabuto/white-rage; M47 must tune version-specific mechanics and evidence before final canon parity.
hvs-kabuto-part1-ultimate,kabuto-part1,ULTIMATE,inorganic-reanimation,Inorganic Reanimation,Inorganic Reanimation,CHAKRA,ULTIMATE,burst,HERO_VERSION_EXPLICIT_ALIAS,PLAYABLE_DESIGN_BASELINE,Explicit per-version alias seeded from kabuto/inorganic-reanimation; M47 must tune version-specific mechanics and evidence before final canon parity.
hvs-kabuto-part1-passive,kabuto-part1,PASSIVE,passive-sage,Passive Sage,Passive Sage,CHAKRA,PASSIVE,sage|passive,HERO_VERSION_EXPLICIT_ALIAS,PLAYABLE_DESIGN_BASELINE,Explicit per-version alias seeded from kabuto/passive-sage; M47 must tune version-specific mechanics and evidence before final canon parity.
hvs-kabuto-shippuden-basic,kabuto-shippuden,BASIC,basic-chakra-palm,Basic Chakra Palm,Basic Chakra Palm,CHAKRA,BASIC,combat,HERO_VERSION_EXPLICIT_ALIAS,PLAYABLE_DESIGN_BASELINE,Explicit per-version alias seeded from kabuto/basic-chakra-palm; M47 must tune version-specific mechanics and evidence before final canon parity.
hvs-kabuto-shippuden-skill-1,kabuto-shippuden,SKILL_1,chakra-scalpel,Chakra Scalpel,Chakra Scalpel,CHAKRA,ACTIVE,combat,HERO_VERSION_EXPLICIT_ALIAS,PLAYABLE_DESIGN_BASELINE,Explicit per-version alias seeded from kabuto/chakra-scalpel; M47 must tune version-specific mechanics and evidence before final canon parity.
hvs-kabuto-shippuden-skill-2,kabuto-shippuden,SKILL_2,white-rage,White Rage,White Rage,CHAKRA,ULTIMATE,burst,HERO_VERSION_EXPLICIT_ALIAS,PLAYABLE_DESIGN_BASELINE,Explicit per-version alias seeded from kabuto/white-rage; M47 must tune version-specific mechanics and evidence before final canon parity.
hvs-kabuto-shippuden-ultimate,kabuto-shippuden,ULTIMATE,inorganic-reanimation,Inorganic Reanimation,Inorganic Reanimation,CHAKRA,ULTIMATE,burst,HERO_VERSION_EXPLICIT_ALIAS,PLAYABLE_DESIGN_BASELINE,Explicit per-version alias seeded from kabuto/inorganic-reanimation; M47 must tune version-specific mechanics and evidence before final canon parity.
hvs-kabuto-shippuden-passive,kabuto-shippuden,PASSIVE,passive-sage,Passive Sage,Passive Sage,CHAKRA,PASSIVE,sage|passive,HERO_VERSION_EXPLICIT_ALIAS,PLAYABLE_DESIGN_BASELINE,Explicit per-version alias seeded from kabuto/passive-sage; M47 must tune version-specific mechanics and evidence before final canon parity.
hvs-kagami-uchiha-core-basic,kagami-uchiha-core,BASIC,basic-sword,Basic Sword,Basic Sword,PHYSICAL,BASIC,combat,HERO_VERSION_EXPLICIT_ALIAS,PLAYABLE_DESIGN_BASELINE,Explicit per-version alias seeded from sasuke/basic-sword; M47 must tune version-specific mechanics and evidence before final canon parity.
hvs-kagami-uchiha-core-skill-1,kagami-uchiha-core,SKILL_1,fireball-jutsu,Fireball Jutsu,Fireball Jutsu,CHAKRA,ACTIVE,fire,HERO_VERSION_EXPLICIT_ALIAS,PLAYABLE_DESIGN_BASELINE,Explicit per-version alias seeded from sasuke/fireball-jutsu; M47 must tune version-specific mechanics and evidence before final canon parity.
hvs-kagami-uchiha-core-skill-2,kagami-uchiha-core,SKILL_2,chidori,Chidori,Chidori,CHAKRA,ACTIVE,combat,HERO_VERSION_EXPLICIT_ALIAS,PLAYABLE_DESIGN_BASELINE,Explicit per-version alias seeded from sasuke/chidori; M47 must tune version-specific mechanics and evidence before final canon parity.
hvs-kagami-uchiha-core-ultimate,kagami-uchiha-core,ULTIMATE,kirin,Kirin,Kirin,CHAKRA,ULTIMATE,burst,HERO_VERSION_EXPLICIT_ALIAS,PLAYABLE_DESIGN_BASELINE,Explicit per-version alias seeded from sasuke/kirin; M47 must tune version-specific mechanics and evidence before final canon parity.
hvs-kagami-uchiha-core-passive,kagami-uchiha-core,PASSIVE,passive-sharingan,Passive Sharingan,Passive Sharingan,CHAKRA,PASSIVE,passive,HERO_VERSION_EXPLICIT_ALIAS,PLAYABLE_DESIGN_BASELINE,Explicit per-version alias seeded from sasuke/passive-sharingan; M47 must tune version-specific mechanics and evidence before final canon parity.
hvs-kagari-core-basic,kagari-core,BASIC,basic-sword,Basic Sword,Basic Sword,PHYSICAL,BASIC,combat,HERO_VERSION_EXPLICIT_ALIAS,PLAYABLE_DESIGN_BASELINE,Explicit per-version alias seeded from water/basic-sword; M47 must tune version-specific mechanics and evidence before final canon parity.
hvs-kagari-core-skill-1,kagari-core,SKILL_1,water-dragon,Water Dragon,Water Dragon,CHAKRA,ACTIVE,water,HERO_VERSION_EXPLICIT_ALIAS,PLAYABLE_DESIGN_BASELINE,Explicit per-version alias seeded from water/water-dragon; M47 must tune version-specific mechanics and evidence before final canon parity.
hvs-kagari-core-skill-2,kagari-core,SKILL_2,mist-assassination,Mist Assassination,Mist Assassination,PHYSICAL,ACTIVE,combat,HERO_VERSION_EXPLICIT_ALIAS,PLAYABLE_DESIGN_BASELINE,Explicit per-version alias seeded from water/mist-assassination; M47 must tune version-specific mechanics and evidence before final canon parity.
hvs-kagari-core-ultimate,kagari-core,ULTIMATE,water-shark-bomb,Water Shark Bomb,Water Shark Bomb,CHAKRA,ULTIMATE,water|burst,HERO_VERSION_EXPLICIT_ALIAS,PLAYABLE_DESIGN_BASELINE,Explicit per-version alias seeded from water/water-shark-bomb; M47 must tune version-specific mechanics and evidence before final canon parity.
hvs-kagari-core-passive,kagari-core,PASSIVE,passive-swordsman,Passive Swordsman,Passive Swordsman,CHAKRA,PASSIVE,passive,HERO_VERSION_EXPLICIT_ALIAS,PLAYABLE_DESIGN_BASELINE,Explicit per-version alias seeded from water/passive-swordsman; M47 must tune version-specific mechanics and evidence before final canon parity.
hvs-kaguya-base-basic,kaguya-base,BASIC,basic-chakra-palm,Basic Chakra Palm,Basic Chakra Palm,CHAKRA,BASIC,combat,HERO_VERSION_EXPLICIT_ALIAS,PLAYABLE_DESIGN_BASELINE,Explicit per-version alias seeded from sixpaths/basic-chakra-palm; M47 must tune version-specific mechanics and evidence before final canon parity.
hvs-kaguya-base-skill-1,kaguya-base,SKILL_1,limbo,Limbo,Limbo,CHAKRA,ACTIVE,combat,HERO_VERSION_EXPLICIT_ALIAS,PLAYABLE_DESIGN_BASELINE,Explicit per-version alias seeded from sixpaths/limbo; M47 must tune version-specific mechanics and evidence before final canon parity.
hvs-kaguya-base-skill-2,kaguya-base,SKILL_2,truth-seeking-orbs,Truth-Seeking Orbs,Truth-Seeking Orbs,CHAKRA,ULTIMATE,burst,HERO_VERSION_EXPLICIT_ALIAS,PLAYABLE_DESIGN_BASELINE,Explicit per-version alias seeded from sixpaths/truth-seeking-orbs; M47 must tune version-specific mechanics and evidence before final canon parity.
hvs-kaguya-base-ultimate,kaguya-base,ULTIMATE,tengai-shinsei,Tengai Shinsei,Tengai Shinsei,CHAKRA,ULTIMATE,burst,HERO_VERSION_EXPLICIT_ALIAS,PLAYABLE_DESIGN_BASELINE,Explicit per-version alias seeded from sixpaths/tengai-shinsei; M47 must tune version-specific mechanics and evidence before final canon parity.
hvs-kaguya-base-passive,kaguya-base,PASSIVE,passive-sage,Passive Sage,Passive Sage,CHAKRA,PASSIVE,sage|passive,HERO_VERSION_EXPLICIT_ALIAS,PLAYABLE_DESIGN_BASELINE,Explicit per-version alias seeded from sixpaths/passive-sage; M47 must tune version-specific mechanics and evidence before final canon parity.
hvs-kakashi-anbu-basic,kakashi-anbu,BASIC,basic-kunai,Basic Kunai,Basic Kunai,PHYSICAL,BASIC,combat,HERO_VERSION_EXPLICIT_ALIAS,PLAYABLE_DESIGN_BASELINE,Explicit per-version alias seeded from kakashi/basic-kunai; M47 must tune version-specific mechanics and evidence before final canon parity.
hvs-kakashi-anbu-skill-1,kakashi-anbu,SKILL_1,lightning-blade,Lightning Blade,Lightning Blade,CHAKRA,ACTIVE,lightning,HERO_VERSION_EXPLICIT_ALIAS,PLAYABLE_DESIGN_BASELINE,Explicit per-version alias seeded from kakashi/lightning-blade; M47 must tune version-specific mechanics and evidence before final canon parity.
hvs-kakashi-anbu-skill-2,kakashi-anbu,SKILL_2,mud-wall,Mud Wall,Mud Wall,CHAKRA,ACTIVE,combat,HERO_VERSION_EXPLICIT_ALIAS,PLAYABLE_DESIGN_BASELINE,Explicit per-version alias seeded from kakashi/mud-wall; M47 must tune version-specific mechanics and evidence before final canon parity.
hvs-kakashi-anbu-ultimate,kakashi-anbu,ULTIMATE,kamui,Kamui,Kamui,CHAKRA,ULTIMATE,kamui|burst,HERO_VERSION_EXPLICIT_ALIAS,PLAYABLE_DESIGN_BASELINE,Explicit per-version alias seeded from kakashi/kamui; M47 must tune version-specific mechanics and evidence before final canon parity.
hvs-kakashi-anbu-passive,kakashi-anbu,PASSIVE,copy-tactics,Copy Tactics,Copy Tactics,CHAKRA,PASSIVE,passive,HERO_VERSION_EXPLICIT_ALIAS,PLAYABLE_DESIGN_BASELINE,Explicit per-version alias seeded from kakashi/copy-tactics; M47 must tune version-specific mechanics and evidence before final canon parity.
hvs-kakashi-war-basic,kakashi-war,BASIC,basic-kunai,Basic Kunai,Basic Kunai,PHYSICAL,BASIC,combat,HERO_VERSION_EXPLICIT_ALIAS,PLAYABLE_DESIGN_BASELINE,Explicit per-version alias seeded from kakashi/basic-kunai; M47 must tune version-specific mechanics and evidence before final canon parity.
hvs-kakashi-war-skill-1,kakashi-war,SKILL_1,lightning-blade,Lightning Blade,Lightning Blade,CHAKRA,ACTIVE,lightning,HERO_VERSION_EXPLICIT_ALIAS,PLAYABLE_DESIGN_BASELINE,Explicit per-version alias seeded from kakashi/lightning-blade; M47 must tune version-specific mechanics and evidence before final canon parity.
hvs-kakashi-war-skill-2,kakashi-war,SKILL_2,mud-wall,Mud Wall,Mud Wall,CHAKRA,ACTIVE,combat,HERO_VERSION_EXPLICIT_ALIAS,PLAYABLE_DESIGN_BASELINE,Explicit per-version alias seeded from kakashi/mud-wall; M47 must tune version-specific mechanics and evidence before final canon parity.
hvs-kakashi-war-ultimate,kakashi-war,ULTIMATE,kamui,Kamui,Kamui,CHAKRA,ULTIMATE,kamui|burst,HERO_VERSION_EXPLICIT_ALIAS,PLAYABLE_DESIGN_BASELINE,Explicit per-version alias seeded from kakashi/kamui; M47 must tune version-specific mechanics and evidence before final canon parity.
hvs-kakashi-war-passive,kakashi-war,PASSIVE,copy-tactics,Copy Tactics,Copy Tactics,CHAKRA,PASSIVE,passive,HERO_VERSION_EXPLICIT_ALIAS,PLAYABLE_DESIGN_BASELINE,Explicit per-version alias seeded from kakashi/copy-tactics; M47 must tune version-specific mechanics and evidence before final canon parity.
hvs-kakashi-young-basic,kakashi-young,BASIC,basic-kunai,Basic Kunai,Basic Kunai,PHYSICAL,BASIC,combat,HERO_VERSION_EXPLICIT_ALIAS,PLAYABLE_DESIGN_BASELINE,Explicit per-version alias seeded from kakashi/basic-kunai; M47 must tune version-specific mechanics and evidence before final canon parity.
hvs-kakashi-young-skill-1,kakashi-young,SKILL_1,lightning-blade,Lightning Blade,Lightning Blade,CHAKRA,ACTIVE,lightning,HERO_VERSION_EXPLICIT_ALIAS,PLAYABLE_DESIGN_BASELINE,Explicit per-version alias seeded from kakashi/lightning-blade; M47 must tune version-specific mechanics and evidence before final canon parity.
hvs-kakashi-young-skill-2,kakashi-young,SKILL_2,mud-wall,Mud Wall,Mud Wall,CHAKRA,ACTIVE,combat,HERO_VERSION_EXPLICIT_ALIAS,PLAYABLE_DESIGN_BASELINE,Explicit per-version alias seeded from kakashi/mud-wall; M47 must tune version-specific mechanics and evidence before final canon parity.
hvs-kakashi-young-ultimate,kakashi-young,ULTIMATE,kamui,Kamui,Kamui,CHAKRA,ULTIMATE,kamui|burst,HERO_VERSION_EXPLICIT_ALIAS,PLAYABLE_DESIGN_BASELINE,Explicit per-version alias seeded from kakashi/kamui; M47 must tune version-specific mechanics and evidence before final canon parity.
hvs-kakashi-young-passive,kakashi-young,PASSIVE,copy-tactics,Copy Tactics,Copy Tactics,CHAKRA,PASSIVE,passive,HERO_VERSION_EXPLICIT_ALIAS,PLAYABLE_DESIGN_BASELINE,Explicit per-version alias seeded from kakashi/copy-tactics; M47 must tune version-specific mechanics and evidence before final canon parity.
hvs-kakko-core-basic,kakko-core,BASIC,basic-punch,Basic Punch,Basic Punch,PHYSICAL,BASIC,combat,HERO_VERSION_EXPLICIT_ALIAS,PLAYABLE_DESIGN_BASELINE,Explicit per-version alias seeded from earth/basic-punch; M47 must tune version-specific mechanics and evidence before final canon parity.
hvs-kakko-core-skill-1,kakko-core,SKILL_1,earth-wall,Earth Wall,Earth Wall,CHAKRA,ACTIVE,earth,HERO_VERSION_EXPLICIT_ALIAS,PLAYABLE_DESIGN_BASELINE,Explicit per-version alias seeded from earth/earth-wall; M47 must tune version-specific mechanics and evidence before final canon parity.
hvs-kakko-core-skill-2,kakko-core,SKILL_2,earth-pillar,Earth Pillar,Earth Pillar,CHAKRA,ACTIVE,earth,HERO_VERSION_EXPLICIT_ALIAS,PLAYABLE_DESIGN_BASELINE,Explicit per-version alias seeded from earth/earth-pillar; M47 must tune version-specific mechanics and evidence before final canon parity.
hvs-kakko-core-ultimate,kakko-core,ULTIMATE,earth-quake,Earth Quake,Earth Quake,CHAKRA,ULTIMATE,earth|burst,HERO_VERSION_EXPLICIT_ALIAS,PLAYABLE_DESIGN_BASELINE,Explicit per-version alias seeded from earth/earth-quake; M47 must tune version-specific mechanics and evidence before final canon parity.
hvs-kakko-core-passive,kakko-core,PASSIVE,passive-strategist,Passive Strategist,Passive Strategist,CHAKRA,PASSIVE,passive,HERO_VERSION_EXPLICIT_ALIAS,PLAYABLE_DESIGN_BASELINE,Explicit per-version alias seeded from earth/passive-strategist; M47 must tune version-specific mechanics and evidence before final canon parity.
hvs-kakuzu-akatsuki-basic,kakuzu-akatsuki,BASIC,basic-punch,Basic Punch,Basic Punch,PHYSICAL,BASIC,combat,HERO_VERSION_EXPLICIT_ALIAS,PLAYABLE_DESIGN_BASELINE,Explicit per-version alias seeded from kakuzu/basic-punch; M47 must tune version-specific mechanics and evidence before final canon parity.
hvs-kakuzu-akatsuki-skill-1,kakuzu-akatsuki,SKILL_1,earth-spear,Earth Spear,Earth Spear,PHYSICAL,ACTIVE,earth,HERO_VERSION_EXPLICIT_ALIAS,PLAYABLE_DESIGN_BASELINE,Explicit per-version alias seeded from kakuzu/earth-spear; M47 must tune version-specific mechanics and evidence before final canon parity.
hvs-kakuzu-akatsuki-skill-2,kakuzu-akatsuki,SKILL_2,fireball-jutsu,Fireball Jutsu,Fireball Jutsu,CHAKRA,ACTIVE,fire,HERO_VERSION_EXPLICIT_ALIAS,PLAYABLE_DESIGN_BASELINE,Explicit per-version alias seeded from kakuzu/fireball-jutsu; M47 must tune version-specific mechanics and evidence before final canon parity.
hvs-kakuzu-akatsuki-ultimate,kakuzu-akatsuki,ULTIMATE,mask-combo,Mask Combo,Mask Combo,CHAKRA,ULTIMATE,burst,HERO_VERSION_EXPLICIT_ALIAS,PLAYABLE_DESIGN_BASELINE,Explicit per-version alias seeded from kakuzu/mask-combo; M47 must tune version-specific mechanics and evidence before final canon parity.
hvs-kakuzu-akatsuki-passive,kakuzu-akatsuki,PASSIVE,passive-immortal,Passive Immortal,Passive Immortal,CHAKRA,PASSIVE,passive,HERO_VERSION_EXPLICIT_ALIAS,PLAYABLE_DESIGN_BASELINE,Explicit per-version alias seeded from kakuzu/passive-immortal; M47 must tune version-specific mechanics and evidence before final canon parity.
hvs-kankuro-core-basic,kankuro-core,BASIC,basic-kunai,Basic Kunai,Basic Kunai,PHYSICAL,BASIC,combat,HERO_VERSION_EXPLICIT_ALIAS,PLAYABLE_DESIGN_BASELINE,Explicit per-version alias seeded from puppet/basic-kunai; M47 must tune version-specific mechanics and evidence before final canon parity.
hvs-kankuro-core-skill-1,kankuro-core,SKILL_1,puppet-needles,Puppet Needles,Puppet Needles,PHYSICAL,ACTIVE,puppet,HERO_VERSION_EXPLICIT_ALIAS,PLAYABLE_DESIGN_BASELINE,Explicit per-version alias seeded from puppet/puppet-needles; M47 must tune version-specific mechanics and evidence before final canon parity.
hvs-kankuro-core-skill-2,kankuro-core,SKILL_2,poison-cloud,Poison Cloud,Poison Cloud,CHAKRA,ACTIVE,poison,HERO_VERSION_EXPLICIT_ALIAS,PLAYABLE_DESIGN_BASELINE,Explicit per-version alias seeded from puppet/poison-cloud; M47 must tune version-specific mechanics and evidence before final canon parity.
hvs-kankuro-core-ultimate,kankuro-core,ULTIMATE,hundred-puppets,Hundred Puppets,Hundred Puppets,CHAKRA,ULTIMATE,puppet|burst,HERO_VERSION_EXPLICIT_ALIAS,PLAYABLE_DESIGN_BASELINE,Explicit per-version alias seeded from puppet/hundred-puppets; M47 must tune version-specific mechanics and evidence before final canon parity.
hvs-kankuro-core-passive,kankuro-core,PASSIVE,passive-puppet,Passive Puppet,Passive Puppet,CHAKRA,PASSIVE,puppet|passive,HERO_VERSION_EXPLICIT_ALIAS,PLAYABLE_DESIGN_BASELINE,Explicit per-version alias seeded from puppet/passive-puppet; M47 must tune version-specific mechanics and evidence before final canon parity.
hvs-karin-core-basic,karin-core,BASIC,basic-punch,Basic Punch,Basic Punch,PHYSICAL,BASIC,combat,HERO_VERSION_EXPLICIT_ALIAS,PLAYABLE_DESIGN_BASELINE,Explicit per-version alias seeded from medical/basic-punch; M47 must tune version-specific mechanics and evidence before final canon parity.
hvs-karin-core-skill-1,karin-core,SKILL_1,chakra-punch,Chakra Punch,Chakra Punch,PHYSICAL,ACTIVE,combat,HERO_VERSION_EXPLICIT_ALIAS,PLAYABLE_DESIGN_BASELINE,Explicit per-version alias seeded from medical/chakra-punch; M47 must tune version-specific mechanics and evidence before final canon parity.
hvs-karin-core-skill-2,karin-core,SKILL_2,mystical-palm,Mystical Palm,Mystical Palm,CHAKRA,ACTIVE,combat,HERO_VERSION_EXPLICIT_ALIAS,PLAYABLE_DESIGN_BASELINE,Explicit per-version alias seeded from medical/mystical-palm; M47 must tune version-specific mechanics and evidence before final canon parity.
hvs-karin-core-ultimate,karin-core,ULTIMATE,hundred-healings,Strength of a Hundred Healings,Strength of a Hundred Healings,CHAKRA,ULTIMATE,heal|burst,HERO_VERSION_EXPLICIT_ALIAS,PLAYABLE_DESIGN_BASELINE,Explicit per-version alias seeded from medical/hundred-healings; M47 must tune version-specific mechanics and evidence before final canon parity.
hvs-karin-core-passive,karin-core,PASSIVE,passive-medical,Passive Medical,Passive Medical,CHAKRA,PASSIVE,passive,HERO_VERSION_EXPLICIT_ALIAS,PLAYABLE_DESIGN_BASELINE,Explicit per-version alias seeded from medical/passive-medical; M47 must tune version-specific mechanics and evidence before final canon parity.
hvs-karui-core-basic,karui-core,BASIC,basic-sword,Basic Sword,Basic Sword,PHYSICAL,BASIC,combat,HERO_VERSION_EXPLICIT_ALIAS,PLAYABLE_DESIGN_BASELINE,Explicit per-version alias seeded from swordsman/basic-sword; M47 must tune version-specific mechanics and evidence before final canon parity.
hvs-karui-core-skill-1,karui-core,SKILL_1,body-flicker,Body Flicker,Body Flicker,PHYSICAL,ACTIVE,combat,HERO_VERSION_EXPLICIT_ALIAS,PLAYABLE_DESIGN_BASELINE,Explicit per-version alias seeded from swordsman/body-flicker; M47 must tune version-specific mechanics and evidence before final canon parity.
hvs-karui-core-skill-2,karui-core,SKILL_2,chakra-blade,Chakra Blade,Chakra Blade,PHYSICAL,ACTIVE,combat,HERO_VERSION_EXPLICIT_ALIAS,PLAYABLE_DESIGN_BASELINE,Explicit per-version alias seeded from swordsman/chakra-blade; M47 must tune version-specific mechanics and evidence before final canon parity.
hvs-karui-core-ultimate,karui-core,ULTIMATE,crescent-slash,Crescent Slash,Crescent Slash,PHYSICAL,ACTIVE,combat,HERO_VERSION_EXPLICIT_ALIAS,PLAYABLE_DESIGN_BASELINE,Explicit per-version alias seeded from swordsman/crescent-slash; M47 must tune version-specific mechanics and evidence before final canon parity.
hvs-karui-core-passive,karui-core,PASSIVE,passive-swordsman,Passive Swordsman,Passive Swordsman,CHAKRA,PASSIVE,passive,HERO_VERSION_EXPLICIT_ALIAS,PLAYABLE_DESIGN_BASELINE,Explicit per-version alias seeded from swordsman/passive-swordsman; M47 must tune version-specific mechanics and evidence before final canon parity.
hvs-kiba-inuzuka-core-basic,kiba-inuzuka-core,BASIC,basic-punch,Basic Punch,Basic Punch,PHYSICAL,BASIC,combat,HERO_VERSION_EXPLICIT_ALIAS,PLAYABLE_DESIGN_BASELINE,Explicit per-version alias seeded from inuzuka/basic-punch; M47 must tune version-specific mechanics and evidence before final canon parity.
hvs-kiba-inuzuka-core-skill-1,kiba-inuzuka-core,SKILL_1,fang-over-fang,Fang Over Fang,Fang Over Fang,PHYSICAL,ACTIVE,combat,HERO_VERSION_EXPLICIT_ALIAS,PLAYABLE_DESIGN_BASELINE,Explicit per-version alias seeded from inuzuka/fang-over-fang; M47 must tune version-specific mechanics and evidence before final canon parity.
hvs-kiba-inuzuka-core-skill-2,kiba-inuzuka-core,SKILL_2,body-flicker,Body Flicker,Body Flicker,PHYSICAL,ACTIVE,combat,HERO_VERSION_EXPLICIT_ALIAS,PLAYABLE_DESIGN_BASELINE,Explicit per-version alias seeded from inuzuka/body-flicker; M47 must tune version-specific mechanics and evidence before final canon parity.
hvs-kiba-inuzuka-core-ultimate,kiba-inuzuka-core,ULTIMATE,two-headed-wolf,Two Headed Wolf,Two Headed Wolf,PHYSICAL,ULTIMATE,burst,HERO_VERSION_EXPLICIT_ALIAS,PLAYABLE_DESIGN_BASELINE,Explicit per-version alias seeded from inuzuka/two-headed-wolf; M47 must tune version-specific mechanics and evidence before final canon parity.
hvs-kiba-inuzuka-core-passive,kiba-inuzuka-core,PASSIVE,passive-will-of-fire,Passive Will Of Fire,Passive Will Of Fire,CHAKRA,PASSIVE,fire|passive,HERO_VERSION_EXPLICIT_ALIAS,PLAYABLE_DESIGN_BASELINE,Explicit per-version alias seeded from inuzuka/passive-will-of-fire; M47 must tune version-specific mechanics and evidence before final canon parity.
hvs-kidomaru-base-basic,kidomaru-base,BASIC,basic-kunai,Basic Kunai,Basic Kunai,PHYSICAL,BASIC,combat,HERO_VERSION_EXPLICIT_ALIAS,PLAYABLE_DESIGN_BASELINE,Explicit per-version alias seeded from sound/basic-kunai; M47 must tune version-specific mechanics and evidence before final canon parity.
hvs-kidomaru-base-skill-1,kidomaru-base,SKILL_1,flute-genjutsu,Flute Genjutsu,Flute Genjutsu,CHAKRA,ACTIVE,genjutsu,HERO_VERSION_EXPLICIT_ALIAS,PLAYABLE_DESIGN_BASELINE,Explicit per-version alias seeded from sound/flute-genjutsu; M47 must tune version-specific mechanics and evidence before final canon parity.
hvs-kidomaru-base-skill-2,kidomaru-base,SKILL_2,sound-wave,Sound Wave,Sound Wave,CHAKRA,ACTIVE,combat,HERO_VERSION_EXPLICIT_ALIAS,PLAYABLE_DESIGN_BASELINE,Explicit per-version alias seeded from sound/sound-wave; M47 must tune version-specific mechanics and evidence before final canon parity.
hvs-kidomaru-base-ultimate,kidomaru-base,ULTIMATE,demon-flute-phantoms,Demon Flute Phantoms,Demon Flute Phantoms,CHAKRA,ULTIMATE,burst,HERO_VERSION_EXPLICIT_ALIAS,PLAYABLE_DESIGN_BASELINE,Explicit per-version alias seeded from sound/demon-flute-phantoms; M47 must tune version-specific mechanics and evidence before final canon parity.
hvs-kidomaru-base-passive,kidomaru-base,PASSIVE,passive-strategist,Passive Strategist,Passive Strategist,CHAKRA,PASSIVE,passive,HERO_VERSION_EXPLICIT_ALIAS,PLAYABLE_DESIGN_BASELINE,Explicit per-version alias seeded from sound/passive-strategist; M47 must tune version-specific mechanics and evidence before final canon parity.
hvs-killer-b-base-basic,killer-b-base,BASIC,basic-punch,Basic Punch,Basic Punch,PHYSICAL,BASIC,combat,HERO_VERSION_EXPLICIT_ALIAS,PLAYABLE_DESIGN_BASELINE,Explicit per-version alias seeded from jinchuriki/basic-punch; M47 must tune version-specific mechanics and evidence before final canon parity.
hvs-killer-b-base-skill-1,killer-b-base,SKILL_1,tailed-cloak,Tailed Cloak,Tailed Cloak,CHAKRA,ACTIVE,combat,HERO_VERSION_EXPLICIT_ALIAS,PLAYABLE_DESIGN_BASELINE,Explicit per-version alias seeded from jinchuriki/tailed-cloak; M47 must tune version-specific mechanics and evidence before final canon parity.
hvs-killer-b-base-skill-2,killer-b-base,SKILL_2,kurama-claw,Kurama Claw,Kurama Claw,CHAKRA,ACTIVE,combat,HERO_VERSION_EXPLICIT_ALIAS,PLAYABLE_DESIGN_BASELINE,Explicit per-version alias seeded from jinchuriki/kurama-claw; M47 must tune version-specific mechanics and evidence before final canon parity.
hvs-killer-b-base-ultimate,killer-b-base,ULTIMATE,tailed-beast-bomb,Tailed Beast Bomb,Tailed Beast Bomb,CHAKRA,ULTIMATE,burst,HERO_VERSION_EXPLICIT_ALIAS,PLAYABLE_DESIGN_BASELINE,Explicit per-version alias seeded from jinchuriki/tailed-beast-bomb; M47 must tune version-specific mechanics and evidence before final canon parity.
hvs-killer-b-base-passive,killer-b-base,PASSIVE,passive-jinchuriki,Passive Jinchuriki,Passive Jinchuriki,CHAKRA,PASSIVE,jinchuriki|passive,HERO_VERSION_EXPLICIT_ALIAS,PLAYABLE_DESIGN_BASELINE,Explicit per-version alias seeded from jinchuriki/passive-jinchuriki; M47 must tune version-specific mechanics and evidence before final canon parity.
hvs-kimimaro-base-basic,kimimaro-base,BASIC,basic-punch,Basic Punch,Basic Punch,PHYSICAL,BASIC,combat,HERO_VERSION_EXPLICIT_ALIAS,PLAYABLE_DESIGN_BASELINE,Explicit per-version alias seeded from gates/basic-punch; M47 must tune version-specific mechanics and evidence before final canon parity.
hvs-kimimaro-base-skill-1,kimimaro-base,SKILL_1,taijutsu-combo,Taijutsu Combo,Taijutsu Combo,PHYSICAL,ACTIVE,combat,HERO_VERSION_EXPLICIT_ALIAS,PLAYABLE_DESIGN_BASELINE,Explicit per-version alias seeded from gates/taijutsu-combo; M47 must tune version-specific mechanics and evidence before final canon parity.
hvs-kimimaro-base-skill-2,kimimaro-base,SKILL_2,eight-gates,Eight Gates,Eight Gates,PHYSICAL,ACTIVE,combat,HERO_VERSION_EXPLICIT_ALIAS,PLAYABLE_DESIGN_BASELINE,Explicit per-version alias seeded from gates/eight-gates; M47 must tune version-specific mechanics and evidence before final canon parity.
hvs-kimimaro-base-ultimate,kimimaro-base,ULTIMATE,night-guy,Night Guy,Night Guy,PHYSICAL,ULTIMATE,burst,HERO_VERSION_EXPLICIT_ALIAS,PLAYABLE_DESIGN_BASELINE,Explicit per-version alias seeded from gates/night-guy; M47 must tune version-specific mechanics and evidence before final canon parity.
hvs-kimimaro-base-passive,kimimaro-base,PASSIVE,passive-will-of-fire,Passive Will Of Fire,Passive Will Of Fire,CHAKRA,PASSIVE,fire|passive,HERO_VERSION_EXPLICIT_ALIAS,PLAYABLE_DESIGN_BASELINE,Explicit per-version alias seeded from gates/passive-will-of-fire; M47 must tune version-specific mechanics and evidence before final canon parity.
hvs-kin-tsuchi-core-basic,kin-tsuchi-core,BASIC,basic-kunai,Basic Kunai,Basic Kunai,PHYSICAL,BASIC,combat,HERO_VERSION_EXPLICIT_ALIAS,PLAYABLE_DESIGN_BASELINE,Explicit per-version alias seeded from sound/basic-kunai; M47 must tune version-specific mechanics and evidence before final canon parity.
hvs-kin-tsuchi-core-skill-1,kin-tsuchi-core,SKILL_1,flute-genjutsu,Flute Genjutsu,Flute Genjutsu,CHAKRA,ACTIVE,genjutsu,HERO_VERSION_EXPLICIT_ALIAS,PLAYABLE_DESIGN_BASELINE,Explicit per-version alias seeded from sound/flute-genjutsu; M47 must tune version-specific mechanics and evidence before final canon parity.
hvs-kin-tsuchi-core-skill-2,kin-tsuchi-core,SKILL_2,sound-wave,Sound Wave,Sound Wave,CHAKRA,ACTIVE,combat,HERO_VERSION_EXPLICIT_ALIAS,PLAYABLE_DESIGN_BASELINE,Explicit per-version alias seeded from sound/sound-wave; M47 must tune version-specific mechanics and evidence before final canon parity.
hvs-kin-tsuchi-core-ultimate,kin-tsuchi-core,ULTIMATE,demon-flute-phantoms,Demon Flute Phantoms,Demon Flute Phantoms,CHAKRA,ULTIMATE,burst,HERO_VERSION_EXPLICIT_ALIAS,PLAYABLE_DESIGN_BASELINE,Explicit per-version alias seeded from sound/demon-flute-phantoms; M47 must tune version-specific mechanics and evidence before final canon parity.
hvs-kin-tsuchi-core-passive,kin-tsuchi-core,PASSIVE,passive-strategist,Passive Strategist,Passive Strategist,CHAKRA,PASSIVE,passive,HERO_VERSION_EXPLICIT_ALIAS,PLAYABLE_DESIGN_BASELINE,Explicit per-version alias seeded from sound/passive-strategist; M47 must tune version-specific mechanics and evidence before final canon parity.
hvs-kinkaku-base-basic,kinkaku-base,BASIC,basic-punch,Basic Punch,Basic Punch,PHYSICAL,BASIC,combat,HERO_VERSION_EXPLICIT_ALIAS,PLAYABLE_DESIGN_BASELINE,Explicit per-version alias seeded from jinchuriki/basic-punch; M47 must tune version-specific mechanics and evidence before final canon parity.
hvs-kinkaku-base-skill-1,kinkaku-base,SKILL_1,tailed-cloak,Tailed Cloak,Tailed Cloak,CHAKRA,ACTIVE,combat,HERO_VERSION_EXPLICIT_ALIAS,PLAYABLE_DESIGN_BASELINE,Explicit per-version alias seeded from jinchuriki/tailed-cloak; M47 must tune version-specific mechanics and evidence before final canon parity.
hvs-kinkaku-base-skill-2,kinkaku-base,SKILL_2,kurama-claw,Kurama Claw,Kurama Claw,CHAKRA,ACTIVE,combat,HERO_VERSION_EXPLICIT_ALIAS,PLAYABLE_DESIGN_BASELINE,Explicit per-version alias seeded from jinchuriki/kurama-claw; M47 must tune version-specific mechanics and evidence before final canon parity.
hvs-kinkaku-base-ultimate,kinkaku-base,ULTIMATE,tailed-beast-bomb,Tailed Beast Bomb,Tailed Beast Bomb,CHAKRA,ULTIMATE,burst,HERO_VERSION_EXPLICIT_ALIAS,PLAYABLE_DESIGN_BASELINE,Explicit per-version alias seeded from jinchuriki/tailed-beast-bomb; M47 must tune version-specific mechanics and evidence before final canon parity.
hvs-kinkaku-base-passive,kinkaku-base,PASSIVE,passive-jinchuriki,Passive Jinchuriki,Passive Jinchuriki,CHAKRA,PASSIVE,jinchuriki|passive,HERO_VERSION_EXPLICIT_ALIAS,PLAYABLE_DESIGN_BASELINE,Explicit per-version alias seeded from jinchuriki/passive-jinchuriki; M47 must tune version-specific mechanics and evidence before final canon parity.
hvs-kisame-akatsuki-basic,kisame-akatsuki,BASIC,basic-sword,Basic Sword,Basic Sword,PHYSICAL,BASIC,combat,HERO_VERSION_EXPLICIT_ALIAS,PLAYABLE_DESIGN_BASELINE,Explicit per-version alias seeded from kisame/basic-sword; M47 must tune version-specific mechanics and evidence before final canon parity.
hvs-kisame-akatsuki-skill-1,kisame-akatsuki,SKILL_1,water-shark-bomb,Water Shark Bomb,Water Shark Bomb,CHAKRA,ULTIMATE,water|burst,HERO_VERSION_EXPLICIT_ALIAS,PLAYABLE_DESIGN_BASELINE,Explicit per-version alias seeded from kisame/water-shark-bomb; M47 must tune version-specific mechanics and evidence before final canon parity.
hvs-kisame-akatsuki-skill-2,kisame-akatsuki,SKILL_2,water-dome,Water Dome,Water Dome,CHAKRA,ACTIVE,water,HERO_VERSION_EXPLICIT_ALIAS,PLAYABLE_DESIGN_BASELINE,Explicit per-version alias seeded from kisame/water-dome; M47 must tune version-specific mechanics and evidence before final canon parity.
hvs-kisame-akatsuki-ultimate,kisame-akatsuki,ULTIMATE,samehada-fusion,Samehada Fusion,Samehada Fusion,CHAKRA,ULTIMATE,burst,HERO_VERSION_EXPLICIT_ALIAS,PLAYABLE_DESIGN_BASELINE,Explicit per-version alias seeded from kisame/samehada-fusion; M47 must tune version-specific mechanics and evidence before final canon parity.
hvs-kisame-akatsuki-passive,kisame-akatsuki,PASSIVE,passive-swordsman,Passive Swordsman,Passive Swordsman,CHAKRA,PASSIVE,passive,HERO_VERSION_EXPLICIT_ALIAS,PLAYABLE_DESIGN_BASELINE,Explicit per-version alias seeded from kisame/passive-swordsman; M47 must tune version-specific mechanics and evidence before final canon parity.
hvs-kitsuchi-core-basic,kitsuchi-core,BASIC,basic-punch,Basic Punch,Basic Punch,PHYSICAL,BASIC,combat,HERO_VERSION_EXPLICIT_ALIAS,PLAYABLE_DESIGN_BASELINE,Explicit per-version alias seeded from earth/basic-punch; M47 must tune version-specific mechanics and evidence before final canon parity.
hvs-kitsuchi-core-skill-1,kitsuchi-core,SKILL_1,earth-wall,Earth Wall,Earth Wall,CHAKRA,ACTIVE,earth,HERO_VERSION_EXPLICIT_ALIAS,PLAYABLE_DESIGN_BASELINE,Explicit per-version alias seeded from earth/earth-wall; M47 must tune version-specific mechanics and evidence before final canon parity.
hvs-kitsuchi-core-skill-2,kitsuchi-core,SKILL_2,earth-pillar,Earth Pillar,Earth Pillar,CHAKRA,ACTIVE,earth,HERO_VERSION_EXPLICIT_ALIAS,PLAYABLE_DESIGN_BASELINE,Explicit per-version alias seeded from earth/earth-pillar; M47 must tune version-specific mechanics and evidence before final canon parity.
hvs-kitsuchi-core-ultimate,kitsuchi-core,ULTIMATE,earth-quake,Earth Quake,Earth Quake,CHAKRA,ULTIMATE,earth|burst,HERO_VERSION_EXPLICIT_ALIAS,PLAYABLE_DESIGN_BASELINE,Explicit per-version alias seeded from earth/earth-quake; M47 must tune version-specific mechanics and evidence before final canon parity.
hvs-kitsuchi-core-passive,kitsuchi-core,PASSIVE,passive-strategist,Passive Strategist,Passive Strategist,CHAKRA,PASSIVE,passive,HERO_VERSION_EXPLICIT_ALIAS,PLAYABLE_DESIGN_BASELINE,Explicit per-version alias seeded from earth/passive-strategist; M47 must tune version-specific mechanics and evidence before final canon parity.
hvs-konan-akatsuki-basic,konan-akatsuki,BASIC,basic-kunai,Basic Kunai,Basic Kunai,PHYSICAL,BASIC,combat,HERO_VERSION_EXPLICIT_ALIAS,PLAYABLE_DESIGN_BASELINE,Explicit per-version alias seeded from konan/basic-kunai; M47 must tune version-specific mechanics and evidence before final canon parity.
hvs-konan-akatsuki-skill-1,konan-akatsuki,SKILL_1,paper-shuriken,Paper Shuriken,Paper Shuriken,CHAKRA,ACTIVE,combat,HERO_VERSION_EXPLICIT_ALIAS,PLAYABLE_DESIGN_BASELINE,Explicit per-version alias seeded from konan/paper-shuriken; M47 must tune version-specific mechanics and evidence before final canon parity.
hvs-konan-akatsuki-skill-2,konan-akatsuki,SKILL_2,body-flicker,Body Flicker,Body Flicker,PHYSICAL,ACTIVE,combat,HERO_VERSION_EXPLICIT_ALIAS,PLAYABLE_DESIGN_BASELINE,Explicit per-version alias seeded from konan/body-flicker; M47 must tune version-specific mechanics and evidence before final canon parity.
hvs-konan-akatsuki-ultimate,konan-akatsuki,ULTIMATE,paper-angel,Paper Angel,Paper Angel,CHAKRA,ULTIMATE,burst,HERO_VERSION_EXPLICIT_ALIAS,PLAYABLE_DESIGN_BASELINE,Explicit per-version alias seeded from konan/paper-angel; M47 must tune version-specific mechanics and evidence before final canon parity.
hvs-konan-akatsuki-passive,konan-akatsuki,PASSIVE,passive-strategist,Passive Strategist,Passive Strategist,CHAKRA,PASSIVE,passive,HERO_VERSION_EXPLICIT_ALIAS,PLAYABLE_DESIGN_BASELINE,Explicit per-version alias seeded from konan/passive-strategist; M47 must tune version-specific mechanics and evidence before final canon parity.
hvs-konohamaru-sarutobi-core-basic,konohamaru-sarutobi-core,BASIC,basic-punch,Basic Punch,Basic Punch,PHYSICAL,BASIC,combat,HERO_VERSION_EXPLICIT_ALIAS,PLAYABLE_DESIGN_BASELINE,Explicit per-version alias seeded from naruto/basic-punch; M47 must tune version-specific mechanics and evidence before final canon parity.
hvs-konohamaru-sarutobi-core-skill-1,konohamaru-sarutobi-core,SKILL_1,shadow-clone-rush,Shadow Clone Rush,Shadow Clone Rush,CHAKRA,ACTIVE,shadow,HERO_VERSION_EXPLICIT_ALIAS,PLAYABLE_DESIGN_BASELINE,Explicit per-version alias seeded from naruto/shadow-clone-rush; M47 must tune version-specific mechanics and evidence before final canon parity.
hvs-konohamaru-sarutobi-core-skill-2,konohamaru-sarutobi-core,SKILL_2,rasengan,Rasengan,Rasengan,CHAKRA,ACTIVE,combat,HERO_VERSION_EXPLICIT_ALIAS,PLAYABLE_DESIGN_BASELINE,Explicit per-version alias seeded from naruto/rasengan; M47 must tune version-specific mechanics and evidence before final canon parity.
hvs-konohamaru-sarutobi-core-ultimate,konohamaru-sarutobi-core,ULTIMATE,rasenshuriken,Rasenshuriken,Rasenshuriken,CHAKRA,ULTIMATE,burst,HERO_VERSION_EXPLICIT_ALIAS,PLAYABLE_DESIGN_BASELINE,Explicit per-version alias seeded from naruto/rasenshuriken; M47 must tune version-specific mechanics and evidence before final canon parity.
hvs-konohamaru-sarutobi-core-passive,konohamaru-sarutobi-core,PASSIVE,passive-will-of-fire,Passive Will Of Fire,Passive Will Of Fire,CHAKRA,PASSIVE,fire|passive,HERO_VERSION_EXPLICIT_ALIAS,PLAYABLE_DESIGN_BASELINE,Explicit per-version alias seeded from naruto/passive-will-of-fire; M47 must tune version-specific mechanics and evidence before final canon parity.
hvs-kosuke-maruboshi-core-basic,kosuke-maruboshi-core,BASIC,basic-sword,Basic Sword,Basic Sword,PHYSICAL,BASIC,combat,HERO_VERSION_EXPLICIT_ALIAS,PLAYABLE_DESIGN_BASELINE,Explicit per-version alias seeded from water/basic-sword; M47 must tune version-specific mechanics and evidence before final canon parity.
hvs-kosuke-maruboshi-core-skill-1,kosuke-maruboshi-core,SKILL_1,water-dragon,Water Dragon,Water Dragon,CHAKRA,ACTIVE,water,HERO_VERSION_EXPLICIT_ALIAS,PLAYABLE_DESIGN_BASELINE,Explicit per-version alias seeded from water/water-dragon; M47 must tune version-specific mechanics and evidence before final canon parity.
hvs-kosuke-maruboshi-core-skill-2,kosuke-maruboshi-core,SKILL_2,mist-assassination,Mist Assassination,Mist Assassination,PHYSICAL,ACTIVE,combat,HERO_VERSION_EXPLICIT_ALIAS,PLAYABLE_DESIGN_BASELINE,Explicit per-version alias seeded from water/mist-assassination; M47 must tune version-specific mechanics and evidence before final canon parity.
hvs-kosuke-maruboshi-core-ultimate,kosuke-maruboshi-core,ULTIMATE,water-shark-bomb,Water Shark Bomb,Water Shark Bomb,CHAKRA,ULTIMATE,water|burst,HERO_VERSION_EXPLICIT_ALIAS,PLAYABLE_DESIGN_BASELINE,Explicit per-version alias seeded from water/water-shark-bomb; M47 must tune version-specific mechanics and evidence before final canon parity.
hvs-kosuke-maruboshi-core-passive,kosuke-maruboshi-core,PASSIVE,passive-swordsman,Passive Swordsman,Passive Swordsman,CHAKRA,PASSIVE,passive,HERO_VERSION_EXPLICIT_ALIAS,PLAYABLE_DESIGN_BASELINE,Explicit per-version alias seeded from water/passive-swordsman; M47 must tune version-specific mechanics and evidence before final canon parity.
hvs-kotetsu-hagane-core-basic,kotetsu-hagane-core,BASIC,basic-sword,Basic Sword,Basic Sword,PHYSICAL,BASIC,combat,HERO_VERSION_EXPLICIT_ALIAS,PLAYABLE_DESIGN_BASELINE,Explicit per-version alias seeded from swordsman/basic-sword; M47 must tune version-specific mechanics and evidence before final canon parity.
hvs-kotetsu-hagane-core-skill-1,kotetsu-hagane-core,SKILL_1,body-flicker,Body Flicker,Body Flicker,PHYSICAL,ACTIVE,combat,HERO_VERSION_EXPLICIT_ALIAS,PLAYABLE_DESIGN_BASELINE,Explicit per-version alias seeded from swordsman/body-flicker; M47 must tune version-specific mechanics and evidence before final canon parity.
hvs-kotetsu-hagane-core-skill-2,kotetsu-hagane-core,SKILL_2,chakra-blade,Chakra Blade,Chakra Blade,PHYSICAL,ACTIVE,combat,HERO_VERSION_EXPLICIT_ALIAS,PLAYABLE_DESIGN_BASELINE,Explicit per-version alias seeded from swordsman/chakra-blade; M47 must tune version-specific mechanics and evidence before final canon parity.
hvs-kotetsu-hagane-core-ultimate,kotetsu-hagane-core,ULTIMATE,crescent-slash,Crescent Slash,Crescent Slash,PHYSICAL,ACTIVE,combat,HERO_VERSION_EXPLICIT_ALIAS,PLAYABLE_DESIGN_BASELINE,Explicit per-version alias seeded from swordsman/crescent-slash; M47 must tune version-specific mechanics and evidence before final canon parity.
hvs-kotetsu-hagane-core-passive,kotetsu-hagane-core,PASSIVE,passive-swordsman,Passive Swordsman,Passive Swordsman,CHAKRA,PASSIVE,passive,HERO_VERSION_EXPLICIT_ALIAS,PLAYABLE_DESIGN_BASELINE,Explicit per-version alias seeded from swordsman/passive-swordsman; M47 must tune version-specific mechanics and evidence before final canon parity.
hvs-kurenai-yuhi-core-basic,kurenai-yuhi-core,BASIC,basic-kunai,Basic Kunai,Basic Kunai,PHYSICAL,BASIC,combat,HERO_VERSION_EXPLICIT_ALIAS,PLAYABLE_DESIGN_BASELINE,Explicit per-version alias seeded from genjutsu/basic-kunai; M47 must tune version-specific mechanics and evidence before final canon parity.
hvs-kurenai-yuhi-core-skill-1,kurenai-yuhi-core,SKILL_1,genjutsu-eye,Genjutsu Eye,Genjutsu Eye,CHAKRA,ACTIVE,genjutsu,HERO_VERSION_EXPLICIT_ALIAS,PLAYABLE_DESIGN_BASELINE,Explicit per-version alias seeded from genjutsu/genjutsu-eye; M47 must tune version-specific mechanics and evidence before final canon parity.
hvs-kurenai-yuhi-core-skill-2,kurenai-yuhi-core,SKILL_2,mind-destruction,Mind Destruction,Mind Destruction,CHAKRA,ACTIVE,mind,HERO_VERSION_EXPLICIT_ALIAS,PLAYABLE_DESIGN_BASELINE,Explicit per-version alias seeded from genjutsu/mind-destruction; M47 must tune version-specific mechanics and evidence before final canon parity.
hvs-kurenai-yuhi-core-ultimate,kurenai-yuhi-core,ULTIMATE,illusion-prison,Illusion Prison,Illusion Prison,CHAKRA,ULTIMATE,burst,HERO_VERSION_EXPLICIT_ALIAS,PLAYABLE_DESIGN_BASELINE,Explicit per-version alias seeded from genjutsu/illusion-prison; M47 must tune version-specific mechanics and evidence before final canon parity.
hvs-kurenai-yuhi-core-passive,kurenai-yuhi-core,PASSIVE,passive-strategist,Passive Strategist,Passive Strategist,CHAKRA,PASSIVE,passive,HERO_VERSION_EXPLICIT_ALIAS,PLAYABLE_DESIGN_BASELINE,Explicit per-version alias seeded from genjutsu/passive-strategist; M47 must tune version-specific mechanics and evidence before final canon parity.
hvs-kurotsuchi-core-basic,kurotsuchi-core,BASIC,basic-punch,Basic Punch,Basic Punch,PHYSICAL,BASIC,combat,HERO_VERSION_EXPLICIT_ALIAS,PLAYABLE_DESIGN_BASELINE,Explicit per-version alias seeded from earth/basic-punch; M47 must tune version-specific mechanics and evidence before final canon parity.
hvs-kurotsuchi-core-skill-1,kurotsuchi-core,SKILL_1,earth-wall,Earth Wall,Earth Wall,CHAKRA,ACTIVE,earth,HERO_VERSION_EXPLICIT_ALIAS,PLAYABLE_DESIGN_BASELINE,Explicit per-version alias seeded from earth/earth-wall; M47 must tune version-specific mechanics and evidence before final canon parity.
hvs-kurotsuchi-core-skill-2,kurotsuchi-core,SKILL_2,earth-pillar,Earth Pillar,Earth Pillar,CHAKRA,ACTIVE,earth,HERO_VERSION_EXPLICIT_ALIAS,PLAYABLE_DESIGN_BASELINE,Explicit per-version alias seeded from earth/earth-pillar; M47 must tune version-specific mechanics and evidence before final canon parity.
hvs-kurotsuchi-core-ultimate,kurotsuchi-core,ULTIMATE,earth-quake,Earth Quake,Earth Quake,CHAKRA,ULTIMATE,earth|burst,HERO_VERSION_EXPLICIT_ALIAS,PLAYABLE_DESIGN_BASELINE,Explicit per-version alias seeded from earth/earth-quake; M47 must tune version-specific mechanics and evidence before final canon parity.
hvs-kurotsuchi-core-passive,kurotsuchi-core,PASSIVE,passive-strategist,Passive Strategist,Passive Strategist,CHAKRA,PASSIVE,passive,HERO_VERSION_EXPLICIT_ALIAS,PLAYABLE_DESIGN_BASELINE,Explicit per-version alias seeded from earth/passive-strategist; M47 must tune version-specific mechanics and evidence before final canon parity.
hvs-kushimaru-kuriarare-core-basic,kushimaru-kuriarare-core,BASIC,basic-sword,Basic Sword,Basic Sword,PHYSICAL,BASIC,combat,HERO_VERSION_EXPLICIT_ALIAS,PLAYABLE_DESIGN_BASELINE,Explicit per-version alias seeded from water/basic-sword; M47 must tune version-specific mechanics and evidence before final canon parity.
hvs-kushimaru-kuriarare-core-skill-1,kushimaru-kuriarare-core,SKILL_1,water-dragon,Water Dragon,Water Dragon,CHAKRA,ACTIVE,water,HERO_VERSION_EXPLICIT_ALIAS,PLAYABLE_DESIGN_BASELINE,Explicit per-version alias seeded from water/water-dragon; M47 must tune version-specific mechanics and evidence before final canon parity.
hvs-kushimaru-kuriarare-core-skill-2,kushimaru-kuriarare-core,SKILL_2,mist-assassination,Mist Assassination,Mist Assassination,PHYSICAL,ACTIVE,combat,HERO_VERSION_EXPLICIT_ALIAS,PLAYABLE_DESIGN_BASELINE,Explicit per-version alias seeded from water/mist-assassination; M47 must tune version-specific mechanics and evidence before final canon parity.
hvs-kushimaru-kuriarare-core-ultimate,kushimaru-kuriarare-core,ULTIMATE,water-shark-bomb,Water Shark Bomb,Water Shark Bomb,CHAKRA,ULTIMATE,water|burst,HERO_VERSION_EXPLICIT_ALIAS,PLAYABLE_DESIGN_BASELINE,Explicit per-version alias seeded from water/water-shark-bomb; M47 must tune version-specific mechanics and evidence before final canon parity.
hvs-kushimaru-kuriarare-core-passive,kushimaru-kuriarare-core,PASSIVE,passive-swordsman,Passive Swordsman,Passive Swordsman,CHAKRA,PASSIVE,passive,HERO_VERSION_EXPLICIT_ALIAS,PLAYABLE_DESIGN_BASELINE,Explicit per-version alias seeded from water/passive-swordsman; M47 must tune version-specific mechanics and evidence before final canon parity.
hvs-mabui-core-basic,mabui-core,BASIC,basic-sword,Basic Sword,Basic Sword,PHYSICAL,BASIC,combat,HERO_VERSION_EXPLICIT_ALIAS,PLAYABLE_DESIGN_BASELINE,Explicit per-version alias seeded from storm/basic-sword; M47 must tune version-specific mechanics and evidence before final canon parity.
hvs-mabui-core-skill-1,mabui-core,SKILL_1,lightning-armor,Lightning Armor,Lightning Armor,CHAKRA,ACTIVE,lightning,HERO_VERSION_EXPLICIT_ALIAS,PLAYABLE_DESIGN_BASELINE,Explicit per-version alias seeded from storm/lightning-armor; M47 must tune version-specific mechanics and evidence before final canon parity.
hvs-mabui-core-skill-2,mabui-core,SKILL_2,storm-laser,Storm Laser,Storm Laser,CHAKRA,ACTIVE,combat,HERO_VERSION_EXPLICIT_ALIAS,PLAYABLE_DESIGN_BASELINE,Explicit per-version alias seeded from storm/storm-laser; M47 must tune version-specific mechanics and evidence before final canon parity.
hvs-mabui-core-ultimate,mabui-core,ULTIMATE,black-lightning,Black Lightning,Black Lightning,CHAKRA,ULTIMATE,lightning|burst,HERO_VERSION_EXPLICIT_ALIAS,PLAYABLE_DESIGN_BASELINE,Explicit per-version alias seeded from storm/black-lightning; M47 must tune version-specific mechanics and evidence before final canon parity.
hvs-mabui-core-passive,mabui-core,PASSIVE,passive-strategist,Passive Strategist,Passive Strategist,CHAKRA,PASSIVE,passive,HERO_VERSION_EXPLICIT_ALIAS,PLAYABLE_DESIGN_BASELINE,Explicit per-version alias seeded from storm/passive-strategist; M47 must tune version-specific mechanics and evidence before final canon parity.
hvs-madara-ems-basic,madara-ems,BASIC,basic-chakra-palm,Basic Chakra Palm,Basic Chakra Palm,CHAKRA,BASIC,combat,HERO_VERSION_EXPLICIT_ALIAS,PLAYABLE_DESIGN_BASELINE,Explicit per-version alias seeded from madara/basic-chakra-palm; M47 must tune version-specific mechanics and evidence before final canon parity.
hvs-madara-ems-skill-1,madara-ems,SKILL_1,majestic-destroyer-flame,Majestic Destroyer Flame,Majestic Destroyer Flame,CHAKRA,ACTIVE,combat,HERO_VERSION_EXPLICIT_ALIAS,PLAYABLE_DESIGN_BASELINE,Explicit per-version alias seeded from madara/majestic-destroyer-flame; M47 must tune version-specific mechanics and evidence before final canon parity.
hvs-madara-ems-skill-2,madara-ems,SKILL_2,perfect-susanoo,Perfect Susanoo,Perfect Susanoo,CHAKRA,ACTIVE,susanoo,HERO_VERSION_EXPLICIT_ALIAS,PLAYABLE_DESIGN_BASELINE,Explicit per-version alias seeded from madara/perfect-susanoo; M47 must tune version-specific mechanics and evidence before final canon parity.
hvs-madara-ems-ultimate,madara-ems,ULTIMATE,tengai-shinsei,Tengai Shinsei,Tengai Shinsei,CHAKRA,ULTIMATE,burst,HERO_VERSION_EXPLICIT_ALIAS,PLAYABLE_DESIGN_BASELINE,Explicit per-version alias seeded from madara/tengai-shinsei; M47 must tune version-specific mechanics and evidence before final canon parity.
hvs-madara-ems-passive,madara-ems,PASSIVE,passive-sharingan,Passive Sharingan,Passive Sharingan,CHAKRA,PASSIVE,passive,HERO_VERSION_EXPLICIT_ALIAS,PLAYABLE_DESIGN_BASELINE,Explicit per-version alias seeded from madara/passive-sharingan; M47 must tune version-specific mechanics and evidence before final canon parity.
hvs-madara-rinnegan-basic,madara-rinnegan,BASIC,basic-chakra-palm,Basic Chakra Palm,Basic Chakra Palm,CHAKRA,BASIC,combat,HERO_VERSION_EXPLICIT_ALIAS,PLAYABLE_DESIGN_BASELINE,Explicit per-version alias seeded from madara/basic-chakra-palm; M47 must tune version-specific mechanics and evidence before final canon parity.
hvs-madara-rinnegan-skill-1,madara-rinnegan,SKILL_1,majestic-destroyer-flame,Majestic Destroyer Flame,Majestic Destroyer Flame,CHAKRA,ACTIVE,combat,HERO_VERSION_EXPLICIT_ALIAS,PLAYABLE_DESIGN_BASELINE,Explicit per-version alias seeded from madara/majestic-destroyer-flame; M47 must tune version-specific mechanics and evidence before final canon parity.
hvs-madara-rinnegan-skill-2,madara-rinnegan,SKILL_2,perfect-susanoo,Perfect Susanoo,Perfect Susanoo,CHAKRA,ACTIVE,susanoo,HERO_VERSION_EXPLICIT_ALIAS,PLAYABLE_DESIGN_BASELINE,Explicit per-version alias seeded from madara/perfect-susanoo; M47 must tune version-specific mechanics and evidence before final canon parity.
hvs-madara-rinnegan-ultimate,madara-rinnegan,ULTIMATE,tengai-shinsei,Tengai Shinsei,Tengai Shinsei,CHAKRA,ULTIMATE,burst,HERO_VERSION_EXPLICIT_ALIAS,PLAYABLE_DESIGN_BASELINE,Explicit per-version alias seeded from madara/tengai-shinsei; M47 must tune version-specific mechanics and evidence before final canon parity.
hvs-madara-rinnegan-passive,madara-rinnegan,PASSIVE,passive-sharingan,Passive Sharingan,Passive Sharingan,CHAKRA,PASSIVE,passive,HERO_VERSION_EXPLICIT_ALIAS,PLAYABLE_DESIGN_BASELINE,Explicit per-version alias seeded from madara/passive-sharingan; M47 must tune version-specific mechanics and evidence before final canon parity.
hvs-mahiru-core-basic,mahiru-core,BASIC,basic-punch,Basic Punch,Basic Punch,PHYSICAL,BASIC,combat,HERO_VERSION_EXPLICIT_ALIAS,PLAYABLE_DESIGN_BASELINE,Explicit per-version alias seeded from earth/basic-punch; M47 must tune version-specific mechanics and evidence before final canon parity.
hvs-mahiru-core-skill-1,mahiru-core,SKILL_1,earth-wall,Earth Wall,Earth Wall,CHAKRA,ACTIVE,earth,HERO_VERSION_EXPLICIT_ALIAS,PLAYABLE_DESIGN_BASELINE,Explicit per-version alias seeded from earth/earth-wall; M47 must tune version-specific mechanics and evidence before final canon parity.
hvs-mahiru-core-skill-2,mahiru-core,SKILL_2,earth-pillar,Earth Pillar,Earth Pillar,CHAKRA,ACTIVE,earth,HERO_VERSION_EXPLICIT_ALIAS,PLAYABLE_DESIGN_BASELINE,Explicit per-version alias seeded from earth/earth-pillar; M47 must tune version-specific mechanics and evidence before final canon parity.
hvs-mahiru-core-ultimate,mahiru-core,ULTIMATE,earth-quake,Earth Quake,Earth Quake,CHAKRA,ULTIMATE,earth|burst,HERO_VERSION_EXPLICIT_ALIAS,PLAYABLE_DESIGN_BASELINE,Explicit per-version alias seeded from earth/earth-quake; M47 must tune version-specific mechanics and evidence before final canon parity.
hvs-mahiru-core-passive,mahiru-core,PASSIVE,passive-strategist,Passive Strategist,Passive Strategist,CHAKRA,PASSIVE,passive,HERO_VERSION_EXPLICIT_ALIAS,PLAYABLE_DESIGN_BASELINE,Explicit per-version alias seeded from earth/passive-strategist; M47 must tune version-specific mechanics and evidence before final canon parity.
hvs-maki-core-basic,maki-core,BASIC,basic-kunai,Basic Kunai,Basic Kunai,PHYSICAL,BASIC,combat,HERO_VERSION_EXPLICIT_ALIAS,PLAYABLE_DESIGN_BASELINE,Explicit per-version alias seeded from wind/basic-kunai; M47 must tune version-specific mechanics and evidence before final canon parity.
hvs-maki-core-skill-1,maki-core,SKILL_1,wind-scythe,Wind Scythe,Wind Scythe,CHAKRA,ACTIVE,wind,HERO_VERSION_EXPLICIT_ALIAS,PLAYABLE_DESIGN_BASELINE,Explicit per-version alias seeded from wind/wind-scythe; M47 must tune version-specific mechanics and evidence before final canon parity.
hvs-maki-core-skill-2,maki-core,SKILL_2,wind-blade,Wind Blade,Wind Blade,CHAKRA,ACTIVE,wind,HERO_VERSION_EXPLICIT_ALIAS,PLAYABLE_DESIGN_BASELINE,Explicit per-version alias seeded from wind/wind-blade; M47 must tune version-specific mechanics and evidence before final canon parity.
hvs-maki-core-ultimate,maki-core,ULTIMATE,great-wind-burst,Great Wind Burst,Great Wind Burst,CHAKRA,ULTIMATE,wind|burst,HERO_VERSION_EXPLICIT_ALIAS,PLAYABLE_DESIGN_BASELINE,Explicit per-version alias seeded from wind/great-wind-burst; M47 must tune version-specific mechanics and evidence before final canon parity.
hvs-maki-core-passive,maki-core,PASSIVE,passive-strategist,Passive Strategist,Passive Strategist,CHAKRA,PASSIVE,passive,HERO_VERSION_EXPLICIT_ALIAS,PLAYABLE_DESIGN_BASELINE,Explicit per-version alias seeded from wind/passive-strategist; M47 must tune version-specific mechanics and evidence before final canon parity.
hvs-mangetsu-hozuki-core-basic,mangetsu-hozuki-core,BASIC,basic-sword,Basic Sword,Basic Sword,PHYSICAL,BASIC,combat,HERO_VERSION_EXPLICIT_ALIAS,PLAYABLE_DESIGN_BASELINE,Explicit per-version alias seeded from water/basic-sword; M47 must tune version-specific mechanics and evidence before final canon parity.
hvs-mangetsu-hozuki-core-skill-1,mangetsu-hozuki-core,SKILL_1,water-dragon,Water Dragon,Water Dragon,CHAKRA,ACTIVE,water,HERO_VERSION_EXPLICIT_ALIAS,PLAYABLE_DESIGN_BASELINE,Explicit per-version alias seeded from water/water-dragon; M47 must tune version-specific mechanics and evidence before final canon parity.
hvs-mangetsu-hozuki-core-skill-2,mangetsu-hozuki-core,SKILL_2,mist-assassination,Mist Assassination,Mist Assassination,PHYSICAL,ACTIVE,combat,HERO_VERSION_EXPLICIT_ALIAS,PLAYABLE_DESIGN_BASELINE,Explicit per-version alias seeded from water/mist-assassination; M47 must tune version-specific mechanics and evidence before final canon parity.
hvs-mangetsu-hozuki-core-ultimate,mangetsu-hozuki-core,ULTIMATE,water-shark-bomb,Water Shark Bomb,Water Shark Bomb,CHAKRA,ULTIMATE,water|burst,HERO_VERSION_EXPLICIT_ALIAS,PLAYABLE_DESIGN_BASELINE,Explicit per-version alias seeded from water/water-shark-bomb; M47 must tune version-specific mechanics and evidence before final canon parity.
hvs-mangetsu-hozuki-core-passive,mangetsu-hozuki-core,PASSIVE,passive-swordsman,Passive Swordsman,Passive Swordsman,CHAKRA,PASSIVE,passive,HERO_VERSION_EXPLICIT_ALIAS,PLAYABLE_DESIGN_BASELINE,Explicit per-version alias seeded from water/passive-swordsman; M47 must tune version-specific mechanics and evidence before final canon parity.
hvs-matsuri-core-basic,matsuri-core,BASIC,basic-kunai,Basic Kunai,Basic Kunai,PHYSICAL,BASIC,combat,HERO_VERSION_EXPLICIT_ALIAS,PLAYABLE_DESIGN_BASELINE,Explicit per-version alias seeded from wind/basic-kunai; M47 must tune version-specific mechanics and evidence before final canon parity.
hvs-matsuri-core-skill-1,matsuri-core,SKILL_1,wind-scythe,Wind Scythe,Wind Scythe,CHAKRA,ACTIVE,wind,HERO_VERSION_EXPLICIT_ALIAS,PLAYABLE_DESIGN_BASELINE,Explicit per-version alias seeded from wind/wind-scythe; M47 must tune version-specific mechanics and evidence before final canon parity.
hvs-matsuri-core-skill-2,matsuri-core,SKILL_2,wind-blade,Wind Blade,Wind Blade,CHAKRA,ACTIVE,wind,HERO_VERSION_EXPLICIT_ALIAS,PLAYABLE_DESIGN_BASELINE,Explicit per-version alias seeded from wind/wind-blade; M47 must tune version-specific mechanics and evidence before final canon parity.
hvs-matsuri-core-ultimate,matsuri-core,ULTIMATE,great-wind-burst,Great Wind Burst,Great Wind Burst,CHAKRA,ULTIMATE,wind|burst,HERO_VERSION_EXPLICIT_ALIAS,PLAYABLE_DESIGN_BASELINE,Explicit per-version alias seeded from wind/great-wind-burst; M47 must tune version-specific mechanics and evidence before final canon parity.
hvs-matsuri-core-passive,matsuri-core,PASSIVE,passive-strategist,Passive Strategist,Passive Strategist,CHAKRA,PASSIVE,passive,HERO_VERSION_EXPLICIT_ALIAS,PLAYABLE_DESIGN_BASELINE,Explicit per-version alias seeded from wind/passive-strategist; M47 must tune version-specific mechanics and evidence before final canon parity.
hvs-meizu-core-basic,meizu-core,BASIC,basic-sword,Basic Sword,Basic Sword,PHYSICAL,BASIC,combat,HERO_VERSION_EXPLICIT_ALIAS,PLAYABLE_DESIGN_BASELINE,Explicit per-version alias seeded from swordsman/basic-sword; M47 must tune version-specific mechanics and evidence before final canon parity.
hvs-meizu-core-skill-1,meizu-core,SKILL_1,body-flicker,Body Flicker,Body Flicker,PHYSICAL,ACTIVE,combat,HERO_VERSION_EXPLICIT_ALIAS,PLAYABLE_DESIGN_BASELINE,Explicit per-version alias seeded from swordsman/body-flicker; M47 must tune version-specific mechanics and evidence before final canon parity.
hvs-meizu-core-skill-2,meizu-core,SKILL_2,chakra-blade,Chakra Blade,Chakra Blade,PHYSICAL,ACTIVE,combat,HERO_VERSION_EXPLICIT_ALIAS,PLAYABLE_DESIGN_BASELINE,Explicit per-version alias seeded from swordsman/chakra-blade; M47 must tune version-specific mechanics and evidence before final canon parity.
hvs-meizu-core-ultimate,meizu-core,ULTIMATE,crescent-slash,Crescent Slash,Crescent Slash,PHYSICAL,ACTIVE,combat,HERO_VERSION_EXPLICIT_ALIAS,PLAYABLE_DESIGN_BASELINE,Explicit per-version alias seeded from swordsman/crescent-slash; M47 must tune version-specific mechanics and evidence before final canon parity.
hvs-meizu-core-passive,meizu-core,PASSIVE,passive-swordsman,Passive Swordsman,Passive Swordsman,CHAKRA,PASSIVE,passive,HERO_VERSION_EXPLICIT_ALIAS,PLAYABLE_DESIGN_BASELINE,Explicit per-version alias seeded from swordsman/passive-swordsman; M47 must tune version-specific mechanics and evidence before final canon parity.
hvs-menma-base-basic,menma-base,BASIC,basic-punch,Basic Punch,Basic Punch,PHYSICAL,BASIC,combat,HERO_VERSION_EXPLICIT_ALIAS,PLAYABLE_DESIGN_BASELINE,Explicit per-version alias seeded from naruto-kcm/basic-punch; M47 must tune version-specific mechanics and evidence before final canon parity.
hvs-menma-base-skill-1,menma-base,SKILL_1,kurama-claw,Kurama Claw,Kurama Claw,CHAKRA,ACTIVE,combat,HERO_VERSION_EXPLICIT_ALIAS,PLAYABLE_DESIGN_BASELINE,Explicit per-version alias seeded from naruto-kcm/kurama-claw; M47 must tune version-specific mechanics and evidence before final canon parity.
hvs-menma-base-skill-2,menma-base,SKILL_2,rasenshuriken,Rasenshuriken,Rasenshuriken,CHAKRA,ULTIMATE,burst,HERO_VERSION_EXPLICIT_ALIAS,PLAYABLE_DESIGN_BASELINE,Explicit per-version alias seeded from naruto-kcm/rasenshuriken; M47 must tune version-specific mechanics and evidence before final canon parity.
hvs-menma-base-ultimate,menma-base,ULTIMATE,tailed-beast-bomb,Tailed Beast Bomb,Tailed Beast Bomb,CHAKRA,ULTIMATE,burst,HERO_VERSION_EXPLICIT_ALIAS,PLAYABLE_DESIGN_BASELINE,Explicit per-version alias seeded from naruto-kcm/tailed-beast-bomb; M47 must tune version-specific mechanics and evidence before final canon parity.
hvs-menma-base-passive,menma-base,PASSIVE,passive-jinchuriki,Passive Jinchuriki,Passive Jinchuriki,CHAKRA,PASSIVE,jinchuriki|passive,HERO_VERSION_EXPLICIT_ALIAS,PLAYABLE_DESIGN_BASELINE,Explicit per-version alias seeded from naruto-kcm/passive-jinchuriki; M47 must tune version-specific mechanics and evidence before final canon parity.
hvs-midare-core-basic,midare-core,BASIC,basic-sword,Basic Sword,Basic Sword,PHYSICAL,BASIC,combat,HERO_VERSION_EXPLICIT_ALIAS,PLAYABLE_DESIGN_BASELINE,Explicit per-version alias seeded from water/basic-sword; M47 must tune version-specific mechanics and evidence before final canon parity.
hvs-midare-core-skill-1,midare-core,SKILL_1,water-dragon,Water Dragon,Water Dragon,CHAKRA,ACTIVE,water,HERO_VERSION_EXPLICIT_ALIAS,PLAYABLE_DESIGN_BASELINE,Explicit per-version alias seeded from water/water-dragon; M47 must tune version-specific mechanics and evidence before final canon parity.
hvs-midare-core-skill-2,midare-core,SKILL_2,mist-assassination,Mist Assassination,Mist Assassination,PHYSICAL,ACTIVE,combat,HERO_VERSION_EXPLICIT_ALIAS,PLAYABLE_DESIGN_BASELINE,Explicit per-version alias seeded from water/mist-assassination; M47 must tune version-specific mechanics and evidence before final canon parity.
hvs-midare-core-ultimate,midare-core,ULTIMATE,water-shark-bomb,Water Shark Bomb,Water Shark Bomb,CHAKRA,ULTIMATE,water|burst,HERO_VERSION_EXPLICIT_ALIAS,PLAYABLE_DESIGN_BASELINE,Explicit per-version alias seeded from water/water-shark-bomb; M47 must tune version-specific mechanics and evidence before final canon parity.
hvs-midare-core-passive,midare-core,PASSIVE,passive-swordsman,Passive Swordsman,Passive Swordsman,CHAKRA,PASSIVE,passive,HERO_VERSION_EXPLICIT_ALIAS,PLAYABLE_DESIGN_BASELINE,Explicit per-version alias seeded from water/passive-swordsman; M47 must tune version-specific mechanics and evidence before final canon parity.
hvs-mifune-core-basic,mifune-core,BASIC,basic-sword,Basic Sword,Basic Sword,PHYSICAL,BASIC,combat,HERO_VERSION_EXPLICIT_ALIAS,PLAYABLE_DESIGN_BASELINE,Explicit per-version alias seeded from samurai/basic-sword; M47 must tune version-specific mechanics and evidence before final canon parity.
hvs-mifune-core-skill-1,mifune-core,SKILL_1,chakra-blade,Chakra Blade,Chakra Blade,PHYSICAL,ACTIVE,combat,HERO_VERSION_EXPLICIT_ALIAS,PLAYABLE_DESIGN_BASELINE,Explicit per-version alias seeded from samurai/chakra-blade; M47 must tune version-specific mechanics and evidence before final canon parity.
hvs-mifune-core-skill-2,mifune-core,SKILL_2,body-flicker,Body Flicker,Body Flicker,PHYSICAL,ACTIVE,combat,HERO_VERSION_EXPLICIT_ALIAS,PLAYABLE_DESIGN_BASELINE,Explicit per-version alias seeded from samurai/body-flicker; M47 must tune version-specific mechanics and evidence before final canon parity.
hvs-mifune-core-ultimate,mifune-core,ULTIMATE,samurai-iaido,Samurai Iaido,Samurai Iaido,PHYSICAL,ULTIMATE,burst,HERO_VERSION_EXPLICIT_ALIAS,PLAYABLE_DESIGN_BASELINE,Explicit per-version alias seeded from samurai/samurai-iaido; M47 must tune version-specific mechanics and evidence before final canon parity.
hvs-mifune-core-passive,mifune-core,PASSIVE,passive-swordsman,Passive Swordsman,Passive Swordsman,CHAKRA,PASSIVE,passive,HERO_VERSION_EXPLICIT_ALIAS,PLAYABLE_DESIGN_BASELINE,Explicit per-version alias seeded from samurai/passive-swordsman; M47 must tune version-specific mechanics and evidence before final canon parity.
hvs-might-duy-base-basic,might-duy-base,BASIC,basic-punch,Basic Punch,Basic Punch,PHYSICAL,BASIC,combat,HERO_VERSION_EXPLICIT_ALIAS,PLAYABLE_DESIGN_BASELINE,Explicit per-version alias seeded from gates/basic-punch; M47 must tune version-specific mechanics and evidence before final canon parity.
hvs-might-duy-base-skill-1,might-duy-base,SKILL_1,taijutsu-combo,Taijutsu Combo,Taijutsu Combo,PHYSICAL,ACTIVE,combat,HERO_VERSION_EXPLICIT_ALIAS,PLAYABLE_DESIGN_BASELINE,Explicit per-version alias seeded from gates/taijutsu-combo; M47 must tune version-specific mechanics and evidence before final canon parity.
hvs-might-duy-base-skill-2,might-duy-base,SKILL_2,eight-gates,Eight Gates,Eight Gates,PHYSICAL,ACTIVE,combat,HERO_VERSION_EXPLICIT_ALIAS,PLAYABLE_DESIGN_BASELINE,Explicit per-version alias seeded from gates/eight-gates; M47 must tune version-specific mechanics and evidence before final canon parity.
hvs-might-duy-base-ultimate,might-duy-base,ULTIMATE,night-guy,Night Guy,Night Guy,PHYSICAL,ULTIMATE,burst,HERO_VERSION_EXPLICIT_ALIAS,PLAYABLE_DESIGN_BASELINE,Explicit per-version alias seeded from gates/night-guy; M47 must tune version-specific mechanics and evidence before final canon parity.
hvs-might-duy-base-passive,might-duy-base,PASSIVE,passive-will-of-fire,Passive Will Of Fire,Passive Will Of Fire,CHAKRA,PASSIVE,fire|passive,HERO_VERSION_EXPLICIT_ALIAS,PLAYABLE_DESIGN_BASELINE,Explicit per-version alias seeded from gates/passive-will-of-fire; M47 must tune version-specific mechanics and evidence before final canon parity.
hvs-might-guy-base-basic,might-guy-base,BASIC,basic-punch,Basic Punch,Basic Punch,PHYSICAL,BASIC,combat,HERO_VERSION_EXPLICIT_ALIAS,PLAYABLE_DESIGN_BASELINE,Explicit per-version alias seeded from gates/basic-punch; M47 must tune version-specific mechanics and evidence before final canon parity.
hvs-might-guy-base-skill-1,might-guy-base,SKILL_1,taijutsu-combo,Taijutsu Combo,Taijutsu Combo,PHYSICAL,ACTIVE,combat,HERO_VERSION_EXPLICIT_ALIAS,PLAYABLE_DESIGN_BASELINE,Explicit per-version alias seeded from gates/taijutsu-combo; M47 must tune version-specific mechanics and evidence before final canon parity.
hvs-might-guy-base-skill-2,might-guy-base,SKILL_2,eight-gates,Eight Gates,Eight Gates,PHYSICAL,ACTIVE,combat,HERO_VERSION_EXPLICIT_ALIAS,PLAYABLE_DESIGN_BASELINE,Explicit per-version alias seeded from gates/eight-gates; M47 must tune version-specific mechanics and evidence before final canon parity.
hvs-might-guy-base-ultimate,might-guy-base,ULTIMATE,night-guy,Night Guy,Night Guy,PHYSICAL,ULTIMATE,burst,HERO_VERSION_EXPLICIT_ALIAS,PLAYABLE_DESIGN_BASELINE,Explicit per-version alias seeded from gates/night-guy; M47 must tune version-specific mechanics and evidence before final canon parity.
hvs-might-guy-base-passive,might-guy-base,PASSIVE,passive-will-of-fire,Passive Will Of Fire,Passive Will Of Fire,CHAKRA,PASSIVE,fire|passive,HERO_VERSION_EXPLICIT_ALIAS,PLAYABLE_DESIGN_BASELINE,Explicit per-version alias seeded from gates/passive-will-of-fire; M47 must tune version-specific mechanics and evidence before final canon parity.
hvs-minato-edo-basic,minato-edo,BASIC,basic-punch,Basic Punch,Basic Punch,PHYSICAL,BASIC,combat,HERO_VERSION_EXPLICIT_ALIAS,PLAYABLE_DESIGN_BASELINE,Explicit per-version alias seeded from taijutsu/basic-punch; M47 must tune version-specific mechanics and evidence before final canon parity.
hvs-minato-edo-skill-1,minato-edo,SKILL_1,body-flicker,Body Flicker,Body Flicker,PHYSICAL,ACTIVE,combat,HERO_VERSION_EXPLICIT_ALIAS,PLAYABLE_DESIGN_BASELINE,Explicit per-version alias seeded from taijutsu/body-flicker; M47 must tune version-specific mechanics and evidence before final canon parity.
hvs-minato-edo-skill-2,minato-edo,SKILL_2,kunai-volley,Kunai Volley,Kunai Volley,PHYSICAL,ACTIVE,combat,HERO_VERSION_EXPLICIT_ALIAS,PLAYABLE_DESIGN_BASELINE,Explicit per-version alias seeded from taijutsu/kunai-volley; M47 must tune version-specific mechanics and evidence before final canon parity.
hvs-minato-edo-ultimate,minato-edo,ULTIMATE,taijutsu-combo,Taijutsu Combo,Taijutsu Combo,PHYSICAL,ACTIVE,combat,HERO_VERSION_EXPLICIT_ALIAS,PLAYABLE_DESIGN_BASELINE,Explicit per-version alias seeded from taijutsu/taijutsu-combo; M47 must tune version-specific mechanics and evidence before final canon parity.
hvs-minato-edo-passive,minato-edo,PASSIVE,passive-will-of-fire,Passive Will Of Fire,Passive Will Of Fire,CHAKRA,PASSIVE,fire|passive,HERO_VERSION_EXPLICIT_ALIAS,PLAYABLE_DESIGN_BASELINE,Explicit per-version alias seeded from taijutsu/passive-will-of-fire; M47 must tune version-specific mechanics and evidence before final canon parity.
hvs-minato-jonin-basic,minato-jonin,BASIC,basic-punch,Basic Punch,Basic Punch,PHYSICAL,BASIC,combat,HERO_VERSION_EXPLICIT_ALIAS,PLAYABLE_DESIGN_BASELINE,Explicit per-version alias seeded from taijutsu/basic-punch; M47 must tune version-specific mechanics and evidence before final canon parity.
hvs-minato-jonin-skill-1,minato-jonin,SKILL_1,body-flicker,Body Flicker,Body Flicker,PHYSICAL,ACTIVE,combat,HERO_VERSION_EXPLICIT_ALIAS,PLAYABLE_DESIGN_BASELINE,Explicit per-version alias seeded from taijutsu/body-flicker; M47 must tune version-specific mechanics and evidence before final canon parity.
hvs-minato-jonin-skill-2,minato-jonin,SKILL_2,kunai-volley,Kunai Volley,Kunai Volley,PHYSICAL,ACTIVE,combat,HERO_VERSION_EXPLICIT_ALIAS,PLAYABLE_DESIGN_BASELINE,Explicit per-version alias seeded from taijutsu/kunai-volley; M47 must tune version-specific mechanics and evidence before final canon parity.
hvs-minato-jonin-ultimate,minato-jonin,ULTIMATE,taijutsu-combo,Taijutsu Combo,Taijutsu Combo,PHYSICAL,ACTIVE,combat,HERO_VERSION_EXPLICIT_ALIAS,PLAYABLE_DESIGN_BASELINE,Explicit per-version alias seeded from taijutsu/taijutsu-combo; M47 must tune version-specific mechanics and evidence before final canon parity.
hvs-minato-jonin-passive,minato-jonin,PASSIVE,passive-will-of-fire,Passive Will Of Fire,Passive Will Of Fire,CHAKRA,PASSIVE,fire|passive,HERO_VERSION_EXPLICIT_ALIAS,PLAYABLE_DESIGN_BASELINE,Explicit per-version alias seeded from taijutsu/passive-will-of-fire; M47 must tune version-specific mechanics and evidence before final canon parity.
hvs-misumi-tsurugi-core-basic,misumi-tsurugi-core,BASIC,basic-kunai,Basic Kunai,Basic Kunai,PHYSICAL,BASIC,combat,HERO_VERSION_EXPLICIT_ALIAS,PLAYABLE_DESIGN_BASELINE,Explicit per-version alias seeded from sound/basic-kunai; M47 must tune version-specific mechanics and evidence before final canon parity.
hvs-misumi-tsurugi-core-skill-1,misumi-tsurugi-core,SKILL_1,flute-genjutsu,Flute Genjutsu,Flute Genjutsu,CHAKRA,ACTIVE,genjutsu,HERO_VERSION_EXPLICIT_ALIAS,PLAYABLE_DESIGN_BASELINE,Explicit per-version alias seeded from sound/flute-genjutsu; M47 must tune version-specific mechanics and evidence before final canon parity.
hvs-misumi-tsurugi-core-skill-2,misumi-tsurugi-core,SKILL_2,sound-wave,Sound Wave,Sound Wave,CHAKRA,ACTIVE,combat,HERO_VERSION_EXPLICIT_ALIAS,PLAYABLE_DESIGN_BASELINE,Explicit per-version alias seeded from sound/sound-wave; M47 must tune version-specific mechanics and evidence before final canon parity.
hvs-misumi-tsurugi-core-ultimate,misumi-tsurugi-core,ULTIMATE,demon-flute-phantoms,Demon Flute Phantoms,Demon Flute Phantoms,CHAKRA,ULTIMATE,burst,HERO_VERSION_EXPLICIT_ALIAS,PLAYABLE_DESIGN_BASELINE,Explicit per-version alias seeded from sound/demon-flute-phantoms; M47 must tune version-specific mechanics and evidence before final canon parity.
hvs-misumi-tsurugi-core-passive,misumi-tsurugi-core,PASSIVE,passive-strategist,Passive Strategist,Passive Strategist,CHAKRA,PASSIVE,passive,HERO_VERSION_EXPLICIT_ALIAS,PLAYABLE_DESIGN_BASELINE,Explicit per-version alias seeded from sound/passive-strategist; M47 must tune version-specific mechanics and evidence before final canon parity.
hvs-mito-uzumaki-core-basic,mito-uzumaki-core,BASIC,basic-punch,Basic Punch,Basic Punch,PHYSICAL,BASIC,combat,HERO_VERSION_EXPLICIT_ALIAS,PLAYABLE_DESIGN_BASELINE,Explicit per-version alias seeded from jinchuriki/basic-punch; M47 must tune version-specific mechanics and evidence before final canon parity.
hvs-mito-uzumaki-core-skill-1,mito-uzumaki-core,SKILL_1,tailed-cloak,Tailed Cloak,Tailed Cloak,CHAKRA,ACTIVE,combat,HERO_VERSION_EXPLICIT_ALIAS,PLAYABLE_DESIGN_BASELINE,Explicit per-version alias seeded from jinchuriki/tailed-cloak; M47 must tune version-specific mechanics and evidence before final canon parity.
hvs-mito-uzumaki-core-skill-2,mito-uzumaki-core,SKILL_2,kurama-claw,Kurama Claw,Kurama Claw,CHAKRA,ACTIVE,combat,HERO_VERSION_EXPLICIT_ALIAS,PLAYABLE_DESIGN_BASELINE,Explicit per-version alias seeded from jinchuriki/kurama-claw; M47 must tune version-specific mechanics and evidence before final canon parity.
hvs-mito-uzumaki-core-ultimate,mito-uzumaki-core,ULTIMATE,tailed-beast-bomb,Tailed Beast Bomb,Tailed Beast Bomb,CHAKRA,ULTIMATE,burst,HERO_VERSION_EXPLICIT_ALIAS,PLAYABLE_DESIGN_BASELINE,Explicit per-version alias seeded from jinchuriki/tailed-beast-bomb; M47 must tune version-specific mechanics and evidence before final canon parity.
hvs-mito-uzumaki-core-passive,mito-uzumaki-core,PASSIVE,passive-jinchuriki,Passive Jinchuriki,Passive Jinchuriki,CHAKRA,PASSIVE,jinchuriki|passive,HERO_VERSION_EXPLICIT_ALIAS,PLAYABLE_DESIGN_BASELINE,Explicit per-version alias seeded from jinchuriki/passive-jinchuriki; M47 must tune version-specific mechanics and evidence before final canon parity.
hvs-mizuki-core-basic,mizuki-core,BASIC,basic-punch,Basic Punch,Basic Punch,PHYSICAL,BASIC,combat,HERO_VERSION_EXPLICIT_ALIAS,PLAYABLE_DESIGN_BASELINE,Explicit per-version alias seeded from taijutsu/basic-punch; M47 must tune version-specific mechanics and evidence before final canon parity.
hvs-mizuki-core-skill-1,mizuki-core,SKILL_1,body-flicker,Body Flicker,Body Flicker,PHYSICAL,ACTIVE,combat,HERO_VERSION_EXPLICIT_ALIAS,PLAYABLE_DESIGN_BASELINE,Explicit per-version alias seeded from taijutsu/body-flicker; M47 must tune version-specific mechanics and evidence before final canon parity.
hvs-mizuki-core-skill-2,mizuki-core,SKILL_2,kunai-volley,Kunai Volley,Kunai Volley,PHYSICAL,ACTIVE,combat,HERO_VERSION_EXPLICIT_ALIAS,PLAYABLE_DESIGN_BASELINE,Explicit per-version alias seeded from taijutsu/kunai-volley; M47 must tune version-specific mechanics and evidence before final canon parity.
hvs-mizuki-core-ultimate,mizuki-core,ULTIMATE,taijutsu-combo,Taijutsu Combo,Taijutsu Combo,PHYSICAL,ACTIVE,combat,HERO_VERSION_EXPLICIT_ALIAS,PLAYABLE_DESIGN_BASELINE,Explicit per-version alias seeded from taijutsu/taijutsu-combo; M47 must tune version-specific mechanics and evidence before final canon parity.
hvs-mizuki-core-passive,mizuki-core,PASSIVE,passive-will-of-fire,Passive Will Of Fire,Passive Will Of Fire,CHAKRA,PASSIVE,fire|passive,HERO_VERSION_EXPLICIT_ALIAS,PLAYABLE_DESIGN_BASELINE,Explicit per-version alias seeded from taijutsu/passive-will-of-fire; M47 must tune version-specific mechanics and evidence before final canon parity.
hvs-moegi-kazamatsuri-core-basic,moegi-kazamatsuri-core,BASIC,basic-punch,Basic Punch,Basic Punch,PHYSICAL,BASIC,combat,HERO_VERSION_EXPLICIT_ALIAS,PLAYABLE_DESIGN_BASELINE,Explicit per-version alias seeded from earth/basic-punch; M47 must tune version-specific mechanics and evidence before final canon parity.
hvs-moegi-kazamatsuri-core-skill-1,moegi-kazamatsuri-core,SKILL_1,earth-wall,Earth Wall,Earth Wall,CHAKRA,ACTIVE,earth,HERO_VERSION_EXPLICIT_ALIAS,PLAYABLE_DESIGN_BASELINE,Explicit per-version alias seeded from earth/earth-wall; M47 must tune version-specific mechanics and evidence before final canon parity.
hvs-moegi-kazamatsuri-core-skill-2,moegi-kazamatsuri-core,SKILL_2,earth-pillar,Earth Pillar,Earth Pillar,CHAKRA,ACTIVE,earth,HERO_VERSION_EXPLICIT_ALIAS,PLAYABLE_DESIGN_BASELINE,Explicit per-version alias seeded from earth/earth-pillar; M47 must tune version-specific mechanics and evidence before final canon parity.
hvs-moegi-kazamatsuri-core-ultimate,moegi-kazamatsuri-core,ULTIMATE,earth-quake,Earth Quake,Earth Quake,CHAKRA,ULTIMATE,earth|burst,HERO_VERSION_EXPLICIT_ALIAS,PLAYABLE_DESIGN_BASELINE,Explicit per-version alias seeded from earth/earth-quake; M47 must tune version-specific mechanics and evidence before final canon parity.
hvs-moegi-kazamatsuri-core-passive,moegi-kazamatsuri-core,PASSIVE,passive-strategist,Passive Strategist,Passive Strategist,CHAKRA,PASSIVE,passive,HERO_VERSION_EXPLICIT_ALIAS,PLAYABLE_DESIGN_BASELINE,Explicit per-version alias seeded from earth/passive-strategist; M47 must tune version-specific mechanics and evidence before final canon parity.
hvs-motoi-core-basic,motoi-core,BASIC,basic-punch,Basic Punch,Basic Punch,PHYSICAL,BASIC,combat,HERO_VERSION_EXPLICIT_ALIAS,PLAYABLE_DESIGN_BASELINE,Explicit per-version alias seeded from jinchuriki/basic-punch; M47 must tune version-specific mechanics and evidence before final canon parity.
hvs-motoi-core-skill-1,motoi-core,SKILL_1,tailed-cloak,Tailed Cloak,Tailed Cloak,CHAKRA,ACTIVE,combat,HERO_VERSION_EXPLICIT_ALIAS,PLAYABLE_DESIGN_BASELINE,Explicit per-version alias seeded from jinchuriki/tailed-cloak; M47 must tune version-specific mechanics and evidence before final canon parity.
hvs-motoi-core-skill-2,motoi-core,SKILL_2,kurama-claw,Kurama Claw,Kurama Claw,CHAKRA,ACTIVE,combat,HERO_VERSION_EXPLICIT_ALIAS,PLAYABLE_DESIGN_BASELINE,Explicit per-version alias seeded from jinchuriki/kurama-claw; M47 must tune version-specific mechanics and evidence before final canon parity.
hvs-motoi-core-ultimate,motoi-core,ULTIMATE,tailed-beast-bomb,Tailed Beast Bomb,Tailed Beast Bomb,CHAKRA,ULTIMATE,burst,HERO_VERSION_EXPLICIT_ALIAS,PLAYABLE_DESIGN_BASELINE,Explicit per-version alias seeded from jinchuriki/tailed-beast-bomb; M47 must tune version-specific mechanics and evidence before final canon parity.
hvs-motoi-core-passive,motoi-core,PASSIVE,passive-jinchuriki,Passive Jinchuriki,Passive Jinchuriki,CHAKRA,PASSIVE,jinchuriki|passive,HERO_VERSION_EXPLICIT_ALIAS,PLAYABLE_DESIGN_BASELINE,Explicit per-version alias seeded from jinchuriki/passive-jinchuriki; M47 must tune version-specific mechanics and evidence before final canon parity.
hvs-mu-core-basic,mu-core,BASIC,basic-chakra-palm,Basic Chakra Palm,Basic Chakra Palm,CHAKRA,BASIC,combat,HERO_VERSION_EXPLICIT_ALIAS,PLAYABLE_DESIGN_BASELINE,Explicit per-version alias seeded from particle/basic-chakra-palm; M47 must tune version-specific mechanics and evidence before final canon parity.
hvs-mu-core-skill-1,mu-core,SKILL_1,earth-pillar,Earth Pillar,Earth Pillar,CHAKRA,ACTIVE,earth,HERO_VERSION_EXPLICIT_ALIAS,PLAYABLE_DESIGN_BASELINE,Explicit per-version alias seeded from particle/earth-pillar; M47 must tune version-specific mechanics and evidence before final canon parity.
hvs-mu-core-skill-2,mu-core,SKILL_2,weight-control,Weight Control,Weight Control,CHAKRA,ACTIVE,combat,HERO_VERSION_EXPLICIT_ALIAS,PLAYABLE_DESIGN_BASELINE,Explicit per-version alias seeded from particle/weight-control; M47 must tune version-specific mechanics and evidence before final canon parity.
hvs-mu-core-ultimate,mu-core,ULTIMATE,dust-release,Dust Release,Dust Release,CHAKRA,ULTIMATE,burst,HERO_VERSION_EXPLICIT_ALIAS,PLAYABLE_DESIGN_BASELINE,Explicit per-version alias seeded from particle/dust-release; M47 must tune version-specific mechanics and evidence before final canon parity.
hvs-mu-core-passive,mu-core,PASSIVE,passive-strategist,Passive Strategist,Passive Strategist,CHAKRA,PASSIVE,passive,HERO_VERSION_EXPLICIT_ALIAS,PLAYABLE_DESIGN_BASELINE,Explicit per-version alias seeded from particle/passive-strategist; M47 must tune version-specific mechanics and evidence before final canon parity.
hvs-mubi-core-basic,mubi-core,BASIC,basic-sword,Basic Sword,Basic Sword,PHYSICAL,BASIC,combat,HERO_VERSION_EXPLICIT_ALIAS,PLAYABLE_DESIGN_BASELINE,Explicit per-version alias seeded from water/basic-sword; M47 must tune version-specific mechanics and evidence before final canon parity.
hvs-mubi-core-skill-1,mubi-core,SKILL_1,water-dragon,Water Dragon,Water Dragon,CHAKRA,ACTIVE,water,HERO_VERSION_EXPLICIT_ALIAS,PLAYABLE_DESIGN_BASELINE,Explicit per-version alias seeded from water/water-dragon; M47 must tune version-specific mechanics and evidence before final canon parity.
hvs-mubi-core-skill-2,mubi-core,SKILL_2,mist-assassination,Mist Assassination,Mist Assassination,PHYSICAL,ACTIVE,combat,HERO_VERSION_EXPLICIT_ALIAS,PLAYABLE_DESIGN_BASELINE,Explicit per-version alias seeded from water/mist-assassination; M47 must tune version-specific mechanics and evidence before final canon parity.
hvs-mubi-core-ultimate,mubi-core,ULTIMATE,water-shark-bomb,Water Shark Bomb,Water Shark Bomb,CHAKRA,ULTIMATE,water|burst,HERO_VERSION_EXPLICIT_ALIAS,PLAYABLE_DESIGN_BASELINE,Explicit per-version alias seeded from water/water-shark-bomb; M47 must tune version-specific mechanics and evidence before final canon parity.
hvs-mubi-core-passive,mubi-core,PASSIVE,passive-swordsman,Passive Swordsman,Passive Swordsman,CHAKRA,PASSIVE,passive,HERO_VERSION_EXPLICIT_ALIAS,PLAYABLE_DESIGN_BASELINE,Explicit per-version alias seeded from water/passive-swordsman; M47 must tune version-specific mechanics and evidence before final canon parity.
hvs-mukade-base-basic,mukade-base,BASIC,basic-kunai,Basic Kunai,Basic Kunai,PHYSICAL,BASIC,combat,HERO_VERSION_EXPLICIT_ALIAS,PLAYABLE_DESIGN_BASELINE,Explicit per-version alias seeded from puppet/basic-kunai; M47 must tune version-specific mechanics and evidence before final canon parity.
hvs-mukade-base-skill-1,mukade-base,SKILL_1,puppet-needles,Puppet Needles,Puppet Needles,PHYSICAL,ACTIVE,puppet,HERO_VERSION_EXPLICIT_ALIAS,PLAYABLE_DESIGN_BASELINE,Explicit per-version alias seeded from puppet/puppet-needles; M47 must tune version-specific mechanics and evidence before final canon parity.
hvs-mukade-base-skill-2,mukade-base,SKILL_2,poison-cloud,Poison Cloud,Poison Cloud,CHAKRA,ACTIVE,poison,HERO_VERSION_EXPLICIT_ALIAS,PLAYABLE_DESIGN_BASELINE,Explicit per-version alias seeded from puppet/poison-cloud; M47 must tune version-specific mechanics and evidence before final canon parity.
hvs-mukade-base-ultimate,mukade-base,ULTIMATE,hundred-puppets,Hundred Puppets,Hundred Puppets,CHAKRA,ULTIMATE,puppet|burst,HERO_VERSION_EXPLICIT_ALIAS,PLAYABLE_DESIGN_BASELINE,Explicit per-version alias seeded from puppet/hundred-puppets; M47 must tune version-specific mechanics and evidence before final canon parity.
hvs-mukade-base-passive,mukade-base,PASSIVE,passive-puppet,Passive Puppet,Passive Puppet,CHAKRA,PASSIVE,puppet|passive,HERO_VERSION_EXPLICIT_ALIAS,PLAYABLE_DESIGN_BASELINE,Explicit per-version alias seeded from puppet/passive-puppet; M47 must tune version-specific mechanics and evidence before final canon parity.
hvs-nagato-core-basic,nagato-core,BASIC,basic-chakra-palm,Basic Chakra Palm,Basic Chakra Palm,CHAKRA,BASIC,combat,HERO_VERSION_EXPLICIT_ALIAS,PLAYABLE_DESIGN_BASELINE,Explicit per-version alias seeded from rinnegan/basic-chakra-palm; M47 must tune version-specific mechanics and evidence before final canon parity.
hvs-nagato-core-skill-1,nagato-core,SKILL_1,almighty-push,Almighty Push,Almighty Push,CHAKRA,ACTIVE,combat,HERO_VERSION_EXPLICIT_ALIAS,PLAYABLE_DESIGN_BASELINE,Explicit per-version alias seeded from rinnegan/almighty-push; M47 must tune version-specific mechanics and evidence before final canon parity.
hvs-nagato-core-skill-2,nagato-core,SKILL_2,universal-pull,Universal Pull,Universal Pull,CHAKRA,ACTIVE,combat,HERO_VERSION_EXPLICIT_ALIAS,PLAYABLE_DESIGN_BASELINE,Explicit per-version alias seeded from rinnegan/universal-pull; M47 must tune version-specific mechanics and evidence before final canon parity.
hvs-nagato-core-ultimate,nagato-core,ULTIMATE,planetary-devastation,Planetary Devastation,Planetary Devastation,CHAKRA,ULTIMATE,burst,HERO_VERSION_EXPLICIT_ALIAS,PLAYABLE_DESIGN_BASELINE,Explicit per-version alias seeded from rinnegan/planetary-devastation; M47 must tune version-specific mechanics and evidence before final canon parity.
hvs-nagato-core-passive,nagato-core,PASSIVE,passive-rinnegan,Passive Rinnegan,Passive Rinnegan,CHAKRA,PASSIVE,rinne|passive,HERO_VERSION_EXPLICIT_ALIAS,PLAYABLE_DESIGN_BASELINE,Explicit per-version alias seeded from rinnegan/passive-rinnegan; M47 must tune version-specific mechanics and evidence before final canon parity.
hvs-naruto-genin-basic,naruto-genin,BASIC,basic-punch,Basic Punch,Basic Punch,PHYSICAL,BASIC,combat,HERO_VERSION_EXPLICIT_ALIAS,PLAYABLE_DESIGN_BASELINE,Explicit per-version alias seeded from naruto/basic-punch; M47 must tune version-specific mechanics and evidence before final canon parity.
hvs-naruto-genin-skill-1,naruto-genin,SKILL_1,shadow-clone-rush,Shadow Clone Rush,Shadow Clone Rush,CHAKRA,ACTIVE,shadow,HERO_VERSION_EXPLICIT_ALIAS,PLAYABLE_DESIGN_BASELINE,Explicit per-version alias seeded from naruto/shadow-clone-rush; M47 must tune version-specific mechanics and evidence before final canon parity.
hvs-naruto-genin-skill-2,naruto-genin,SKILL_2,rasengan,Rasengan,Rasengan,CHAKRA,ACTIVE,combat,HERO_VERSION_EXPLICIT_ALIAS,PLAYABLE_DESIGN_BASELINE,Explicit per-version alias seeded from naruto/rasengan; M47 must tune version-specific mechanics and evidence before final canon parity.
hvs-naruto-genin-ultimate,naruto-genin,ULTIMATE,rasenshuriken,Rasenshuriken,Rasenshuriken,CHAKRA,ULTIMATE,burst,HERO_VERSION_EXPLICIT_ALIAS,PLAYABLE_DESIGN_BASELINE,Explicit per-version alias seeded from naruto/rasenshuriken; M47 must tune version-specific mechanics and evidence before final canon parity.
hvs-naruto-genin-passive,naruto-genin,PASSIVE,passive-will-of-fire,Passive Will Of Fire,Passive Will Of Fire,CHAKRA,PASSIVE,fire|passive,HERO_VERSION_EXPLICIT_ALIAS,PLAYABLE_DESIGN_BASELINE,Explicit per-version alias seeded from naruto/passive-will-of-fire; M47 must tune version-specific mechanics and evidence before final canon parity.
hvs-naruto-hokage-basic,naruto-hokage,BASIC,basic-chakra-palm,Basic Chakra Palm,Basic Chakra Palm,CHAKRA,BASIC,combat,HERO_VERSION_EXPLICIT_ALIAS,PLAYABLE_DESIGN_BASELINE,Explicit per-version alias seeded from naruto-sixpaths/basic-chakra-palm; M47 must tune version-specific mechanics and evidence before final canon parity.
hvs-naruto-hokage-skill-1,naruto-hokage,SKILL_1,truth-seeking-orbs,Truth-Seeking Orbs,Truth-Seeking Orbs,CHAKRA,ULTIMATE,burst,HERO_VERSION_EXPLICIT_ALIAS,PLAYABLE_DESIGN_BASELINE,Explicit per-version alias seeded from naruto-sixpaths/truth-seeking-orbs; M47 must tune version-specific mechanics and evidence before final canon parity.
hvs-naruto-hokage-skill-2,naruto-hokage,SKILL_2,kurama-claw,Kurama Claw,Kurama Claw,CHAKRA,ACTIVE,combat,HERO_VERSION_EXPLICIT_ALIAS,PLAYABLE_DESIGN_BASELINE,Explicit per-version alias seeded from naruto-sixpaths/kurama-claw; M47 must tune version-specific mechanics and evidence before final canon parity.
hvs-naruto-hokage-ultimate,naruto-hokage,ULTIMATE,six-paths-barrage,Six Paths Barrage,Six Paths Barrage,CHAKRA,ULTIMATE,burst,HERO_VERSION_EXPLICIT_ALIAS,PLAYABLE_DESIGN_BASELINE,Explicit per-version alias seeded from naruto-sixpaths/six-paths-barrage; M47 must tune version-specific mechanics and evidence before final canon parity.
hvs-naruto-hokage-passive,naruto-hokage,PASSIVE,passive-jinchuriki,Passive Jinchuriki,Passive Jinchuriki,CHAKRA,PASSIVE,jinchuriki|passive,HERO_VERSION_EXPLICIT_ALIAS,PLAYABLE_DESIGN_BASELINE,Explicit per-version alias seeded from naruto-sixpaths/passive-jinchuriki; M47 must tune version-specific mechanics and evidence before final canon parity.
hvs-naruto-sage-basic,naruto-sage,BASIC,basic-punch,Basic Punch,Basic Punch,PHYSICAL,BASIC,combat,HERO_VERSION_EXPLICIT_ALIAS,PLAYABLE_DESIGN_BASELINE,Explicit per-version alias seeded from naruto-sage/basic-punch; M47 must tune version-specific mechanics and evidence before final canon parity.
hvs-naruto-sage-skill-1,naruto-sage,SKILL_1,sage-frog-kata,Sage Frog Kata,Sage Frog Kata,PHYSICAL,ACTIVE,sage,HERO_VERSION_EXPLICIT_ALIAS,PLAYABLE_DESIGN_BASELINE,Explicit per-version alias seeded from naruto-sage/sage-frog-kata; M47 must tune version-specific mechanics and evidence before final canon parity.
hvs-naruto-sage-skill-2,naruto-sage,SKILL_2,rasengan,Rasengan,Rasengan,CHAKRA,ACTIVE,combat,HERO_VERSION_EXPLICIT_ALIAS,PLAYABLE_DESIGN_BASELINE,Explicit per-version alias seeded from naruto-sage/rasengan; M47 must tune version-specific mechanics and evidence before final canon parity.
hvs-naruto-sage-ultimate,naruto-sage,ULTIMATE,rasenshuriken,Rasenshuriken,Rasenshuriken,CHAKRA,ULTIMATE,burst,HERO_VERSION_EXPLICIT_ALIAS,PLAYABLE_DESIGN_BASELINE,Explicit per-version alias seeded from naruto-sage/rasenshuriken; M47 must tune version-specific mechanics and evidence before final canon parity.
hvs-naruto-sage-passive,naruto-sage,PASSIVE,passive-sage,Passive Sage,Passive Sage,CHAKRA,PASSIVE,sage|passive,HERO_VERSION_EXPLICIT_ALIAS,PLAYABLE_DESIGN_BASELINE,Explicit per-version alias seeded from naruto-sage/passive-sage; M47 must tune version-specific mechanics and evidence before final canon parity.
hvs-naruto-six-paths-basic,naruto-six-paths,BASIC,basic-chakra-palm,Basic Chakra Palm,Basic Chakra Palm,CHAKRA,BASIC,combat,HERO_VERSION_EXPLICIT_ALIAS,PLAYABLE_DESIGN_BASELINE,Explicit per-version alias seeded from naruto-sixpaths/basic-chakra-palm; M47 must tune version-specific mechanics and evidence before final canon parity.
hvs-naruto-six-paths-skill-1,naruto-six-paths,SKILL_1,truth-seeking-orbs,Truth-Seeking Orbs,Truth-Seeking Orbs,CHAKRA,ULTIMATE,burst,HERO_VERSION_EXPLICIT_ALIAS,PLAYABLE_DESIGN_BASELINE,Explicit per-version alias seeded from naruto-sixpaths/truth-seeking-orbs; M47 must tune version-specific mechanics and evidence before final canon parity.
hvs-naruto-six-paths-skill-2,naruto-six-paths,SKILL_2,kurama-claw,Kurama Claw,Kurama Claw,CHAKRA,ACTIVE,combat,HERO_VERSION_EXPLICIT_ALIAS,PLAYABLE_DESIGN_BASELINE,Explicit per-version alias seeded from naruto-sixpaths/kurama-claw; M47 must tune version-specific mechanics and evidence before final canon parity.
hvs-naruto-six-paths-ultimate,naruto-six-paths,ULTIMATE,six-paths-barrage,Six Paths Barrage,Six Paths Barrage,CHAKRA,ULTIMATE,burst,HERO_VERSION_EXPLICIT_ALIAS,PLAYABLE_DESIGN_BASELINE,Explicit per-version alias seeded from naruto-sixpaths/six-paths-barrage; M47 must tune version-specific mechanics and evidence before final canon parity.
hvs-naruto-six-paths-passive,naruto-six-paths,PASSIVE,passive-jinchuriki,Passive Jinchuriki,Passive Jinchuriki,CHAKRA,PASSIVE,jinchuriki|passive,HERO_VERSION_EXPLICIT_ALIAS,PLAYABLE_DESIGN_BASELINE,Explicit per-version alias seeded from naruto-sixpaths/passive-jinchuriki; M47 must tune version-specific mechanics and evidence before final canon parity.
hvs-neji-hyuga-core-basic,neji-hyuga-core,BASIC,basic-chakra-palm,Basic Chakra Palm,Basic Chakra Palm,CHAKRA,BASIC,combat,HERO_VERSION_EXPLICIT_ALIAS,PLAYABLE_DESIGN_BASELINE,Explicit per-version alias seeded from hyuga/basic-chakra-palm; M47 must tune version-specific mechanics and evidence before final canon parity.
hvs-neji-hyuga-core-skill-1,neji-hyuga-core,SKILL_1,gentle-fist,Gentle Fist,Gentle Fist,PHYSICAL,ACTIVE,combat,HERO_VERSION_EXPLICIT_ALIAS,PLAYABLE_DESIGN_BASELINE,Explicit per-version alias seeded from hyuga/gentle-fist; M47 must tune version-specific mechanics and evidence before final canon parity.
hvs-neji-hyuga-core-skill-2,neji-hyuga-core,SKILL_2,rotation,Rotation,Rotation,PHYSICAL,ACTIVE,combat,HERO_VERSION_EXPLICIT_ALIAS,PLAYABLE_DESIGN_BASELINE,Explicit per-version alias seeded from hyuga/rotation; M47 must tune version-specific mechanics and evidence before final canon parity.
hvs-neji-hyuga-core-ultimate,neji-hyuga-core,ULTIMATE,eight-trigrams-64,Eight Trigrams: Sixty-Four Palms,Eight Trigrams: Sixty-Four Palms,CHAKRA,ULTIMATE,burst,HERO_VERSION_EXPLICIT_ALIAS,PLAYABLE_DESIGN_BASELINE,Explicit per-version alias seeded from hyuga/eight-trigrams-64; M47 must tune version-specific mechanics and evidence before final canon parity.
hvs-neji-hyuga-core-passive,neji-hyuga-core,PASSIVE,passive-byakugan,Passive Byakugan,Passive Byakugan,CHAKRA,PASSIVE,passive,HERO_VERSION_EXPLICIT_ALIAS,PLAYABLE_DESIGN_BASELINE,Explicit per-version alias seeded from hyuga/passive-byakugan; M47 must tune version-specific mechanics and evidence before final canon parity.
hvs-nono-yakushi-core-basic,nono-yakushi-core,BASIC,basic-punch,Basic Punch,Basic Punch,PHYSICAL,BASIC,combat,HERO_VERSION_EXPLICIT_ALIAS,PLAYABLE_DESIGN_BASELINE,Explicit per-version alias seeded from medical/basic-punch; M47 must tune version-specific mechanics and evidence before final canon parity.
hvs-nono-yakushi-core-skill-1,nono-yakushi-core,SKILL_1,chakra-punch,Chakra Punch,Chakra Punch,PHYSICAL,ACTIVE,combat,HERO_VERSION_EXPLICIT_ALIAS,PLAYABLE_DESIGN_BASELINE,Explicit per-version alias seeded from medical/chakra-punch; M47 must tune version-specific mechanics and evidence before final canon parity.
hvs-nono-yakushi-core-skill-2,nono-yakushi-core,SKILL_2,mystical-palm,Mystical Palm,Mystical Palm,CHAKRA,ACTIVE,combat,HERO_VERSION_EXPLICIT_ALIAS,PLAYABLE_DESIGN_BASELINE,Explicit per-version alias seeded from medical/mystical-palm; M47 must tune version-specific mechanics and evidence before final canon parity.
hvs-nono-yakushi-core-ultimate,nono-yakushi-core,ULTIMATE,hundred-healings,Strength of a Hundred Healings,Strength of a Hundred Healings,CHAKRA,ULTIMATE,heal|burst,HERO_VERSION_EXPLICIT_ALIAS,PLAYABLE_DESIGN_BASELINE,Explicit per-version alias seeded from medical/hundred-healings; M47 must tune version-specific mechanics and evidence before final canon parity.
hvs-nono-yakushi-core-passive,nono-yakushi-core,PASSIVE,passive-medical,Passive Medical,Passive Medical,CHAKRA,PASSIVE,passive,HERO_VERSION_EXPLICIT_ALIAS,PLAYABLE_DESIGN_BASELINE,Explicit per-version alias seeded from medical/passive-medical; M47 must tune version-specific mechanics and evidence before final canon parity.
hvs-obito-masked-basic,obito-masked,BASIC,basic-chakra-palm,Basic Chakra Palm,Basic Chakra Palm,CHAKRA,BASIC,combat,HERO_VERSION_EXPLICIT_ALIAS,PLAYABLE_DESIGN_BASELINE,Explicit per-version alias seeded from obito/basic-chakra-palm; M47 must tune version-specific mechanics and evidence before final canon parity.
hvs-obito-masked-skill-1,obito-masked,SKILL_1,kamui-phase,Kamui Phase,Kamui Phase,CHAKRA,ACTIVE,kamui,HERO_VERSION_EXPLICIT_ALIAS,PLAYABLE_DESIGN_BASELINE,Explicit per-version alias seeded from obito/kamui-phase; M47 must tune version-specific mechanics and evidence before final canon parity.
hvs-obito-masked-skill-2,obito-masked,SKILL_2,fireball-jutsu,Fireball Jutsu,Fireball Jutsu,CHAKRA,ACTIVE,fire,HERO_VERSION_EXPLICIT_ALIAS,PLAYABLE_DESIGN_BASELINE,Explicit per-version alias seeded from obito/fireball-jutsu; M47 must tune version-specific mechanics and evidence before final canon parity.
hvs-obito-masked-ultimate,obito-masked,ULTIMATE,wood-spikes,Wood Spikes,Wood Spikes,CHAKRA,ACTIVE,wood,HERO_VERSION_EXPLICIT_ALIAS,PLAYABLE_DESIGN_BASELINE,Explicit per-version alias seeded from obito/wood-spikes; M47 must tune version-specific mechanics and evidence before final canon parity.
hvs-obito-masked-passive,obito-masked,PASSIVE,passive-sharingan,Passive Sharingan,Passive Sharingan,CHAKRA,PASSIVE,passive,HERO_VERSION_EXPLICIT_ALIAS,PLAYABLE_DESIGN_BASELINE,Explicit per-version alias seeded from obito/passive-sharingan; M47 must tune version-specific mechanics and evidence before final canon parity.
hvs-obito-white-mask-basic,obito-white-mask,BASIC,basic-chakra-palm,Basic Chakra Palm,Basic Chakra Palm,CHAKRA,BASIC,combat,HERO_VERSION_EXPLICIT_ALIAS,PLAYABLE_DESIGN_BASELINE,Explicit per-version alias seeded from obito/basic-chakra-palm; M47 must tune version-specific mechanics and evidence before final canon parity.
hvs-obito-white-mask-skill-1,obito-white-mask,SKILL_1,kamui-phase,Kamui Phase,Kamui Phase,CHAKRA,ACTIVE,kamui,HERO_VERSION_EXPLICIT_ALIAS,PLAYABLE_DESIGN_BASELINE,Explicit per-version alias seeded from obito/kamui-phase; M47 must tune version-specific mechanics and evidence before final canon parity.
hvs-obito-white-mask-skill-2,obito-white-mask,SKILL_2,fireball-jutsu,Fireball Jutsu,Fireball Jutsu,CHAKRA,ACTIVE,fire,HERO_VERSION_EXPLICIT_ALIAS,PLAYABLE_DESIGN_BASELINE,Explicit per-version alias seeded from obito/fireball-jutsu; M47 must tune version-specific mechanics and evidence before final canon parity.
hvs-obito-white-mask-ultimate,obito-white-mask,ULTIMATE,wood-spikes,Wood Spikes,Wood Spikes,CHAKRA,ACTIVE,wood,HERO_VERSION_EXPLICIT_ALIAS,PLAYABLE_DESIGN_BASELINE,Explicit per-version alias seeded from obito/wood-spikes; M47 must tune version-specific mechanics and evidence before final canon parity.
hvs-obito-white-mask-passive,obito-white-mask,PASSIVE,passive-sharingan,Passive Sharingan,Passive Sharingan,CHAKRA,PASSIVE,passive,HERO_VERSION_EXPLICIT_ALIAS,PLAYABLE_DESIGN_BASELINE,Explicit per-version alias seeded from obito/passive-sharingan; M47 must tune version-specific mechanics and evidence before final canon parity.
hvs-obito-young-basic,obito-young,BASIC,basic-chakra-palm,Basic Chakra Palm,Basic Chakra Palm,CHAKRA,BASIC,combat,HERO_VERSION_EXPLICIT_ALIAS,PLAYABLE_DESIGN_BASELINE,Explicit per-version alias seeded from obito/basic-chakra-palm; M47 must tune version-specific mechanics and evidence before final canon parity.
hvs-obito-young-skill-1,obito-young,SKILL_1,kamui-phase,Kamui Phase,Kamui Phase,CHAKRA,ACTIVE,kamui,HERO_VERSION_EXPLICIT_ALIAS,PLAYABLE_DESIGN_BASELINE,Explicit per-version alias seeded from obito/kamui-phase; M47 must tune version-specific mechanics and evidence before final canon parity.
hvs-obito-young-skill-2,obito-young,SKILL_2,fireball-jutsu,Fireball Jutsu,Fireball Jutsu,CHAKRA,ACTIVE,fire,HERO_VERSION_EXPLICIT_ALIAS,PLAYABLE_DESIGN_BASELINE,Explicit per-version alias seeded from obito/fireball-jutsu; M47 must tune version-specific mechanics and evidence before final canon parity.
hvs-obito-young-ultimate,obito-young,ULTIMATE,wood-spikes,Wood Spikes,Wood Spikes,CHAKRA,ACTIVE,wood,HERO_VERSION_EXPLICIT_ALIAS,PLAYABLE_DESIGN_BASELINE,Explicit per-version alias seeded from obito/wood-spikes; M47 must tune version-specific mechanics and evidence before final canon parity.
hvs-obito-young-passive,obito-young,PASSIVE,passive-sharingan,Passive Sharingan,Passive Sharingan,CHAKRA,PASSIVE,passive,HERO_VERSION_EXPLICIT_ALIAS,PLAYABLE_DESIGN_BASELINE,Explicit per-version alias seeded from obito/passive-sharingan; M47 must tune version-specific mechanics and evidence before final canon parity.
hvs-oboro-core-basic,oboro-core,BASIC,basic-sword,Basic Sword,Basic Sword,PHYSICAL,BASIC,combat,HERO_VERSION_EXPLICIT_ALIAS,PLAYABLE_DESIGN_BASELINE,Explicit per-version alias seeded from water/basic-sword; M47 must tune version-specific mechanics and evidence before final canon parity.
hvs-oboro-core-skill-1,oboro-core,SKILL_1,water-dragon,Water Dragon,Water Dragon,CHAKRA,ACTIVE,water,HERO_VERSION_EXPLICIT_ALIAS,PLAYABLE_DESIGN_BASELINE,Explicit per-version alias seeded from water/water-dragon; M47 must tune version-specific mechanics and evidence before final canon parity.
hvs-oboro-core-skill-2,oboro-core,SKILL_2,mist-assassination,Mist Assassination,Mist Assassination,PHYSICAL,ACTIVE,combat,HERO_VERSION_EXPLICIT_ALIAS,PLAYABLE_DESIGN_BASELINE,Explicit per-version alias seeded from water/mist-assassination; M47 must tune version-specific mechanics and evidence before final canon parity.
hvs-oboro-core-ultimate,oboro-core,ULTIMATE,water-shark-bomb,Water Shark Bomb,Water Shark Bomb,CHAKRA,ULTIMATE,water|burst,HERO_VERSION_EXPLICIT_ALIAS,PLAYABLE_DESIGN_BASELINE,Explicit per-version alias seeded from water/water-shark-bomb; M47 must tune version-specific mechanics and evidence before final canon parity.
hvs-oboro-core-passive,oboro-core,PASSIVE,passive-swordsman,Passive Swordsman,Passive Swordsman,CHAKRA,PASSIVE,passive,HERO_VERSION_EXPLICIT_ALIAS,PLAYABLE_DESIGN_BASELINE,Explicit per-version alias seeded from water/passive-swordsman; M47 must tune version-specific mechanics and evidence before final canon parity.
hvs-okisuke-core-basic,okisuke-core,BASIC,basic-sword,Basic Sword,Basic Sword,PHYSICAL,BASIC,combat,HERO_VERSION_EXPLICIT_ALIAS,PLAYABLE_DESIGN_BASELINE,Explicit per-version alias seeded from samurai/basic-sword; M47 must tune version-specific mechanics and evidence before final canon parity.
hvs-okisuke-core-skill-1,okisuke-core,SKILL_1,chakra-blade,Chakra Blade,Chakra Blade,PHYSICAL,ACTIVE,combat,HERO_VERSION_EXPLICIT_ALIAS,PLAYABLE_DESIGN_BASELINE,Explicit per-version alias seeded from samurai/chakra-blade; M47 must tune version-specific mechanics and evidence before final canon parity.
hvs-okisuke-core-skill-2,okisuke-core,SKILL_2,body-flicker,Body Flicker,Body Flicker,PHYSICAL,ACTIVE,combat,HERO_VERSION_EXPLICIT_ALIAS,PLAYABLE_DESIGN_BASELINE,Explicit per-version alias seeded from samurai/body-flicker; M47 must tune version-specific mechanics and evidence before final canon parity.
hvs-okisuke-core-ultimate,okisuke-core,ULTIMATE,samurai-iaido,Samurai Iaido,Samurai Iaido,PHYSICAL,ULTIMATE,burst,HERO_VERSION_EXPLICIT_ALIAS,PLAYABLE_DESIGN_BASELINE,Explicit per-version alias seeded from samurai/samurai-iaido; M47 must tune version-specific mechanics and evidence before final canon parity.
hvs-okisuke-core-passive,okisuke-core,PASSIVE,passive-swordsman,Passive Swordsman,Passive Swordsman,CHAKRA,PASSIVE,passive,HERO_VERSION_EXPLICIT_ALIAS,PLAYABLE_DESIGN_BASELINE,Explicit per-version alias seeded from samurai/passive-swordsman; M47 must tune version-specific mechanics and evidence before final canon parity.
hvs-omoi-core-basic,omoi-core,BASIC,basic-sword,Basic Sword,Basic Sword,PHYSICAL,BASIC,combat,HERO_VERSION_EXPLICIT_ALIAS,PLAYABLE_DESIGN_BASELINE,Explicit per-version alias seeded from swordsman/basic-sword; M47 must tune version-specific mechanics and evidence before final canon parity.
hvs-omoi-core-skill-1,omoi-core,SKILL_1,body-flicker,Body Flicker,Body Flicker,PHYSICAL,ACTIVE,combat,HERO_VERSION_EXPLICIT_ALIAS,PLAYABLE_DESIGN_BASELINE,Explicit per-version alias seeded from swordsman/body-flicker; M47 must tune version-specific mechanics and evidence before final canon parity.
hvs-omoi-core-skill-2,omoi-core,SKILL_2,chakra-blade,Chakra Blade,Chakra Blade,PHYSICAL,ACTIVE,combat,HERO_VERSION_EXPLICIT_ALIAS,PLAYABLE_DESIGN_BASELINE,Explicit per-version alias seeded from swordsman/chakra-blade; M47 must tune version-specific mechanics and evidence before final canon parity.
hvs-omoi-core-ultimate,omoi-core,ULTIMATE,crescent-slash,Crescent Slash,Crescent Slash,PHYSICAL,ACTIVE,combat,HERO_VERSION_EXPLICIT_ALIAS,PLAYABLE_DESIGN_BASELINE,Explicit per-version alias seeded from swordsman/crescent-slash; M47 must tune version-specific mechanics and evidence before final canon parity.
hvs-omoi-core-passive,omoi-core,PASSIVE,passive-swordsman,Passive Swordsman,Passive Swordsman,CHAKRA,PASSIVE,passive,HERO_VERSION_EXPLICIT_ALIAS,PLAYABLE_DESIGN_BASELINE,Explicit per-version alias seeded from swordsman/passive-swordsman; M47 must tune version-specific mechanics and evidence before final canon parity.
hvs-onoki-core-basic,onoki-core,BASIC,basic-chakra-palm,Basic Chakra Palm,Basic Chakra Palm,CHAKRA,BASIC,combat,HERO_VERSION_EXPLICIT_ALIAS,PLAYABLE_DESIGN_BASELINE,Explicit per-version alias seeded from particle/basic-chakra-palm; M47 must tune version-specific mechanics and evidence before final canon parity.
hvs-onoki-core-skill-1,onoki-core,SKILL_1,earth-pillar,Earth Pillar,Earth Pillar,CHAKRA,ACTIVE,earth,HERO_VERSION_EXPLICIT_ALIAS,PLAYABLE_DESIGN_BASELINE,Explicit per-version alias seeded from particle/earth-pillar; M47 must tune version-specific mechanics and evidence before final canon parity.
hvs-onoki-core-skill-2,onoki-core,SKILL_2,weight-control,Weight Control,Weight Control,CHAKRA,ACTIVE,combat,HERO_VERSION_EXPLICIT_ALIAS,PLAYABLE_DESIGN_BASELINE,Explicit per-version alias seeded from particle/weight-control; M47 must tune version-specific mechanics and evidence before final canon parity.
hvs-onoki-core-ultimate,onoki-core,ULTIMATE,dust-release,Dust Release,Dust Release,CHAKRA,ULTIMATE,burst,HERO_VERSION_EXPLICIT_ALIAS,PLAYABLE_DESIGN_BASELINE,Explicit per-version alias seeded from particle/dust-release; M47 must tune version-specific mechanics and evidence before final canon parity.
hvs-onoki-core-passive,onoki-core,PASSIVE,passive-strategist,Passive Strategist,Passive Strategist,CHAKRA,PASSIVE,passive,HERO_VERSION_EXPLICIT_ALIAS,PLAYABLE_DESIGN_BASELINE,Explicit per-version alias seeded from particle/passive-strategist; M47 must tune version-specific mechanics and evidence before final canon parity.
hvs-orochimaru-sannin-basic,orochimaru-sannin,BASIC,basic-sword,Basic Sword,Basic Sword,PHYSICAL,BASIC,combat,HERO_VERSION_EXPLICIT_ALIAS,PLAYABLE_DESIGN_BASELINE,Explicit per-version alias seeded from orochimaru/basic-sword; M47 must tune version-specific mechanics and evidence before final canon parity.
hvs-orochimaru-sannin-skill-1,orochimaru-sannin,SKILL_1,snake-sword,Snake Sword,Snake Sword,PHYSICAL,ACTIVE,snake,HERO_VERSION_EXPLICIT_ALIAS,PLAYABLE_DESIGN_BASELINE,Explicit per-version alias seeded from orochimaru/snake-sword; M47 must tune version-specific mechanics and evidence before final canon parity.
hvs-orochimaru-sannin-skill-2,orochimaru-sannin,SKILL_2,hidden-shadow-snakes,Hidden Shadow Snakes,Hidden Shadow Snakes,CHAKRA,ACTIVE,shadow|snake,HERO_VERSION_EXPLICIT_ALIAS,PLAYABLE_DESIGN_BASELINE,Explicit per-version alias seeded from orochimaru/hidden-shadow-snakes; M47 must tune version-specific mechanics and evidence before final canon parity.
hvs-orochimaru-sannin-ultimate,orochimaru-sannin,ULTIMATE,white-rage,White Rage,White Rage,CHAKRA,ULTIMATE,burst,HERO_VERSION_EXPLICIT_ALIAS,PLAYABLE_DESIGN_BASELINE,Explicit per-version alias seeded from orochimaru/white-rage; M47 must tune version-specific mechanics and evidence before final canon parity.
hvs-orochimaru-sannin-passive,orochimaru-sannin,PASSIVE,passive-sage,Passive Sage,Passive Sage,CHAKRA,PASSIVE,sage|passive,HERO_VERSION_EXPLICIT_ALIAS,PLAYABLE_DESIGN_BASELINE,Explicit per-version alias seeded from orochimaru/passive-sage; M47 must tune version-specific mechanics and evidence before final canon parity.
hvs-pakura-core-basic,pakura-core,BASIC,basic-kunai,Basic Kunai,Basic Kunai,PHYSICAL,BASIC,combat,HERO_VERSION_EXPLICIT_ALIAS,PLAYABLE_DESIGN_BASELINE,Explicit per-version alias seeded from wind/basic-kunai; M47 must tune version-specific mechanics and evidence before final canon parity.
hvs-pakura-core-skill-1,pakura-core,SKILL_1,wind-scythe,Wind Scythe,Wind Scythe,CHAKRA,ACTIVE,wind,HERO_VERSION_EXPLICIT_ALIAS,PLAYABLE_DESIGN_BASELINE,Explicit per-version alias seeded from wind/wind-scythe; M47 must tune version-specific mechanics and evidence before final canon parity.
hvs-pakura-core-skill-2,pakura-core,SKILL_2,wind-blade,Wind Blade,Wind Blade,CHAKRA,ACTIVE,wind,HERO_VERSION_EXPLICIT_ALIAS,PLAYABLE_DESIGN_BASELINE,Explicit per-version alias seeded from wind/wind-blade; M47 must tune version-specific mechanics and evidence before final canon parity.
hvs-pakura-core-ultimate,pakura-core,ULTIMATE,great-wind-burst,Great Wind Burst,Great Wind Burst,CHAKRA,ULTIMATE,wind|burst,HERO_VERSION_EXPLICIT_ALIAS,PLAYABLE_DESIGN_BASELINE,Explicit per-version alias seeded from wind/great-wind-burst; M47 must tune version-specific mechanics and evidence before final canon parity.
hvs-pakura-core-passive,pakura-core,PASSIVE,passive-strategist,Passive Strategist,Passive Strategist,CHAKRA,PASSIVE,passive,HERO_VERSION_EXPLICIT_ALIAS,PLAYABLE_DESIGN_BASELINE,Explicit per-version alias seeded from wind/passive-strategist; M47 must tune version-specific mechanics and evidence before final canon parity.
hvs-raido-namiashi-core-basic,raido-namiashi-core,BASIC,basic-sword,Basic Sword,Basic Sword,PHYSICAL,BASIC,combat,HERO_VERSION_EXPLICIT_ALIAS,PLAYABLE_DESIGN_BASELINE,Explicit per-version alias seeded from swordsman/basic-sword; M47 must tune version-specific mechanics and evidence before final canon parity.
hvs-raido-namiashi-core-skill-1,raido-namiashi-core,SKILL_1,body-flicker,Body Flicker,Body Flicker,PHYSICAL,ACTIVE,combat,HERO_VERSION_EXPLICIT_ALIAS,PLAYABLE_DESIGN_BASELINE,Explicit per-version alias seeded from swordsman/body-flicker; M47 must tune version-specific mechanics and evidence before final canon parity.
hvs-raido-namiashi-core-skill-2,raido-namiashi-core,SKILL_2,chakra-blade,Chakra Blade,Chakra Blade,PHYSICAL,ACTIVE,combat,HERO_VERSION_EXPLICIT_ALIAS,PLAYABLE_DESIGN_BASELINE,Explicit per-version alias seeded from swordsman/chakra-blade; M47 must tune version-specific mechanics and evidence before final canon parity.
hvs-raido-namiashi-core-ultimate,raido-namiashi-core,ULTIMATE,crescent-slash,Crescent Slash,Crescent Slash,PHYSICAL,ACTIVE,combat,HERO_VERSION_EXPLICIT_ALIAS,PLAYABLE_DESIGN_BASELINE,Explicit per-version alias seeded from swordsman/crescent-slash; M47 must tune version-specific mechanics and evidence before final canon parity.
hvs-raido-namiashi-core-passive,raido-namiashi-core,PASSIVE,passive-swordsman,Passive Swordsman,Passive Swordsman,CHAKRA,PASSIVE,passive,HERO_VERSION_EXPLICIT_ALIAS,PLAYABLE_DESIGN_BASELINE,Explicit per-version alias seeded from swordsman/passive-swordsman; M47 must tune version-specific mechanics and evidence before final canon parity.
hvs-raiga-kurosuki-core-basic,raiga-kurosuki-core,BASIC,basic-sword,Basic Sword,Basic Sword,PHYSICAL,BASIC,combat,HERO_VERSION_EXPLICIT_ALIAS,PLAYABLE_DESIGN_BASELINE,Explicit per-version alias seeded from storm/basic-sword; M47 must tune version-specific mechanics and evidence before final canon parity.
hvs-raiga-kurosuki-core-skill-1,raiga-kurosuki-core,SKILL_1,lightning-armor,Lightning Armor,Lightning Armor,CHAKRA,ACTIVE,lightning,HERO_VERSION_EXPLICIT_ALIAS,PLAYABLE_DESIGN_BASELINE,Explicit per-version alias seeded from storm/lightning-armor; M47 must tune version-specific mechanics and evidence before final canon parity.
hvs-raiga-kurosuki-core-skill-2,raiga-kurosuki-core,SKILL_2,storm-laser,Storm Laser,Storm Laser,CHAKRA,ACTIVE,combat,HERO_VERSION_EXPLICIT_ALIAS,PLAYABLE_DESIGN_BASELINE,Explicit per-version alias seeded from storm/storm-laser; M47 must tune version-specific mechanics and evidence before final canon parity.
hvs-raiga-kurosuki-core-ultimate,raiga-kurosuki-core,ULTIMATE,black-lightning,Black Lightning,Black Lightning,CHAKRA,ULTIMATE,lightning|burst,HERO_VERSION_EXPLICIT_ALIAS,PLAYABLE_DESIGN_BASELINE,Explicit per-version alias seeded from storm/black-lightning; M47 must tune version-specific mechanics and evidence before final canon parity.
hvs-raiga-kurosuki-core-passive,raiga-kurosuki-core,PASSIVE,passive-strategist,Passive Strategist,Passive Strategist,CHAKRA,PASSIVE,passive,HERO_VERSION_EXPLICIT_ALIAS,PLAYABLE_DESIGN_BASELINE,Explicit per-version alias seeded from storm/passive-strategist; M47 must tune version-specific mechanics and evidence before final canon parity.
hvs-rasa-core-basic,rasa-core,BASIC,basic-chakra-palm,Basic Chakra Palm,Basic Chakra Palm,CHAKRA,BASIC,combat,HERO_VERSION_EXPLICIT_ALIAS,PLAYABLE_DESIGN_BASELINE,Explicit per-version alias seeded from gaara/basic-chakra-palm; M47 must tune version-specific mechanics and evidence before final canon parity.
hvs-rasa-core-skill-1,rasa-core,SKILL_1,sand-shield,Sand Shield,Sand Shield,CHAKRA,ACTIVE,sand,HERO_VERSION_EXPLICIT_ALIAS,PLAYABLE_DESIGN_BASELINE,Explicit per-version alias seeded from gaara/sand-shield; M47 must tune version-specific mechanics and evidence before final canon parity.
hvs-rasa-core-skill-2,rasa-core,SKILL_2,sand-coffin,Sand Coffin,Sand Coffin,CHAKRA,ACTIVE,sand,HERO_VERSION_EXPLICIT_ALIAS,PLAYABLE_DESIGN_BASELINE,Explicit per-version alias seeded from gaara/sand-coffin; M47 must tune version-specific mechanics and evidence before final canon parity.
hvs-rasa-core-ultimate,rasa-core,ULTIMATE,sand-mausoleum,Sand Mausoleum,Sand Mausoleum,CHAKRA,ULTIMATE,sand|burst,HERO_VERSION_EXPLICIT_ALIAS,PLAYABLE_DESIGN_BASELINE,Explicit per-version alias seeded from gaara/sand-mausoleum; M47 must tune version-specific mechanics and evidence before final canon parity.
hvs-rasa-core-passive,rasa-core,PASSIVE,passive-jinchuriki,Passive Jinchuriki,Passive Jinchuriki,CHAKRA,PASSIVE,jinchuriki|passive,HERO_VERSION_EXPLICIT_ALIAS,PLAYABLE_DESIGN_BASELINE,Explicit per-version alias seeded from gaara/passive-jinchuriki; M47 must tune version-specific mechanics and evidence before final canon parity.
hvs-rin-nohara-core-basic,rin-nohara-core,BASIC,basic-punch,Basic Punch,Basic Punch,PHYSICAL,BASIC,combat,HERO_VERSION_EXPLICIT_ALIAS,PLAYABLE_DESIGN_BASELINE,Explicit per-version alias seeded from medical/basic-punch; M47 must tune version-specific mechanics and evidence before final canon parity.
hvs-rin-nohara-core-skill-1,rin-nohara-core,SKILL_1,chakra-punch,Chakra Punch,Chakra Punch,PHYSICAL,ACTIVE,combat,HERO_VERSION_EXPLICIT_ALIAS,PLAYABLE_DESIGN_BASELINE,Explicit per-version alias seeded from medical/chakra-punch; M47 must tune version-specific mechanics and evidence before final canon parity.
hvs-rin-nohara-core-skill-2,rin-nohara-core,SKILL_2,mystical-palm,Mystical Palm,Mystical Palm,CHAKRA,ACTIVE,combat,HERO_VERSION_EXPLICIT_ALIAS,PLAYABLE_DESIGN_BASELINE,Explicit per-version alias seeded from medical/mystical-palm; M47 must tune version-specific mechanics and evidence before final canon parity.
hvs-rin-nohara-core-ultimate,rin-nohara-core,ULTIMATE,hundred-healings,Strength of a Hundred Healings,Strength of a Hundred Healings,CHAKRA,ULTIMATE,heal|burst,HERO_VERSION_EXPLICIT_ALIAS,PLAYABLE_DESIGN_BASELINE,Explicit per-version alias seeded from medical/hundred-healings; M47 must tune version-specific mechanics and evidence before final canon parity.
hvs-rin-nohara-core-passive,rin-nohara-core,PASSIVE,passive-medical,Passive Medical,Passive Medical,CHAKRA,PASSIVE,passive,HERO_VERSION_EXPLICIT_ALIAS,PLAYABLE_DESIGN_BASELINE,Explicit per-version alias seeded from medical/passive-medical; M47 must tune version-specific mechanics and evidence before final canon parity.
hvs-rock-lee-genin-basic,rock-lee-genin,BASIC,basic-punch,Basic Punch,Basic Punch,PHYSICAL,BASIC,combat,HERO_VERSION_EXPLICIT_ALIAS,PLAYABLE_DESIGN_BASELINE,Explicit per-version alias seeded from gates/basic-punch; M47 must tune version-specific mechanics and evidence before final canon parity.
hvs-rock-lee-genin-skill-1,rock-lee-genin,SKILL_1,taijutsu-combo,Taijutsu Combo,Taijutsu Combo,PHYSICAL,ACTIVE,combat,HERO_VERSION_EXPLICIT_ALIAS,PLAYABLE_DESIGN_BASELINE,Explicit per-version alias seeded from gates/taijutsu-combo; M47 must tune version-specific mechanics and evidence before final canon parity.
hvs-rock-lee-genin-skill-2,rock-lee-genin,SKILL_2,eight-gates,Eight Gates,Eight Gates,PHYSICAL,ACTIVE,combat,HERO_VERSION_EXPLICIT_ALIAS,PLAYABLE_DESIGN_BASELINE,Explicit per-version alias seeded from gates/eight-gates; M47 must tune version-specific mechanics and evidence before final canon parity.
hvs-rock-lee-genin-ultimate,rock-lee-genin,ULTIMATE,night-guy,Night Guy,Night Guy,PHYSICAL,ULTIMATE,burst,HERO_VERSION_EXPLICIT_ALIAS,PLAYABLE_DESIGN_BASELINE,Explicit per-version alias seeded from gates/night-guy; M47 must tune version-specific mechanics and evidence before final canon parity.
hvs-rock-lee-genin-passive,rock-lee-genin,PASSIVE,passive-will-of-fire,Passive Will Of Fire,Passive Will Of Fire,CHAKRA,PASSIVE,fire|passive,HERO_VERSION_EXPLICIT_ALIAS,PLAYABLE_DESIGN_BASELINE,Explicit per-version alias seeded from gates/passive-will-of-fire; M47 must tune version-specific mechanics and evidence before final canon parity.
hvs-rock-lee-shippuden-basic,rock-lee-shippuden,BASIC,basic-punch,Basic Punch,Basic Punch,PHYSICAL,BASIC,combat,HERO_VERSION_EXPLICIT_ALIAS,PLAYABLE_DESIGN_BASELINE,Explicit per-version alias seeded from gates/basic-punch; M47 must tune version-specific mechanics and evidence before final canon parity.
hvs-rock-lee-shippuden-skill-1,rock-lee-shippuden,SKILL_1,taijutsu-combo,Taijutsu Combo,Taijutsu Combo,PHYSICAL,ACTIVE,combat,HERO_VERSION_EXPLICIT_ALIAS,PLAYABLE_DESIGN_BASELINE,Explicit per-version alias seeded from gates/taijutsu-combo; M47 must tune version-specific mechanics and evidence before final canon parity.
hvs-rock-lee-shippuden-skill-2,rock-lee-shippuden,SKILL_2,eight-gates,Eight Gates,Eight Gates,PHYSICAL,ACTIVE,combat,HERO_VERSION_EXPLICIT_ALIAS,PLAYABLE_DESIGN_BASELINE,Explicit per-version alias seeded from gates/eight-gates; M47 must tune version-specific mechanics and evidence before final canon parity.
hvs-rock-lee-shippuden-ultimate,rock-lee-shippuden,ULTIMATE,night-guy,Night Guy,Night Guy,PHYSICAL,ULTIMATE,burst,HERO_VERSION_EXPLICIT_ALIAS,PLAYABLE_DESIGN_BASELINE,Explicit per-version alias seeded from gates/night-guy; M47 must tune version-specific mechanics and evidence before final canon parity.
hvs-rock-lee-shippuden-passive,rock-lee-shippuden,PASSIVE,passive-will-of-fire,Passive Will Of Fire,Passive Will Of Fire,CHAKRA,PASSIVE,fire|passive,HERO_VERSION_EXPLICIT_ALIAS,PLAYABLE_DESIGN_BASELINE,Explicit per-version alias seeded from gates/passive-will-of-fire; M47 must tune version-specific mechanics and evidence before final canon parity.
hvs-roshi-base-basic,roshi-base,BASIC,basic-punch,Basic Punch,Basic Punch,PHYSICAL,BASIC,combat,HERO_VERSION_EXPLICIT_ALIAS,PLAYABLE_DESIGN_BASELINE,Explicit per-version alias seeded from jinchuriki/basic-punch; M47 must tune version-specific mechanics and evidence before final canon parity.
hvs-roshi-base-skill-1,roshi-base,SKILL_1,tailed-cloak,Tailed Cloak,Tailed Cloak,CHAKRA,ACTIVE,combat,HERO_VERSION_EXPLICIT_ALIAS,PLAYABLE_DESIGN_BASELINE,Explicit per-version alias seeded from jinchuriki/tailed-cloak; M47 must tune version-specific mechanics and evidence before final canon parity.
hvs-roshi-base-skill-2,roshi-base,SKILL_2,kurama-claw,Kurama Claw,Kurama Claw,CHAKRA,ACTIVE,combat,HERO_VERSION_EXPLICIT_ALIAS,PLAYABLE_DESIGN_BASELINE,Explicit per-version alias seeded from jinchuriki/kurama-claw; M47 must tune version-specific mechanics and evidence before final canon parity.
hvs-roshi-base-ultimate,roshi-base,ULTIMATE,tailed-beast-bomb,Tailed Beast Bomb,Tailed Beast Bomb,CHAKRA,ULTIMATE,burst,HERO_VERSION_EXPLICIT_ALIAS,PLAYABLE_DESIGN_BASELINE,Explicit per-version alias seeded from jinchuriki/tailed-beast-bomb; M47 must tune version-specific mechanics and evidence before final canon parity.
hvs-roshi-base-passive,roshi-base,PASSIVE,passive-jinchuriki,Passive Jinchuriki,Passive Jinchuriki,CHAKRA,PASSIVE,jinchuriki|passive,HERO_VERSION_EXPLICIT_ALIAS,PLAYABLE_DESIGN_BASELINE,Explicit per-version alias seeded from jinchuriki/passive-jinchuriki; M47 must tune version-specific mechanics and evidence before final canon parity.
hvs-sai-core-basic,sai-core,BASIC,basic-kunai,Basic Kunai,Basic Kunai,PHYSICAL,BASIC,combat,HERO_VERSION_EXPLICIT_ALIAS,PLAYABLE_DESIGN_BASELINE,Explicit per-version alias seeded from genjutsu/basic-kunai; M47 must tune version-specific mechanics and evidence before final canon parity.
hvs-sai-core-skill-1,sai-core,SKILL_1,genjutsu-eye,Genjutsu Eye,Genjutsu Eye,CHAKRA,ACTIVE,genjutsu,HERO_VERSION_EXPLICIT_ALIAS,PLAYABLE_DESIGN_BASELINE,Explicit per-version alias seeded from genjutsu/genjutsu-eye; M47 must tune version-specific mechanics and evidence before final canon parity.
hvs-sai-core-skill-2,sai-core,SKILL_2,mind-destruction,Mind Destruction,Mind Destruction,CHAKRA,ACTIVE,mind,HERO_VERSION_EXPLICIT_ALIAS,PLAYABLE_DESIGN_BASELINE,Explicit per-version alias seeded from genjutsu/mind-destruction; M47 must tune version-specific mechanics and evidence before final canon parity.
hvs-sai-core-ultimate,sai-core,ULTIMATE,illusion-prison,Illusion Prison,Illusion Prison,CHAKRA,ULTIMATE,burst,HERO_VERSION_EXPLICIT_ALIAS,PLAYABLE_DESIGN_BASELINE,Explicit per-version alias seeded from genjutsu/illusion-prison; M47 must tune version-specific mechanics and evidence before final canon parity.
hvs-sai-core-passive,sai-core,PASSIVE,passive-strategist,Passive Strategist,Passive Strategist,CHAKRA,PASSIVE,passive,HERO_VERSION_EXPLICIT_ALIAS,PLAYABLE_DESIGN_BASELINE,Explicit per-version alias seeded from genjutsu/passive-strategist; M47 must tune version-specific mechanics and evidence before final canon parity.
hvs-sakon-base-basic,sakon-base,BASIC,basic-kunai,Basic Kunai,Basic Kunai,PHYSICAL,BASIC,combat,HERO_VERSION_EXPLICIT_ALIAS,PLAYABLE_DESIGN_BASELINE,Explicit per-version alias seeded from sound/basic-kunai; M47 must tune version-specific mechanics and evidence before final canon parity.
hvs-sakon-base-skill-1,sakon-base,SKILL_1,flute-genjutsu,Flute Genjutsu,Flute Genjutsu,CHAKRA,ACTIVE,genjutsu,HERO_VERSION_EXPLICIT_ALIAS,PLAYABLE_DESIGN_BASELINE,Explicit per-version alias seeded from sound/flute-genjutsu; M47 must tune version-specific mechanics and evidence before final canon parity.
hvs-sakon-base-skill-2,sakon-base,SKILL_2,sound-wave,Sound Wave,Sound Wave,CHAKRA,ACTIVE,combat,HERO_VERSION_EXPLICIT_ALIAS,PLAYABLE_DESIGN_BASELINE,Explicit per-version alias seeded from sound/sound-wave; M47 must tune version-specific mechanics and evidence before final canon parity.
hvs-sakon-base-ultimate,sakon-base,ULTIMATE,demon-flute-phantoms,Demon Flute Phantoms,Demon Flute Phantoms,CHAKRA,ULTIMATE,burst,HERO_VERSION_EXPLICIT_ALIAS,PLAYABLE_DESIGN_BASELINE,Explicit per-version alias seeded from sound/demon-flute-phantoms; M47 must tune version-specific mechanics and evidence before final canon parity.
hvs-sakon-base-passive,sakon-base,PASSIVE,passive-strategist,Passive Strategist,Passive Strategist,CHAKRA,PASSIVE,passive,HERO_VERSION_EXPLICIT_ALIAS,PLAYABLE_DESIGN_BASELINE,Explicit per-version alias seeded from sound/passive-strategist; M47 must tune version-specific mechanics and evidence before final canon parity.
hvs-sakumo-hatake-core-basic,sakumo-hatake-core,BASIC,basic-sword,Basic Sword,Basic Sword,PHYSICAL,BASIC,combat,HERO_VERSION_EXPLICIT_ALIAS,PLAYABLE_DESIGN_BASELINE,Explicit per-version alias seeded from swordsman/basic-sword; M47 must tune version-specific mechanics and evidence before final canon parity.
hvs-sakumo-hatake-core-skill-1,sakumo-hatake-core,SKILL_1,body-flicker,Body Flicker,Body Flicker,PHYSICAL,ACTIVE,combat,HERO_VERSION_EXPLICIT_ALIAS,PLAYABLE_DESIGN_BASELINE,Explicit per-version alias seeded from swordsman/body-flicker; M47 must tune version-specific mechanics and evidence before final canon parity.
hvs-sakumo-hatake-core-skill-2,sakumo-hatake-core,SKILL_2,chakra-blade,Chakra Blade,Chakra Blade,PHYSICAL,ACTIVE,combat,HERO_VERSION_EXPLICIT_ALIAS,PLAYABLE_DESIGN_BASELINE,Explicit per-version alias seeded from swordsman/chakra-blade; M47 must tune version-specific mechanics and evidence before final canon parity.
hvs-sakumo-hatake-core-ultimate,sakumo-hatake-core,ULTIMATE,crescent-slash,Crescent Slash,Crescent Slash,PHYSICAL,ACTIVE,combat,HERO_VERSION_EXPLICIT_ALIAS,PLAYABLE_DESIGN_BASELINE,Explicit per-version alias seeded from swordsman/crescent-slash; M47 must tune version-specific mechanics and evidence before final canon parity.
hvs-sakumo-hatake-core-passive,sakumo-hatake-core,PASSIVE,passive-swordsman,Passive Swordsman,Passive Swordsman,CHAKRA,PASSIVE,passive,HERO_VERSION_EXPLICIT_ALIAS,PLAYABLE_DESIGN_BASELINE,Explicit per-version alias seeded from swordsman/passive-swordsman; M47 must tune version-specific mechanics and evidence before final canon parity.
hvs-sakura-genin-basic,sakura-genin,BASIC,basic-punch,Basic Punch,Basic Punch,PHYSICAL,BASIC,combat,HERO_VERSION_EXPLICIT_ALIAS,PLAYABLE_DESIGN_BASELINE,Explicit per-version alias seeded from medical/basic-punch; M47 must tune version-specific mechanics and evidence before final canon parity.
hvs-sakura-genin-skill-1,sakura-genin,SKILL_1,chakra-punch,Chakra Punch,Chakra Punch,PHYSICAL,ACTIVE,combat,HERO_VERSION_EXPLICIT_ALIAS,PLAYABLE_DESIGN_BASELINE,Explicit per-version alias seeded from medical/chakra-punch; M47 must tune version-specific mechanics and evidence before final canon parity.
hvs-sakura-genin-skill-2,sakura-genin,SKILL_2,mystical-palm,Mystical Palm,Mystical Palm,CHAKRA,ACTIVE,combat,HERO_VERSION_EXPLICIT_ALIAS,PLAYABLE_DESIGN_BASELINE,Explicit per-version alias seeded from medical/mystical-palm; M47 must tune version-specific mechanics and evidence before final canon parity.
hvs-sakura-genin-ultimate,sakura-genin,ULTIMATE,hundred-healings,Strength of a Hundred Healings,Strength of a Hundred Healings,CHAKRA,ULTIMATE,heal|burst,HERO_VERSION_EXPLICIT_ALIAS,PLAYABLE_DESIGN_BASELINE,Explicit per-version alias seeded from medical/hundred-healings; M47 must tune version-specific mechanics and evidence before final canon parity.
hvs-sakura-genin-passive,sakura-genin,PASSIVE,passive-medical,Passive Medical,Passive Medical,CHAKRA,PASSIVE,passive,HERO_VERSION_EXPLICIT_ALIAS,PLAYABLE_DESIGN_BASELINE,Explicit per-version alias seeded from medical/passive-medical; M47 must tune version-specific mechanics and evidence before final canon parity.
hvs-sakura-shippuden-basic,sakura-shippuden,BASIC,basic-punch,Basic Punch,Basic Punch,PHYSICAL,BASIC,combat,HERO_VERSION_EXPLICIT_ALIAS,PLAYABLE_DESIGN_BASELINE,Explicit per-version alias seeded from medical/basic-punch; M47 must tune version-specific mechanics and evidence before final canon parity.
hvs-sakura-shippuden-skill-1,sakura-shippuden,SKILL_1,chakra-punch,Chakra Punch,Chakra Punch,PHYSICAL,ACTIVE,combat,HERO_VERSION_EXPLICIT_ALIAS,PLAYABLE_DESIGN_BASELINE,Explicit per-version alias seeded from medical/chakra-punch; M47 must tune version-specific mechanics and evidence before final canon parity.
hvs-sakura-shippuden-skill-2,sakura-shippuden,SKILL_2,mystical-palm,Mystical Palm,Mystical Palm,CHAKRA,ACTIVE,combat,HERO_VERSION_EXPLICIT_ALIAS,PLAYABLE_DESIGN_BASELINE,Explicit per-version alias seeded from medical/mystical-palm; M47 must tune version-specific mechanics and evidence before final canon parity.
hvs-sakura-shippuden-ultimate,sakura-shippuden,ULTIMATE,hundred-healings,Strength of a Hundred Healings,Strength of a Hundred Healings,CHAKRA,ULTIMATE,heal|burst,HERO_VERSION_EXPLICIT_ALIAS,PLAYABLE_DESIGN_BASELINE,Explicit per-version alias seeded from medical/hundred-healings; M47 must tune version-specific mechanics and evidence before final canon parity.
hvs-sakura-shippuden-passive,sakura-shippuden,PASSIVE,passive-medical,Passive Medical,Passive Medical,CHAKRA,PASSIVE,passive,HERO_VERSION_EXPLICIT_ALIAS,PLAYABLE_DESIGN_BASELINE,Explicit per-version alias seeded from medical/passive-medical; M47 must tune version-specific mechanics and evidence before final canon parity.
hvs-samui-core-basic,samui-core,BASIC,basic-sword,Basic Sword,Basic Sword,PHYSICAL,BASIC,combat,HERO_VERSION_EXPLICIT_ALIAS,PLAYABLE_DESIGN_BASELINE,Explicit per-version alias seeded from swordsman/basic-sword; M47 must tune version-specific mechanics and evidence before final canon parity.
hvs-samui-core-skill-1,samui-core,SKILL_1,body-flicker,Body Flicker,Body Flicker,PHYSICAL,ACTIVE,combat,HERO_VERSION_EXPLICIT_ALIAS,PLAYABLE_DESIGN_BASELINE,Explicit per-version alias seeded from swordsman/body-flicker; M47 must tune version-specific mechanics and evidence before final canon parity.
hvs-samui-core-skill-2,samui-core,SKILL_2,chakra-blade,Chakra Blade,Chakra Blade,PHYSICAL,ACTIVE,combat,HERO_VERSION_EXPLICIT_ALIAS,PLAYABLE_DESIGN_BASELINE,Explicit per-version alias seeded from swordsman/chakra-blade; M47 must tune version-specific mechanics and evidence before final canon parity.
hvs-samui-core-ultimate,samui-core,ULTIMATE,crescent-slash,Crescent Slash,Crescent Slash,PHYSICAL,ACTIVE,combat,HERO_VERSION_EXPLICIT_ALIAS,PLAYABLE_DESIGN_BASELINE,Explicit per-version alias seeded from swordsman/crescent-slash; M47 must tune version-specific mechanics and evidence before final canon parity.
hvs-samui-core-passive,samui-core,PASSIVE,passive-swordsman,Passive Swordsman,Passive Swordsman,CHAKRA,PASSIVE,passive,HERO_VERSION_EXPLICIT_ALIAS,PLAYABLE_DESIGN_BASELINE,Explicit per-version alias seeded from swordsman/passive-swordsman; M47 must tune version-specific mechanics and evidence before final canon parity.
hvs-sari-core-basic,sari-core,BASIC,basic-kunai,Basic Kunai,Basic Kunai,PHYSICAL,BASIC,combat,HERO_VERSION_EXPLICIT_ALIAS,PLAYABLE_DESIGN_BASELINE,Explicit per-version alias seeded from wind/basic-kunai; M47 must tune version-specific mechanics and evidence before final canon parity.
hvs-sari-core-skill-1,sari-core,SKILL_1,wind-scythe,Wind Scythe,Wind Scythe,CHAKRA,ACTIVE,wind,HERO_VERSION_EXPLICIT_ALIAS,PLAYABLE_DESIGN_BASELINE,Explicit per-version alias seeded from wind/wind-scythe; M47 must tune version-specific mechanics and evidence before final canon parity.
hvs-sari-core-skill-2,sari-core,SKILL_2,wind-blade,Wind Blade,Wind Blade,CHAKRA,ACTIVE,wind,HERO_VERSION_EXPLICIT_ALIAS,PLAYABLE_DESIGN_BASELINE,Explicit per-version alias seeded from wind/wind-blade; M47 must tune version-specific mechanics and evidence before final canon parity.
hvs-sari-core-ultimate,sari-core,ULTIMATE,great-wind-burst,Great Wind Burst,Great Wind Burst,CHAKRA,ULTIMATE,wind|burst,HERO_VERSION_EXPLICIT_ALIAS,PLAYABLE_DESIGN_BASELINE,Explicit per-version alias seeded from wind/great-wind-burst; M47 must tune version-specific mechanics and evidence before final canon parity.
hvs-sari-core-passive,sari-core,PASSIVE,passive-strategist,Passive Strategist,Passive Strategist,CHAKRA,PASSIVE,passive,HERO_VERSION_EXPLICIT_ALIAS,PLAYABLE_DESIGN_BASELINE,Explicit per-version alias seeded from wind/passive-strategist; M47 must tune version-specific mechanics and evidence before final canon parity.
hvs-sasori-hiruko-basic,sasori-hiruko,BASIC,basic-kunai,Basic Kunai,Basic Kunai,PHYSICAL,BASIC,combat,HERO_VERSION_EXPLICIT_ALIAS,PLAYABLE_DESIGN_BASELINE,Explicit per-version alias seeded from puppet/basic-kunai; M47 must tune version-specific mechanics and evidence before final canon parity.
hvs-sasori-hiruko-skill-1,sasori-hiruko,SKILL_1,puppet-needles,Puppet Needles,Puppet Needles,PHYSICAL,ACTIVE,puppet,HERO_VERSION_EXPLICIT_ALIAS,PLAYABLE_DESIGN_BASELINE,Explicit per-version alias seeded from puppet/puppet-needles; M47 must tune version-specific mechanics and evidence before final canon parity.
hvs-sasori-hiruko-skill-2,sasori-hiruko,SKILL_2,poison-cloud,Poison Cloud,Poison Cloud,CHAKRA,ACTIVE,poison,HERO_VERSION_EXPLICIT_ALIAS,PLAYABLE_DESIGN_BASELINE,Explicit per-version alias seeded from puppet/poison-cloud; M47 must tune version-specific mechanics and evidence before final canon parity.
hvs-sasori-hiruko-ultimate,sasori-hiruko,ULTIMATE,hundred-puppets,Hundred Puppets,Hundred Puppets,CHAKRA,ULTIMATE,puppet|burst,HERO_VERSION_EXPLICIT_ALIAS,PLAYABLE_DESIGN_BASELINE,Explicit per-version alias seeded from puppet/hundred-puppets; M47 must tune version-specific mechanics and evidence before final canon parity.
hvs-sasori-hiruko-passive,sasori-hiruko,PASSIVE,passive-puppet,Passive Puppet,Passive Puppet,CHAKRA,PASSIVE,puppet|passive,HERO_VERSION_EXPLICIT_ALIAS,PLAYABLE_DESIGN_BASELINE,Explicit per-version alias seeded from puppet/passive-puppet; M47 must tune version-specific mechanics and evidence before final canon parity.
hvs-sasuke-adult-basic,sasuke-adult,BASIC,basic-sword,Basic Sword,Basic Sword,PHYSICAL,BASIC,combat,HERO_VERSION_EXPLICIT_ALIAS,PLAYABLE_DESIGN_BASELINE,Explicit per-version alias seeded from sasuke-rinnegan/basic-sword; M47 must tune version-specific mechanics and evidence before final canon parity.
hvs-sasuke-adult-skill-1,sasuke-adult,SKILL_1,amenotejikara,Amenotejikara,Amenotejikara,CHAKRA,ACTIVE,combat,HERO_VERSION_EXPLICIT_ALIAS,PLAYABLE_DESIGN_BASELINE,Explicit per-version alias seeded from sasuke-rinnegan/amenotejikara; M47 must tune version-specific mechanics and evidence before final canon parity.
hvs-sasuke-adult-skill-2,sasuke-adult,SKILL_2,amaterasu,Amaterasu,Amaterasu,CHAKRA,ACTIVE,combat,HERO_VERSION_EXPLICIT_ALIAS,PLAYABLE_DESIGN_BASELINE,Explicit per-version alias seeded from sasuke-rinnegan/amaterasu; M47 must tune version-specific mechanics and evidence before final canon parity.
hvs-sasuke-adult-ultimate,sasuke-adult,ULTIMATE,indras-arrow,Indra's Arrow,Indra's Arrow,CHAKRA,ULTIMATE,burst,HERO_VERSION_EXPLICIT_ALIAS,PLAYABLE_DESIGN_BASELINE,Explicit per-version alias seeded from sasuke-rinnegan/indras-arrow; M47 must tune version-specific mechanics and evidence before final canon parity.
hvs-sasuke-adult-passive,sasuke-adult,PASSIVE,passive-sharingan,Passive Sharingan,Passive Sharingan,CHAKRA,PASSIVE,passive,HERO_VERSION_EXPLICIT_ALIAS,PLAYABLE_DESIGN_BASELINE,Explicit per-version alias seeded from sasuke-rinnegan/passive-sharingan; M47 must tune version-specific mechanics and evidence before final canon parity.
hvs-sasuke-ems-basic,sasuke-ems,BASIC,basic-sword,Basic Sword,Basic Sword,PHYSICAL,BASIC,combat,HERO_VERSION_EXPLICIT_ALIAS,PLAYABLE_DESIGN_BASELINE,Explicit per-version alias seeded from sasuke-ms/basic-sword; M47 must tune version-specific mechanics and evidence before final canon parity.
hvs-sasuke-ems-skill-1,sasuke-ems,SKILL_1,amaterasu,Amaterasu,Amaterasu,CHAKRA,ACTIVE,combat,HERO_VERSION_EXPLICIT_ALIAS,PLAYABLE_DESIGN_BASELINE,Explicit per-version alias seeded from sasuke-ms/amaterasu; M47 must tune version-specific mechanics and evidence before final canon parity.
hvs-sasuke-ems-skill-2,sasuke-ems,SKILL_2,flame-control,Flame Control,Flame Control,CHAKRA,ACTIVE,combat,HERO_VERSION_EXPLICIT_ALIAS,PLAYABLE_DESIGN_BASELINE,Explicit per-version alias seeded from sasuke-ms/flame-control; M47 must tune version-specific mechanics and evidence before final canon parity.
hvs-sasuke-ems-ultimate,sasuke-ems,ULTIMATE,susanoo-arrow,Susanoo Arrow,Susanoo Arrow,CHAKRA,ULTIMATE,susanoo|burst,HERO_VERSION_EXPLICIT_ALIAS,PLAYABLE_DESIGN_BASELINE,Explicit per-version alias seeded from sasuke-ms/susanoo-arrow; M47 must tune version-specific mechanics and evidence before final canon parity.
hvs-sasuke-ems-passive,sasuke-ems,PASSIVE,passive-sharingan,Passive Sharingan,Passive Sharingan,CHAKRA,PASSIVE,passive,HERO_VERSION_EXPLICIT_ALIAS,PLAYABLE_DESIGN_BASELINE,Explicit per-version alias seeded from sasuke-ms/passive-sharingan; M47 must tune version-specific mechanics and evidence before final canon parity.
hvs-sasuke-genin-basic,sasuke-genin,BASIC,basic-sword,Basic Sword,Basic Sword,PHYSICAL,BASIC,combat,HERO_VERSION_EXPLICIT_ALIAS,PLAYABLE_DESIGN_BASELINE,Explicit per-version alias seeded from sasuke/basic-sword; M47 must tune version-specific mechanics and evidence before final canon parity.
hvs-sasuke-genin-skill-1,sasuke-genin,SKILL_1,fireball-jutsu,Fireball Jutsu,Fireball Jutsu,CHAKRA,ACTIVE,fire,HERO_VERSION_EXPLICIT_ALIAS,PLAYABLE_DESIGN_BASELINE,Explicit per-version alias seeded from sasuke/fireball-jutsu; M47 must tune version-specific mechanics and evidence before final canon parity.
hvs-sasuke-genin-skill-2,sasuke-genin,SKILL_2,chidori,Chidori,Chidori,CHAKRA,ACTIVE,combat,HERO_VERSION_EXPLICIT_ALIAS,PLAYABLE_DESIGN_BASELINE,Explicit per-version alias seeded from sasuke/chidori; M47 must tune version-specific mechanics and evidence before final canon parity.
hvs-sasuke-genin-ultimate,sasuke-genin,ULTIMATE,kirin,Kirin,Kirin,CHAKRA,ULTIMATE,burst,HERO_VERSION_EXPLICIT_ALIAS,PLAYABLE_DESIGN_BASELINE,Explicit per-version alias seeded from sasuke/kirin; M47 must tune version-specific mechanics and evidence before final canon parity.
hvs-sasuke-genin-passive,sasuke-genin,PASSIVE,passive-sharingan,Passive Sharingan,Passive Sharingan,CHAKRA,PASSIVE,passive,HERO_VERSION_EXPLICIT_ALIAS,PLAYABLE_DESIGN_BASELINE,Explicit per-version alias seeded from sasuke/passive-sharingan; M47 must tune version-specific mechanics and evidence before final canon parity.
hvs-sasuke-hebi-basic,sasuke-hebi,BASIC,basic-sword,Basic Sword,Basic Sword,PHYSICAL,BASIC,combat,HERO_VERSION_EXPLICIT_ALIAS,PLAYABLE_DESIGN_BASELINE,Explicit per-version alias seeded from sasuke/basic-sword; M47 must tune version-specific mechanics and evidence before final canon parity.
hvs-sasuke-hebi-skill-1,sasuke-hebi,SKILL_1,fireball-jutsu,Fireball Jutsu,Fireball Jutsu,CHAKRA,ACTIVE,fire,HERO_VERSION_EXPLICIT_ALIAS,PLAYABLE_DESIGN_BASELINE,Explicit per-version alias seeded from sasuke/fireball-jutsu; M47 must tune version-specific mechanics and evidence before final canon parity.
hvs-sasuke-hebi-skill-2,sasuke-hebi,SKILL_2,chidori,Chidori,Chidori,CHAKRA,ACTIVE,combat,HERO_VERSION_EXPLICIT_ALIAS,PLAYABLE_DESIGN_BASELINE,Explicit per-version alias seeded from sasuke/chidori; M47 must tune version-specific mechanics and evidence before final canon parity.
hvs-sasuke-hebi-ultimate,sasuke-hebi,ULTIMATE,kirin,Kirin,Kirin,CHAKRA,ULTIMATE,burst,HERO_VERSION_EXPLICIT_ALIAS,PLAYABLE_DESIGN_BASELINE,Explicit per-version alias seeded from sasuke/kirin; M47 must tune version-specific mechanics and evidence before final canon parity.
hvs-sasuke-hebi-passive,sasuke-hebi,PASSIVE,passive-sharingan,Passive Sharingan,Passive Sharingan,CHAKRA,PASSIVE,passive,HERO_VERSION_EXPLICIT_ALIAS,PLAYABLE_DESIGN_BASELINE,Explicit per-version alias seeded from sasuke/passive-sharingan; M47 must tune version-specific mechanics and evidence before final canon parity.
hvs-second-raikage-core-basic,second-raikage-core,BASIC,basic-punch,Basic Punch,Basic Punch,PHYSICAL,BASIC,combat,HERO_VERSION_EXPLICIT_ALIAS,PLAYABLE_DESIGN_BASELINE,Explicit per-version alias seeded from raikage/basic-punch; M47 must tune version-specific mechanics and evidence before final canon parity.
hvs-second-raikage-core-skill-1,second-raikage-core,SKILL_1,lightning-armor,Lightning Armor,Lightning Armor,CHAKRA,ACTIVE,lightning,HERO_VERSION_EXPLICIT_ALIAS,PLAYABLE_DESIGN_BASELINE,Explicit per-version alias seeded from raikage/lightning-armor; M47 must tune version-specific mechanics and evidence before final canon parity.
hvs-second-raikage-core-skill-2,second-raikage-core,SKILL_2,lariat,Lariat,Lariat,PHYSICAL,ACTIVE,combat,HERO_VERSION_EXPLICIT_ALIAS,PLAYABLE_DESIGN_BASELINE,Explicit per-version alias seeded from raikage/lariat; M47 must tune version-specific mechanics and evidence before final canon parity.
hvs-second-raikage-core-ultimate,second-raikage-core,ULTIMATE,lightning-straight,Lightning Straight,Lightning Straight,PHYSICAL,ULTIMATE,lightning|burst,HERO_VERSION_EXPLICIT_ALIAS,PLAYABLE_DESIGN_BASELINE,Explicit per-version alias seeded from raikage/lightning-straight; M47 must tune version-specific mechanics and evidence before final canon parity.
hvs-second-raikage-core-passive,second-raikage-core,PASSIVE,passive-will-of-fire,Passive Will Of Fire,Passive Will Of Fire,CHAKRA,PASSIVE,fire|passive,HERO_VERSION_EXPLICIT_ALIAS,PLAYABLE_DESIGN_BASELINE,Explicit per-version alias seeded from raikage/passive-will-of-fire; M47 must tune version-specific mechanics and evidence before final canon parity.
hvs-shigure-core-basic,shigure-core,BASIC,basic-sword,Basic Sword,Basic Sword,PHYSICAL,BASIC,combat,HERO_VERSION_EXPLICIT_ALIAS,PLAYABLE_DESIGN_BASELINE,Explicit per-version alias seeded from water/basic-sword; M47 must tune version-specific mechanics and evidence before final canon parity.
hvs-shigure-core-skill-1,shigure-core,SKILL_1,water-dragon,Water Dragon,Water Dragon,CHAKRA,ACTIVE,water,HERO_VERSION_EXPLICIT_ALIAS,PLAYABLE_DESIGN_BASELINE,Explicit per-version alias seeded from water/water-dragon; M47 must tune version-specific mechanics and evidence before final canon parity.
hvs-shigure-core-skill-2,shigure-core,SKILL_2,mist-assassination,Mist Assassination,Mist Assassination,PHYSICAL,ACTIVE,combat,HERO_VERSION_EXPLICIT_ALIAS,PLAYABLE_DESIGN_BASELINE,Explicit per-version alias seeded from water/mist-assassination; M47 must tune version-specific mechanics and evidence before final canon parity.
hvs-shigure-core-ultimate,shigure-core,ULTIMATE,water-shark-bomb,Water Shark Bomb,Water Shark Bomb,CHAKRA,ULTIMATE,water|burst,HERO_VERSION_EXPLICIT_ALIAS,PLAYABLE_DESIGN_BASELINE,Explicit per-version alias seeded from water/water-shark-bomb; M47 must tune version-specific mechanics and evidence before final canon parity.
hvs-shigure-core-passive,shigure-core,PASSIVE,passive-swordsman,Passive Swordsman,Passive Swordsman,CHAKRA,PASSIVE,passive,HERO_VERSION_EXPLICIT_ALIAS,PLAYABLE_DESIGN_BASELINE,Explicit per-version alias seeded from water/passive-swordsman; M47 must tune version-specific mechanics and evidence before final canon parity.
hvs-shikaku-nara-core-basic,shikaku-nara-core,BASIC,basic-kunai,Basic Kunai,Basic Kunai,PHYSICAL,BASIC,combat,HERO_VERSION_EXPLICIT_ALIAS,PLAYABLE_DESIGN_BASELINE,Explicit per-version alias seeded from nara/basic-kunai; M47 must tune version-specific mechanics and evidence before final canon parity.
hvs-shikaku-nara-core-skill-1,shikaku-nara-core,SKILL_1,shadow-possession,Shadow Possession,Shadow Possession,CHAKRA,ACTIVE,shadow,HERO_VERSION_EXPLICIT_ALIAS,PLAYABLE_DESIGN_BASELINE,Explicit per-version alias seeded from nara/shadow-possession; M47 must tune version-specific mechanics and evidence before final canon parity.
hvs-shikaku-nara-core-skill-2,shikaku-nara-core,SKILL_2,shadow-neck-bind,Shadow Neck Bind,Shadow Neck Bind,CHAKRA,ACTIVE,shadow,HERO_VERSION_EXPLICIT_ALIAS,PLAYABLE_DESIGN_BASELINE,Explicit per-version alias seeded from nara/shadow-neck-bind; M47 must tune version-specific mechanics and evidence before final canon parity.
hvs-shikaku-nara-core-ultimate,shikaku-nara-core,ULTIMATE,kunai-volley,Kunai Volley,Kunai Volley,PHYSICAL,ACTIVE,combat,HERO_VERSION_EXPLICIT_ALIAS,PLAYABLE_DESIGN_BASELINE,Explicit per-version alias seeded from nara/kunai-volley; M47 must tune version-specific mechanics and evidence before final canon parity.
hvs-shikaku-nara-core-passive,shikaku-nara-core,PASSIVE,passive-strategist,Passive Strategist,Passive Strategist,CHAKRA,PASSIVE,passive,HERO_VERSION_EXPLICIT_ALIAS,PLAYABLE_DESIGN_BASELINE,Explicit per-version alias seeded from nara/passive-strategist; M47 must tune version-specific mechanics and evidence before final canon parity.
hvs-shikamaru-nara-core-basic,shikamaru-nara-core,BASIC,basic-kunai,Basic Kunai,Basic Kunai,PHYSICAL,BASIC,combat,HERO_VERSION_EXPLICIT_ALIAS,PLAYABLE_DESIGN_BASELINE,Explicit per-version alias seeded from nara/basic-kunai; M47 must tune version-specific mechanics and evidence before final canon parity.
hvs-shikamaru-nara-core-skill-1,shikamaru-nara-core,SKILL_1,shadow-possession,Shadow Possession,Shadow Possession,CHAKRA,ACTIVE,shadow,HERO_VERSION_EXPLICIT_ALIAS,PLAYABLE_DESIGN_BASELINE,Explicit per-version alias seeded from nara/shadow-possession; M47 must tune version-specific mechanics and evidence before final canon parity.
hvs-shikamaru-nara-core-skill-2,shikamaru-nara-core,SKILL_2,shadow-neck-bind,Shadow Neck Bind,Shadow Neck Bind,CHAKRA,ACTIVE,shadow,HERO_VERSION_EXPLICIT_ALIAS,PLAYABLE_DESIGN_BASELINE,Explicit per-version alias seeded from nara/shadow-neck-bind; M47 must tune version-specific mechanics and evidence before final canon parity.
hvs-shikamaru-nara-core-ultimate,shikamaru-nara-core,ULTIMATE,kunai-volley,Kunai Volley,Kunai Volley,PHYSICAL,ACTIVE,combat,HERO_VERSION_EXPLICIT_ALIAS,PLAYABLE_DESIGN_BASELINE,Explicit per-version alias seeded from nara/kunai-volley; M47 must tune version-specific mechanics and evidence before final canon parity.
hvs-shikamaru-nara-core-passive,shikamaru-nara-core,PASSIVE,passive-strategist,Passive Strategist,Passive Strategist,CHAKRA,PASSIVE,passive,HERO_VERSION_EXPLICIT_ALIAS,PLAYABLE_DESIGN_BASELINE,Explicit per-version alias seeded from nara/passive-strategist; M47 must tune version-specific mechanics and evidence before final canon parity.
hvs-shinno-base-basic,shinno-base,BASIC,basic-punch,Basic Punch,Basic Punch,PHYSICAL,BASIC,combat,HERO_VERSION_EXPLICIT_ALIAS,PLAYABLE_DESIGN_BASELINE,Explicit per-version alias seeded from gates/basic-punch; M47 must tune version-specific mechanics and evidence before final canon parity.
hvs-shinno-base-skill-1,shinno-base,SKILL_1,taijutsu-combo,Taijutsu Combo,Taijutsu Combo,PHYSICAL,ACTIVE,combat,HERO_VERSION_EXPLICIT_ALIAS,PLAYABLE_DESIGN_BASELINE,Explicit per-version alias seeded from gates/taijutsu-combo; M47 must tune version-specific mechanics and evidence before final canon parity.
hvs-shinno-base-skill-2,shinno-base,SKILL_2,eight-gates,Eight Gates,Eight Gates,PHYSICAL,ACTIVE,combat,HERO_VERSION_EXPLICIT_ALIAS,PLAYABLE_DESIGN_BASELINE,Explicit per-version alias seeded from gates/eight-gates; M47 must tune version-specific mechanics and evidence before final canon parity.
hvs-shinno-base-ultimate,shinno-base,ULTIMATE,night-guy,Night Guy,Night Guy,PHYSICAL,ULTIMATE,burst,HERO_VERSION_EXPLICIT_ALIAS,PLAYABLE_DESIGN_BASELINE,Explicit per-version alias seeded from gates/night-guy; M47 must tune version-specific mechanics and evidence before final canon parity.
hvs-shinno-base-passive,shinno-base,PASSIVE,passive-will-of-fire,Passive Will Of Fire,Passive Will Of Fire,CHAKRA,PASSIVE,fire|passive,HERO_VERSION_EXPLICIT_ALIAS,PLAYABLE_DESIGN_BASELINE,Explicit per-version alias seeded from gates/passive-will-of-fire; M47 must tune version-specific mechanics and evidence before final canon parity.
hvs-shino-aburame-core-basic,shino-aburame-core,BASIC,basic-kunai,Basic Kunai,Basic Kunai,PHYSICAL,BASIC,combat,HERO_VERSION_EXPLICIT_ALIAS,PLAYABLE_DESIGN_BASELINE,Explicit per-version alias seeded from aburame/basic-kunai; M47 must tune version-specific mechanics and evidence before final canon parity.
hvs-shino-aburame-core-skill-1,shino-aburame-core,SKILL_1,parasitic-insects,Parasitic Insects,Parasitic Insects,CHAKRA,ACTIVE,insect,HERO_VERSION_EXPLICIT_ALIAS,PLAYABLE_DESIGN_BASELINE,Explicit per-version alias seeded from aburame/parasitic-insects; M47 must tune version-specific mechanics and evidence before final canon parity.
hvs-shino-aburame-core-skill-2,shino-aburame-core,SKILL_2,insect-sphere,Insect Sphere,Insect Sphere,CHAKRA,ULTIMATE,insect|burst,HERO_VERSION_EXPLICIT_ALIAS,PLAYABLE_DESIGN_BASELINE,Explicit per-version alias seeded from aburame/insect-sphere; M47 must tune version-specific mechanics and evidence before final canon parity.
hvs-shino-aburame-core-ultimate,shino-aburame-core,ULTIMATE,chakra-drain,Chakra Drain,Chakra Drain,CHAKRA,ACTIVE,combat,HERO_VERSION_EXPLICIT_ALIAS,PLAYABLE_DESIGN_BASELINE,Explicit per-version alias seeded from aburame/chakra-drain; M47 must tune version-specific mechanics and evidence before final canon parity.
hvs-shino-aburame-core-passive,shino-aburame-core,PASSIVE,passive-strategist,Passive Strategist,Passive Strategist,CHAKRA,PASSIVE,passive,HERO_VERSION_EXPLICIT_ALIAS,PLAYABLE_DESIGN_BASELINE,Explicit per-version alias seeded from aburame/passive-strategist; M47 must tune version-specific mechanics and evidence before final canon parity.
hvs-shisui-anbu-basic,shisui-anbu,BASIC,basic-sword,Basic Sword,Basic Sword,PHYSICAL,BASIC,combat,HERO_VERSION_EXPLICIT_ALIAS,PLAYABLE_DESIGN_BASELINE,Explicit per-version alias seeded from sasuke/basic-sword; M47 must tune version-specific mechanics and evidence before final canon parity.
hvs-shisui-anbu-skill-1,shisui-anbu,SKILL_1,fireball-jutsu,Fireball Jutsu,Fireball Jutsu,CHAKRA,ACTIVE,fire,HERO_VERSION_EXPLICIT_ALIAS,PLAYABLE_DESIGN_BASELINE,Explicit per-version alias seeded from sasuke/fireball-jutsu; M47 must tune version-specific mechanics and evidence before final canon parity.
hvs-shisui-anbu-skill-2,shisui-anbu,SKILL_2,chidori,Chidori,Chidori,CHAKRA,ACTIVE,combat,HERO_VERSION_EXPLICIT_ALIAS,PLAYABLE_DESIGN_BASELINE,Explicit per-version alias seeded from sasuke/chidori; M47 must tune version-specific mechanics and evidence before final canon parity.
hvs-shisui-anbu-ultimate,shisui-anbu,ULTIMATE,kirin,Kirin,Kirin,CHAKRA,ULTIMATE,burst,HERO_VERSION_EXPLICIT_ALIAS,PLAYABLE_DESIGN_BASELINE,Explicit per-version alias seeded from sasuke/kirin; M47 must tune version-specific mechanics and evidence before final canon parity.
hvs-shisui-anbu-passive,shisui-anbu,PASSIVE,passive-sharingan,Passive Sharingan,Passive Sharingan,CHAKRA,PASSIVE,passive,HERO_VERSION_EXPLICIT_ALIAS,PLAYABLE_DESIGN_BASELINE,Explicit per-version alias seeded from sasuke/passive-sharingan; M47 must tune version-specific mechanics and evidence before final canon parity.
hvs-shizune-core-basic,shizune-core,BASIC,basic-punch,Basic Punch,Basic Punch,PHYSICAL,BASIC,combat,HERO_VERSION_EXPLICIT_ALIAS,PLAYABLE_DESIGN_BASELINE,Explicit per-version alias seeded from medical/basic-punch; M47 must tune version-specific mechanics and evidence before final canon parity.
hvs-shizune-core-skill-1,shizune-core,SKILL_1,chakra-punch,Chakra Punch,Chakra Punch,PHYSICAL,ACTIVE,combat,HERO_VERSION_EXPLICIT_ALIAS,PLAYABLE_DESIGN_BASELINE,Explicit per-version alias seeded from medical/chakra-punch; M47 must tune version-specific mechanics and evidence before final canon parity.
hvs-shizune-core-skill-2,shizune-core,SKILL_2,mystical-palm,Mystical Palm,Mystical Palm,CHAKRA,ACTIVE,combat,HERO_VERSION_EXPLICIT_ALIAS,PLAYABLE_DESIGN_BASELINE,Explicit per-version alias seeded from medical/mystical-palm; M47 must tune version-specific mechanics and evidence before final canon parity.
hvs-shizune-core-ultimate,shizune-core,ULTIMATE,hundred-healings,Strength of a Hundred Healings,Strength of a Hundred Healings,CHAKRA,ULTIMATE,heal|burst,HERO_VERSION_EXPLICIT_ALIAS,PLAYABLE_DESIGN_BASELINE,Explicit per-version alias seeded from medical/hundred-healings; M47 must tune version-specific mechanics and evidence before final canon parity.
hvs-shizune-core-passive,shizune-core,PASSIVE,passive-medical,Passive Medical,Passive Medical,CHAKRA,PASSIVE,passive,HERO_VERSION_EXPLICIT_ALIAS,PLAYABLE_DESIGN_BASELINE,Explicit per-version alias seeded from medical/passive-medical; M47 must tune version-specific mechanics and evidence before final canon parity.
hvs-sora-base-basic,sora-base,BASIC,basic-punch,Basic Punch,Basic Punch,PHYSICAL,BASIC,combat,HERO_VERSION_EXPLICIT_ALIAS,PLAYABLE_DESIGN_BASELINE,Explicit per-version alias seeded from jinchuriki/basic-punch; M47 must tune version-specific mechanics and evidence before final canon parity.
hvs-sora-base-skill-1,sora-base,SKILL_1,tailed-cloak,Tailed Cloak,Tailed Cloak,CHAKRA,ACTIVE,combat,HERO_VERSION_EXPLICIT_ALIAS,PLAYABLE_DESIGN_BASELINE,Explicit per-version alias seeded from jinchuriki/tailed-cloak; M47 must tune version-specific mechanics and evidence before final canon parity.
hvs-sora-base-skill-2,sora-base,SKILL_2,kurama-claw,Kurama Claw,Kurama Claw,CHAKRA,ACTIVE,combat,HERO_VERSION_EXPLICIT_ALIAS,PLAYABLE_DESIGN_BASELINE,Explicit per-version alias seeded from jinchuriki/kurama-claw; M47 must tune version-specific mechanics and evidence before final canon parity.
hvs-sora-base-ultimate,sora-base,ULTIMATE,tailed-beast-bomb,Tailed Beast Bomb,Tailed Beast Bomb,CHAKRA,ULTIMATE,burst,HERO_VERSION_EXPLICIT_ALIAS,PLAYABLE_DESIGN_BASELINE,Explicit per-version alias seeded from jinchuriki/tailed-beast-bomb; M47 must tune version-specific mechanics and evidence before final canon parity.
hvs-sora-base-passive,sora-base,PASSIVE,passive-jinchuriki,Passive Jinchuriki,Passive Jinchuriki,CHAKRA,PASSIVE,jinchuriki|passive,HERO_VERSION_EXPLICIT_ALIAS,PLAYABLE_DESIGN_BASELINE,Explicit per-version alias seeded from jinchuriki/passive-jinchuriki; M47 must tune version-specific mechanics and evidence before final canon parity.
hvs-suigetsu-hozuki-core-basic,suigetsu-hozuki-core,BASIC,basic-sword,Basic Sword,Basic Sword,PHYSICAL,BASIC,combat,HERO_VERSION_EXPLICIT_ALIAS,PLAYABLE_DESIGN_BASELINE,Explicit per-version alias seeded from water/basic-sword; M47 must tune version-specific mechanics and evidence before final canon parity.
hvs-suigetsu-hozuki-core-skill-1,suigetsu-hozuki-core,SKILL_1,water-dragon,Water Dragon,Water Dragon,CHAKRA,ACTIVE,water,HERO_VERSION_EXPLICIT_ALIAS,PLAYABLE_DESIGN_BASELINE,Explicit per-version alias seeded from water/water-dragon; M47 must tune version-specific mechanics and evidence before final canon parity.
hvs-suigetsu-hozuki-core-skill-2,suigetsu-hozuki-core,SKILL_2,mist-assassination,Mist Assassination,Mist Assassination,PHYSICAL,ACTIVE,combat,HERO_VERSION_EXPLICIT_ALIAS,PLAYABLE_DESIGN_BASELINE,Explicit per-version alias seeded from water/mist-assassination; M47 must tune version-specific mechanics and evidence before final canon parity.
hvs-suigetsu-hozuki-core-ultimate,suigetsu-hozuki-core,ULTIMATE,water-shark-bomb,Water Shark Bomb,Water Shark Bomb,CHAKRA,ULTIMATE,water|burst,HERO_VERSION_EXPLICIT_ALIAS,PLAYABLE_DESIGN_BASELINE,Explicit per-version alias seeded from water/water-shark-bomb; M47 must tune version-specific mechanics and evidence before final canon parity.
hvs-suigetsu-hozuki-core-passive,suigetsu-hozuki-core,PASSIVE,passive-swordsman,Passive Swordsman,Passive Swordsman,CHAKRA,PASSIVE,passive,HERO_VERSION_EXPLICIT_ALIAS,PLAYABLE_DESIGN_BASELINE,Explicit per-version alias seeded from water/passive-swordsman; M47 must tune version-specific mechanics and evidence before final canon parity.
hvs-taiseki-core-basic,taiseki-core,BASIC,basic-punch,Basic Punch,Basic Punch,PHYSICAL,BASIC,combat,HERO_VERSION_EXPLICIT_ALIAS,PLAYABLE_DESIGN_BASELINE,Explicit per-version alias seeded from earth/basic-punch; M47 must tune version-specific mechanics and evidence before final canon parity.
hvs-taiseki-core-skill-1,taiseki-core,SKILL_1,earth-wall,Earth Wall,Earth Wall,CHAKRA,ACTIVE,earth,HERO_VERSION_EXPLICIT_ALIAS,PLAYABLE_DESIGN_BASELINE,Explicit per-version alias seeded from earth/earth-wall; M47 must tune version-specific mechanics and evidence before final canon parity.
hvs-taiseki-core-skill-2,taiseki-core,SKILL_2,earth-pillar,Earth Pillar,Earth Pillar,CHAKRA,ACTIVE,earth,HERO_VERSION_EXPLICIT_ALIAS,PLAYABLE_DESIGN_BASELINE,Explicit per-version alias seeded from earth/earth-pillar; M47 must tune version-specific mechanics and evidence before final canon parity.
hvs-taiseki-core-ultimate,taiseki-core,ULTIMATE,earth-quake,Earth Quake,Earth Quake,CHAKRA,ULTIMATE,earth|burst,HERO_VERSION_EXPLICIT_ALIAS,PLAYABLE_DESIGN_BASELINE,Explicit per-version alias seeded from earth/earth-quake; M47 must tune version-specific mechanics and evidence before final canon parity.
hvs-taiseki-core-passive,taiseki-core,PASSIVE,passive-strategist,Passive Strategist,Passive Strategist,CHAKRA,PASSIVE,passive,HERO_VERSION_EXPLICIT_ALIAS,PLAYABLE_DESIGN_BASELINE,Explicit per-version alias seeded from earth/passive-strategist; M47 must tune version-specific mechanics and evidence before final canon parity.
hvs-tayuya-base-basic,tayuya-base,BASIC,basic-kunai,Basic Kunai,Basic Kunai,PHYSICAL,BASIC,combat,HERO_VERSION_EXPLICIT_ALIAS,PLAYABLE_DESIGN_BASELINE,Explicit per-version alias seeded from sound/basic-kunai; M47 must tune version-specific mechanics and evidence before final canon parity.
hvs-tayuya-base-skill-1,tayuya-base,SKILL_1,flute-genjutsu,Flute Genjutsu,Flute Genjutsu,CHAKRA,ACTIVE,genjutsu,HERO_VERSION_EXPLICIT_ALIAS,PLAYABLE_DESIGN_BASELINE,Explicit per-version alias seeded from sound/flute-genjutsu; M47 must tune version-specific mechanics and evidence before final canon parity.
hvs-tayuya-base-skill-2,tayuya-base,SKILL_2,sound-wave,Sound Wave,Sound Wave,CHAKRA,ACTIVE,combat,HERO_VERSION_EXPLICIT_ALIAS,PLAYABLE_DESIGN_BASELINE,Explicit per-version alias seeded from sound/sound-wave; M47 must tune version-specific mechanics and evidence before final canon parity.
hvs-tayuya-base-ultimate,tayuya-base,ULTIMATE,demon-flute-phantoms,Demon Flute Phantoms,Demon Flute Phantoms,CHAKRA,ULTIMATE,burst,HERO_VERSION_EXPLICIT_ALIAS,PLAYABLE_DESIGN_BASELINE,Explicit per-version alias seeded from sound/demon-flute-phantoms; M47 must tune version-specific mechanics and evidence before final canon parity.
hvs-tayuya-base-passive,tayuya-base,PASSIVE,passive-strategist,Passive Strategist,Passive Strategist,CHAKRA,PASSIVE,passive,HERO_VERSION_EXPLICIT_ALIAS,PLAYABLE_DESIGN_BASELINE,Explicit per-version alias seeded from sound/passive-strategist; M47 must tune version-specific mechanics and evidence before final canon parity.
hvs-temari-core-basic,temari-core,BASIC,basic-kunai,Basic Kunai,Basic Kunai,PHYSICAL,BASIC,combat,HERO_VERSION_EXPLICIT_ALIAS,PLAYABLE_DESIGN_BASELINE,Explicit per-version alias seeded from wind/basic-kunai; M47 must tune version-specific mechanics and evidence before final canon parity.
hvs-temari-core-skill-1,temari-core,SKILL_1,wind-scythe,Wind Scythe,Wind Scythe,CHAKRA,ACTIVE,wind,HERO_VERSION_EXPLICIT_ALIAS,PLAYABLE_DESIGN_BASELINE,Explicit per-version alias seeded from wind/wind-scythe; M47 must tune version-specific mechanics and evidence before final canon parity.
hvs-temari-core-skill-2,temari-core,SKILL_2,wind-blade,Wind Blade,Wind Blade,CHAKRA,ACTIVE,wind,HERO_VERSION_EXPLICIT_ALIAS,PLAYABLE_DESIGN_BASELINE,Explicit per-version alias seeded from wind/wind-blade; M47 must tune version-specific mechanics and evidence before final canon parity.
hvs-temari-core-ultimate,temari-core,ULTIMATE,great-wind-burst,Great Wind Burst,Great Wind Burst,CHAKRA,ULTIMATE,wind|burst,HERO_VERSION_EXPLICIT_ALIAS,PLAYABLE_DESIGN_BASELINE,Explicit per-version alias seeded from wind/great-wind-burst; M47 must tune version-specific mechanics and evidence before final canon parity.
hvs-temari-core-passive,temari-core,PASSIVE,passive-strategist,Passive Strategist,Passive Strategist,CHAKRA,PASSIVE,passive,HERO_VERSION_EXPLICIT_ALIAS,PLAYABLE_DESIGN_BASELINE,Explicit per-version alias seeded from wind/passive-strategist; M47 must tune version-specific mechanics and evidence before final canon parity.
hvs-tenten-core-basic,tenten-core,BASIC,basic-sword,Basic Sword,Basic Sword,PHYSICAL,BASIC,combat,HERO_VERSION_EXPLICIT_ALIAS,PLAYABLE_DESIGN_BASELINE,Explicit per-version alias seeded from swordsman/basic-sword; M47 must tune version-specific mechanics and evidence before final canon parity.
hvs-tenten-core-skill-1,tenten-core,SKILL_1,body-flicker,Body Flicker,Body Flicker,PHYSICAL,ACTIVE,combat,HERO_VERSION_EXPLICIT_ALIAS,PLAYABLE_DESIGN_BASELINE,Explicit per-version alias seeded from swordsman/body-flicker; M47 must tune version-specific mechanics and evidence before final canon parity.
hvs-tenten-core-skill-2,tenten-core,SKILL_2,chakra-blade,Chakra Blade,Chakra Blade,PHYSICAL,ACTIVE,combat,HERO_VERSION_EXPLICIT_ALIAS,PLAYABLE_DESIGN_BASELINE,Explicit per-version alias seeded from swordsman/chakra-blade; M47 must tune version-specific mechanics and evidence before final canon parity.
hvs-tenten-core-ultimate,tenten-core,ULTIMATE,crescent-slash,Crescent Slash,Crescent Slash,PHYSICAL,ACTIVE,combat,HERO_VERSION_EXPLICIT_ALIAS,PLAYABLE_DESIGN_BASELINE,Explicit per-version alias seeded from swordsman/crescent-slash; M47 must tune version-specific mechanics and evidence before final canon parity.
hvs-tenten-core-passive,tenten-core,PASSIVE,passive-swordsman,Passive Swordsman,Passive Swordsman,CHAKRA,PASSIVE,passive,HERO_VERSION_EXPLICIT_ALIAS,PLAYABLE_DESIGN_BASELINE,Explicit per-version alias seeded from swordsman/passive-swordsman; M47 must tune version-specific mechanics and evidence before final canon parity.
hvs-third-raikage-core-basic,third-raikage-core,BASIC,basic-punch,Basic Punch,Basic Punch,PHYSICAL,BASIC,combat,HERO_VERSION_EXPLICIT_ALIAS,PLAYABLE_DESIGN_BASELINE,Explicit per-version alias seeded from raikage/basic-punch; M47 must tune version-specific mechanics and evidence before final canon parity.
hvs-third-raikage-core-skill-1,third-raikage-core,SKILL_1,lightning-armor,Lightning Armor,Lightning Armor,CHAKRA,ACTIVE,lightning,HERO_VERSION_EXPLICIT_ALIAS,PLAYABLE_DESIGN_BASELINE,Explicit per-version alias seeded from raikage/lightning-armor; M47 must tune version-specific mechanics and evidence before final canon parity.
hvs-third-raikage-core-skill-2,third-raikage-core,SKILL_2,lariat,Lariat,Lariat,PHYSICAL,ACTIVE,combat,HERO_VERSION_EXPLICIT_ALIAS,PLAYABLE_DESIGN_BASELINE,Explicit per-version alias seeded from raikage/lariat; M47 must tune version-specific mechanics and evidence before final canon parity.
hvs-third-raikage-core-ultimate,third-raikage-core,ULTIMATE,lightning-straight,Lightning Straight,Lightning Straight,PHYSICAL,ULTIMATE,lightning|burst,HERO_VERSION_EXPLICIT_ALIAS,PLAYABLE_DESIGN_BASELINE,Explicit per-version alias seeded from raikage/lightning-straight; M47 must tune version-specific mechanics and evidence before final canon parity.
hvs-third-raikage-core-passive,third-raikage-core,PASSIVE,passive-will-of-fire,Passive Will Of Fire,Passive Will Of Fire,CHAKRA,PASSIVE,fire|passive,HERO_VERSION_EXPLICIT_ALIAS,PLAYABLE_DESIGN_BASELINE,Explicit per-version alias seeded from raikage/passive-will-of-fire; M47 must tune version-specific mechanics and evidence before final canon parity.
hvs-tobirama-hokage-basic,tobirama-hokage,BASIC,basic-sword,Basic Sword,Basic Sword,PHYSICAL,BASIC,combat,HERO_VERSION_EXPLICIT_ALIAS,PLAYABLE_DESIGN_BASELINE,Explicit per-version alias seeded from water/basic-sword; M47 must tune version-specific mechanics and evidence before final canon parity.
hvs-tobirama-hokage-skill-1,tobirama-hokage,SKILL_1,water-dragon,Water Dragon,Water Dragon,CHAKRA,ACTIVE,water,HERO_VERSION_EXPLICIT_ALIAS,PLAYABLE_DESIGN_BASELINE,Explicit per-version alias seeded from water/water-dragon; M47 must tune version-specific mechanics and evidence before final canon parity.
hvs-tobirama-hokage-skill-2,tobirama-hokage,SKILL_2,mist-assassination,Mist Assassination,Mist Assassination,PHYSICAL,ACTIVE,combat,HERO_VERSION_EXPLICIT_ALIAS,PLAYABLE_DESIGN_BASELINE,Explicit per-version alias seeded from water/mist-assassination; M47 must tune version-specific mechanics and evidence before final canon parity.
hvs-tobirama-hokage-ultimate,tobirama-hokage,ULTIMATE,water-shark-bomb,Water Shark Bomb,Water Shark Bomb,CHAKRA,ULTIMATE,water|burst,HERO_VERSION_EXPLICIT_ALIAS,PLAYABLE_DESIGN_BASELINE,Explicit per-version alias seeded from water/water-shark-bomb; M47 must tune version-specific mechanics and evidence before final canon parity.
hvs-tobirama-hokage-passive,tobirama-hokage,PASSIVE,passive-swordsman,Passive Swordsman,Passive Swordsman,CHAKRA,PASSIVE,passive,HERO_VERSION_EXPLICIT_ALIAS,PLAYABLE_DESIGN_BASELINE,Explicit per-version alias seeded from water/passive-swordsman; M47 must tune version-specific mechanics and evidence before final canon parity.
hvs-toneri-base-basic,toneri-base,BASIC,basic-chakra-palm,Basic Chakra Palm,Basic Chakra Palm,CHAKRA,BASIC,combat,HERO_VERSION_EXPLICIT_ALIAS,PLAYABLE_DESIGN_BASELINE,Explicit per-version alias seeded from sixpaths/basic-chakra-palm; M47 must tune version-specific mechanics and evidence before final canon parity.
hvs-toneri-base-skill-1,toneri-base,SKILL_1,limbo,Limbo,Limbo,CHAKRA,ACTIVE,combat,HERO_VERSION_EXPLICIT_ALIAS,PLAYABLE_DESIGN_BASELINE,Explicit per-version alias seeded from sixpaths/limbo; M47 must tune version-specific mechanics and evidence before final canon parity.
hvs-toneri-base-skill-2,toneri-base,SKILL_2,truth-seeking-orbs,Truth-Seeking Orbs,Truth-Seeking Orbs,CHAKRA,ULTIMATE,burst,HERO_VERSION_EXPLICIT_ALIAS,PLAYABLE_DESIGN_BASELINE,Explicit per-version alias seeded from sixpaths/truth-seeking-orbs; M47 must tune version-specific mechanics and evidence before final canon parity.
hvs-toneri-base-ultimate,toneri-base,ULTIMATE,tengai-shinsei,Tengai Shinsei,Tengai Shinsei,CHAKRA,ULTIMATE,burst,HERO_VERSION_EXPLICIT_ALIAS,PLAYABLE_DESIGN_BASELINE,Explicit per-version alias seeded from sixpaths/tengai-shinsei; M47 must tune version-specific mechanics and evidence before final canon parity.
hvs-toneri-base-passive,toneri-base,PASSIVE,passive-sage,Passive Sage,Passive Sage,CHAKRA,PASSIVE,sage|passive,HERO_VERSION_EXPLICIT_ALIAS,PLAYABLE_DESIGN_BASELINE,Explicit per-version alias seeded from sixpaths/passive-sage; M47 must tune version-specific mechanics and evidence before final canon parity.
hvs-torifu-akimichi-core-basic,torifu-akimichi-core,BASIC,basic-punch,Basic Punch,Basic Punch,PHYSICAL,BASIC,combat,HERO_VERSION_EXPLICIT_ALIAS,PLAYABLE_DESIGN_BASELINE,Explicit per-version alias seeded from akimichi/basic-punch; M47 must tune version-specific mechanics and evidence before final canon parity.
hvs-torifu-akimichi-core-skill-1,torifu-akimichi-core,SKILL_1,partial-expansion,Partial Expansion,Partial Expansion,PHYSICAL,ACTIVE,combat,HERO_VERSION_EXPLICIT_ALIAS,PLAYABLE_DESIGN_BASELINE,Explicit per-version alias seeded from akimichi/partial-expansion; M47 must tune version-specific mechanics and evidence before final canon parity.
hvs-torifu-akimichi-core-skill-2,torifu-akimichi-core,SKILL_2,human-boulder,Human Boulder,Human Boulder,PHYSICAL,ACTIVE,combat,HERO_VERSION_EXPLICIT_ALIAS,PLAYABLE_DESIGN_BASELINE,Explicit per-version alias seeded from akimichi/human-boulder; M47 must tune version-specific mechanics and evidence before final canon parity.
hvs-torifu-akimichi-core-ultimate,torifu-akimichi-core,ULTIMATE,butterfly-bomb,Butterfly Bomb,Butterfly Bomb,CHAKRA,ULTIMATE,burst,HERO_VERSION_EXPLICIT_ALIAS,PLAYABLE_DESIGN_BASELINE,Explicit per-version alias seeded from akimichi/butterfly-bomb; M47 must tune version-specific mechanics and evidence before final canon parity.
hvs-torifu-akimichi-core-passive,torifu-akimichi-core,PASSIVE,passive-will-of-fire,Passive Will Of Fire,Passive Will Of Fire,CHAKRA,PASSIVE,fire|passive,HERO_VERSION_EXPLICIT_ALIAS,PLAYABLE_DESIGN_BASELINE,Explicit per-version alias seeded from akimichi/passive-will-of-fire; M47 must tune version-specific mechanics and evidence before final canon parity.
hvs-toroi-core-basic,toroi-core,BASIC,basic-chakra-palm,Basic Chakra Palm,Basic Chakra Palm,CHAKRA,BASIC,combat,HERO_VERSION_EXPLICIT_ALIAS,PLAYABLE_DESIGN_BASELINE,Explicit per-version alias seeded from gaara/basic-chakra-palm; M47 must tune version-specific mechanics and evidence before final canon parity.
hvs-toroi-core-skill-1,toroi-core,SKILL_1,sand-shield,Sand Shield,Sand Shield,CHAKRA,ACTIVE,sand,HERO_VERSION_EXPLICIT_ALIAS,PLAYABLE_DESIGN_BASELINE,Explicit per-version alias seeded from gaara/sand-shield; M47 must tune version-specific mechanics and evidence before final canon parity.
hvs-toroi-core-skill-2,toroi-core,SKILL_2,sand-coffin,Sand Coffin,Sand Coffin,CHAKRA,ACTIVE,sand,HERO_VERSION_EXPLICIT_ALIAS,PLAYABLE_DESIGN_BASELINE,Explicit per-version alias seeded from gaara/sand-coffin; M47 must tune version-specific mechanics and evidence before final canon parity.
hvs-toroi-core-ultimate,toroi-core,ULTIMATE,sand-mausoleum,Sand Mausoleum,Sand Mausoleum,CHAKRA,ULTIMATE,sand|burst,HERO_VERSION_EXPLICIT_ALIAS,PLAYABLE_DESIGN_BASELINE,Explicit per-version alias seeded from gaara/sand-mausoleum; M47 must tune version-specific mechanics and evidence before final canon parity.
hvs-toroi-core-passive,toroi-core,PASSIVE,passive-jinchuriki,Passive Jinchuriki,Passive Jinchuriki,CHAKRA,PASSIVE,jinchuriki|passive,HERO_VERSION_EXPLICIT_ALIAS,PLAYABLE_DESIGN_BASELINE,Explicit per-version alias seeded from gaara/passive-jinchuriki; M47 must tune version-specific mechanics and evidence before final canon parity.
hvs-torune-aburame-core-basic,torune-aburame-core,BASIC,basic-kunai,Basic Kunai,Basic Kunai,PHYSICAL,BASIC,combat,HERO_VERSION_EXPLICIT_ALIAS,PLAYABLE_DESIGN_BASELINE,Explicit per-version alias seeded from aburame/basic-kunai; M47 must tune version-specific mechanics and evidence before final canon parity.
hvs-torune-aburame-core-skill-1,torune-aburame-core,SKILL_1,parasitic-insects,Parasitic Insects,Parasitic Insects,CHAKRA,ACTIVE,insect,HERO_VERSION_EXPLICIT_ALIAS,PLAYABLE_DESIGN_BASELINE,Explicit per-version alias seeded from aburame/parasitic-insects; M47 must tune version-specific mechanics and evidence before final canon parity.
hvs-torune-aburame-core-skill-2,torune-aburame-core,SKILL_2,insect-sphere,Insect Sphere,Insect Sphere,CHAKRA,ULTIMATE,insect|burst,HERO_VERSION_EXPLICIT_ALIAS,PLAYABLE_DESIGN_BASELINE,Explicit per-version alias seeded from aburame/insect-sphere; M47 must tune version-specific mechanics and evidence before final canon parity.
hvs-torune-aburame-core-ultimate,torune-aburame-core,ULTIMATE,chakra-drain,Chakra Drain,Chakra Drain,CHAKRA,ACTIVE,combat,HERO_VERSION_EXPLICIT_ALIAS,PLAYABLE_DESIGN_BASELINE,Explicit per-version alias seeded from aburame/chakra-drain; M47 must tune version-specific mechanics and evidence before final canon parity.
hvs-torune-aburame-core-passive,torune-aburame-core,PASSIVE,passive-strategist,Passive Strategist,Passive Strategist,CHAKRA,PASSIVE,passive,HERO_VERSION_EXPLICIT_ALIAS,PLAYABLE_DESIGN_BASELINE,Explicit per-version alias seeded from aburame/passive-strategist; M47 must tune version-specific mechanics and evidence before final canon parity.
hvs-udon-ise-core-basic,udon-ise-core,BASIC,basic-sword,Basic Sword,Basic Sword,PHYSICAL,BASIC,combat,HERO_VERSION_EXPLICIT_ALIAS,PLAYABLE_DESIGN_BASELINE,Explicit per-version alias seeded from water/basic-sword; M47 must tune version-specific mechanics and evidence before final canon parity.
hvs-udon-ise-core-skill-1,udon-ise-core,SKILL_1,water-dragon,Water Dragon,Water Dragon,CHAKRA,ACTIVE,water,HERO_VERSION_EXPLICIT_ALIAS,PLAYABLE_DESIGN_BASELINE,Explicit per-version alias seeded from water/water-dragon; M47 must tune version-specific mechanics and evidence before final canon parity.
hvs-udon-ise-core-skill-2,udon-ise-core,SKILL_2,mist-assassination,Mist Assassination,Mist Assassination,PHYSICAL,ACTIVE,combat,HERO_VERSION_EXPLICIT_ALIAS,PLAYABLE_DESIGN_BASELINE,Explicit per-version alias seeded from water/mist-assassination; M47 must tune version-specific mechanics and evidence before final canon parity.
hvs-udon-ise-core-ultimate,udon-ise-core,ULTIMATE,water-shark-bomb,Water Shark Bomb,Water Shark Bomb,CHAKRA,ULTIMATE,water|burst,HERO_VERSION_EXPLICIT_ALIAS,PLAYABLE_DESIGN_BASELINE,Explicit per-version alias seeded from water/water-shark-bomb; M47 must tune version-specific mechanics and evidence before final canon parity.
hvs-udon-ise-core-passive,udon-ise-core,PASSIVE,passive-swordsman,Passive Swordsman,Passive Swordsman,CHAKRA,PASSIVE,passive,HERO_VERSION_EXPLICIT_ALIAS,PLAYABLE_DESIGN_BASELINE,Explicit per-version alias seeded from water/passive-swordsman; M47 must tune version-specific mechanics and evidence before final canon parity.
hvs-ukon-base-basic,ukon-base,BASIC,basic-kunai,Basic Kunai,Basic Kunai,PHYSICAL,BASIC,combat,HERO_VERSION_EXPLICIT_ALIAS,PLAYABLE_DESIGN_BASELINE,Explicit per-version alias seeded from sound/basic-kunai; M47 must tune version-specific mechanics and evidence before final canon parity.
hvs-ukon-base-skill-1,ukon-base,SKILL_1,flute-genjutsu,Flute Genjutsu,Flute Genjutsu,CHAKRA,ACTIVE,genjutsu,HERO_VERSION_EXPLICIT_ALIAS,PLAYABLE_DESIGN_BASELINE,Explicit per-version alias seeded from sound/flute-genjutsu; M47 must tune version-specific mechanics and evidence before final canon parity.
hvs-ukon-base-skill-2,ukon-base,SKILL_2,sound-wave,Sound Wave,Sound Wave,CHAKRA,ACTIVE,combat,HERO_VERSION_EXPLICIT_ALIAS,PLAYABLE_DESIGN_BASELINE,Explicit per-version alias seeded from sound/sound-wave; M47 must tune version-specific mechanics and evidence before final canon parity.
hvs-ukon-base-ultimate,ukon-base,ULTIMATE,demon-flute-phantoms,Demon Flute Phantoms,Demon Flute Phantoms,CHAKRA,ULTIMATE,burst,HERO_VERSION_EXPLICIT_ALIAS,PLAYABLE_DESIGN_BASELINE,Explicit per-version alias seeded from sound/demon-flute-phantoms; M47 must tune version-specific mechanics and evidence before final canon parity.
hvs-ukon-base-passive,ukon-base,PASSIVE,passive-strategist,Passive Strategist,Passive Strategist,CHAKRA,PASSIVE,passive,HERO_VERSION_EXPLICIT_ALIAS,PLAYABLE_DESIGN_BASELINE,Explicit per-version alias seeded from sound/passive-strategist; M47 must tune version-specific mechanics and evidence before final canon parity.
hvs-utakata-base-basic,utakata-base,BASIC,basic-punch,Basic Punch,Basic Punch,PHYSICAL,BASIC,combat,HERO_VERSION_EXPLICIT_ALIAS,PLAYABLE_DESIGN_BASELINE,Explicit per-version alias seeded from jinchuriki/basic-punch; M47 must tune version-specific mechanics and evidence before final canon parity.
hvs-utakata-base-skill-1,utakata-base,SKILL_1,tailed-cloak,Tailed Cloak,Tailed Cloak,CHAKRA,ACTIVE,combat,HERO_VERSION_EXPLICIT_ALIAS,PLAYABLE_DESIGN_BASELINE,Explicit per-version alias seeded from jinchuriki/tailed-cloak; M47 must tune version-specific mechanics and evidence before final canon parity.
hvs-utakata-base-skill-2,utakata-base,SKILL_2,kurama-claw,Kurama Claw,Kurama Claw,CHAKRA,ACTIVE,combat,HERO_VERSION_EXPLICIT_ALIAS,PLAYABLE_DESIGN_BASELINE,Explicit per-version alias seeded from jinchuriki/kurama-claw; M47 must tune version-specific mechanics and evidence before final canon parity.
hvs-utakata-base-ultimate,utakata-base,ULTIMATE,tailed-beast-bomb,Tailed Beast Bomb,Tailed Beast Bomb,CHAKRA,ULTIMATE,burst,HERO_VERSION_EXPLICIT_ALIAS,PLAYABLE_DESIGN_BASELINE,Explicit per-version alias seeded from jinchuriki/tailed-beast-bomb; M47 must tune version-specific mechanics and evidence before final canon parity.
hvs-utakata-base-passive,utakata-base,PASSIVE,passive-jinchuriki,Passive Jinchuriki,Passive Jinchuriki,CHAKRA,PASSIVE,jinchuriki|passive,HERO_VERSION_EXPLICIT_ALIAS,PLAYABLE_DESIGN_BASELINE,Explicit per-version alias seeded from jinchuriki/passive-jinchuriki; M47 must tune version-specific mechanics and evidence before final canon parity.
hvs-white-zetsu-core-basic,white-zetsu-core,BASIC,basic-chakra-palm,Basic Chakra Palm,Basic Chakra Palm,CHAKRA,BASIC,combat,HERO_VERSION_EXPLICIT_ALIAS,PLAYABLE_DESIGN_BASELINE,Explicit per-version alias seeded from wood/basic-chakra-palm; M47 must tune version-specific mechanics and evidence before final canon parity.
hvs-white-zetsu-core-skill-1,white-zetsu-core,SKILL_1,wood-spikes,Wood Spikes,Wood Spikes,CHAKRA,ACTIVE,wood,HERO_VERSION_EXPLICIT_ALIAS,PLAYABLE_DESIGN_BASELINE,Explicit per-version alias seeded from wood/wood-spikes; M47 must tune version-specific mechanics and evidence before final canon parity.
hvs-white-zetsu-core-skill-2,white-zetsu-core,SKILL_2,wood-dragon,Wood Dragon,Wood Dragon,CHAKRA,ACTIVE,wood,HERO_VERSION_EXPLICIT_ALIAS,PLAYABLE_DESIGN_BASELINE,Explicit per-version alias seeded from wood/wood-dragon; M47 must tune version-specific mechanics and evidence before final canon parity.
hvs-white-zetsu-core-ultimate,white-zetsu-core,ULTIMATE,deep-forest-emergence,Deep Forest Emergence,Deep Forest Emergence,CHAKRA,ULTIMATE,burst,HERO_VERSION_EXPLICIT_ALIAS,PLAYABLE_DESIGN_BASELINE,Explicit per-version alias seeded from wood/deep-forest-emergence; M47 must tune version-specific mechanics and evidence before final canon parity.
hvs-white-zetsu-core-passive,white-zetsu-core,PASSIVE,passive-sage,Passive Sage,Passive Sage,CHAKRA,PASSIVE,sage|passive,HERO_VERSION_EXPLICIT_ALIAS,PLAYABLE_DESIGN_BASELINE,Explicit per-version alias seeded from wood/passive-sage; M47 must tune version-specific mechanics and evidence before final canon parity.
hvs-yagura-base-basic,yagura-base,BASIC,basic-punch,Basic Punch,Basic Punch,PHYSICAL,BASIC,combat,HERO_VERSION_EXPLICIT_ALIAS,PLAYABLE_DESIGN_BASELINE,Explicit per-version alias seeded from jinchuriki/basic-punch; M47 must tune version-specific mechanics and evidence before final canon parity.
hvs-yagura-base-skill-1,yagura-base,SKILL_1,tailed-cloak,Tailed Cloak,Tailed Cloak,CHAKRA,ACTIVE,combat,HERO_VERSION_EXPLICIT_ALIAS,PLAYABLE_DESIGN_BASELINE,Explicit per-version alias seeded from jinchuriki/tailed-cloak; M47 must tune version-specific mechanics and evidence before final canon parity.
hvs-yagura-base-skill-2,yagura-base,SKILL_2,kurama-claw,Kurama Claw,Kurama Claw,CHAKRA,ACTIVE,combat,HERO_VERSION_EXPLICIT_ALIAS,PLAYABLE_DESIGN_BASELINE,Explicit per-version alias seeded from jinchuriki/kurama-claw; M47 must tune version-specific mechanics and evidence before final canon parity.
hvs-yagura-base-ultimate,yagura-base,ULTIMATE,tailed-beast-bomb,Tailed Beast Bomb,Tailed Beast Bomb,CHAKRA,ULTIMATE,burst,HERO_VERSION_EXPLICIT_ALIAS,PLAYABLE_DESIGN_BASELINE,Explicit per-version alias seeded from jinchuriki/tailed-beast-bomb; M47 must tune version-specific mechanics and evidence before final canon parity.
hvs-yagura-base-passive,yagura-base,PASSIVE,passive-jinchuriki,Passive Jinchuriki,Passive Jinchuriki,CHAKRA,PASSIVE,jinchuriki|passive,HERO_VERSION_EXPLICIT_ALIAS,PLAYABLE_DESIGN_BASELINE,Explicit per-version alias seeded from jinchuriki/passive-jinchuriki; M47 must tune version-specific mechanics and evidence before final canon parity.
hvs-yahiko-core-basic,yahiko-core,BASIC,basic-sword,Basic Sword,Basic Sword,PHYSICAL,BASIC,combat,HERO_VERSION_EXPLICIT_ALIAS,PLAYABLE_DESIGN_BASELINE,Explicit per-version alias seeded from water/basic-sword; M47 must tune version-specific mechanics and evidence before final canon parity.
hvs-yahiko-core-skill-1,yahiko-core,SKILL_1,water-dragon,Water Dragon,Water Dragon,CHAKRA,ACTIVE,water,HERO_VERSION_EXPLICIT_ALIAS,PLAYABLE_DESIGN_BASELINE,Explicit per-version alias seeded from water/water-dragon; M47 must tune version-specific mechanics and evidence before final canon parity.
hvs-yahiko-core-skill-2,yahiko-core,SKILL_2,mist-assassination,Mist Assassination,Mist Assassination,PHYSICAL,ACTIVE,combat,HERO_VERSION_EXPLICIT_ALIAS,PLAYABLE_DESIGN_BASELINE,Explicit per-version alias seeded from water/mist-assassination; M47 must tune version-specific mechanics and evidence before final canon parity.
hvs-yahiko-core-ultimate,yahiko-core,ULTIMATE,water-shark-bomb,Water Shark Bomb,Water Shark Bomb,CHAKRA,ULTIMATE,water|burst,HERO_VERSION_EXPLICIT_ALIAS,PLAYABLE_DESIGN_BASELINE,Explicit per-version alias seeded from water/water-shark-bomb; M47 must tune version-specific mechanics and evidence before final canon parity.
hvs-yahiko-core-passive,yahiko-core,PASSIVE,passive-swordsman,Passive Swordsman,Passive Swordsman,CHAKRA,PASSIVE,passive,HERO_VERSION_EXPLICIT_ALIAS,PLAYABLE_DESIGN_BASELINE,Explicit per-version alias seeded from water/passive-swordsman; M47 must tune version-specific mechanics and evidence before final canon parity.
hvs-yamato-core-basic,yamato-core,BASIC,basic-chakra-palm,Basic Chakra Palm,Basic Chakra Palm,CHAKRA,BASIC,combat,HERO_VERSION_EXPLICIT_ALIAS,PLAYABLE_DESIGN_BASELINE,Explicit per-version alias seeded from wood/basic-chakra-palm; M47 must tune version-specific mechanics and evidence before final canon parity.
hvs-yamato-core-skill-1,yamato-core,SKILL_1,wood-spikes,Wood Spikes,Wood Spikes,CHAKRA,ACTIVE,wood,HERO_VERSION_EXPLICIT_ALIAS,PLAYABLE_DESIGN_BASELINE,Explicit per-version alias seeded from wood/wood-spikes; M47 must tune version-specific mechanics and evidence before final canon parity.
hvs-yamato-core-skill-2,yamato-core,SKILL_2,wood-dragon,Wood Dragon,Wood Dragon,CHAKRA,ACTIVE,wood,HERO_VERSION_EXPLICIT_ALIAS,PLAYABLE_DESIGN_BASELINE,Explicit per-version alias seeded from wood/wood-dragon; M47 must tune version-specific mechanics and evidence before final canon parity.
hvs-yamato-core-ultimate,yamato-core,ULTIMATE,deep-forest-emergence,Deep Forest Emergence,Deep Forest Emergence,CHAKRA,ULTIMATE,burst,HERO_VERSION_EXPLICIT_ALIAS,PLAYABLE_DESIGN_BASELINE,Explicit per-version alias seeded from wood/deep-forest-emergence; M47 must tune version-specific mechanics and evidence before final canon parity.
hvs-yamato-core-passive,yamato-core,PASSIVE,passive-sage,Passive Sage,Passive Sage,CHAKRA,PASSIVE,sage|passive,HERO_VERSION_EXPLICIT_ALIAS,PLAYABLE_DESIGN_BASELINE,Explicit per-version alias seeded from wood/passive-sage; M47 must tune version-specific mechanics and evidence before final canon parity.
hvs-yashamaru-core-basic,yashamaru-core,BASIC,basic-punch,Basic Punch,Basic Punch,PHYSICAL,BASIC,combat,HERO_VERSION_EXPLICIT_ALIAS,PLAYABLE_DESIGN_BASELINE,Explicit per-version alias seeded from medical/basic-punch; M47 must tune version-specific mechanics and evidence before final canon parity.
hvs-yashamaru-core-skill-1,yashamaru-core,SKILL_1,chakra-punch,Chakra Punch,Chakra Punch,PHYSICAL,ACTIVE,combat,HERO_VERSION_EXPLICIT_ALIAS,PLAYABLE_DESIGN_BASELINE,Explicit per-version alias seeded from medical/chakra-punch; M47 must tune version-specific mechanics and evidence before final canon parity.
hvs-yashamaru-core-skill-2,yashamaru-core,SKILL_2,mystical-palm,Mystical Palm,Mystical Palm,CHAKRA,ACTIVE,combat,HERO_VERSION_EXPLICIT_ALIAS,PLAYABLE_DESIGN_BASELINE,Explicit per-version alias seeded from medical/mystical-palm; M47 must tune version-specific mechanics and evidence before final canon parity.
hvs-yashamaru-core-ultimate,yashamaru-core,ULTIMATE,hundred-healings,Strength of a Hundred Healings,Strength of a Hundred Healings,CHAKRA,ULTIMATE,heal|burst,HERO_VERSION_EXPLICIT_ALIAS,PLAYABLE_DESIGN_BASELINE,Explicit per-version alias seeded from medical/hundred-healings; M47 must tune version-specific mechanics and evidence before final canon parity.
hvs-yashamaru-core-passive,yashamaru-core,PASSIVE,passive-medical,Passive Medical,Passive Medical,CHAKRA,PASSIVE,passive,HERO_VERSION_EXPLICIT_ALIAS,PLAYABLE_DESIGN_BASELINE,Explicit per-version alias seeded from medical/passive-medical; M47 must tune version-specific mechanics and evidence before final canon parity.
hvs-yoroi-akado-core-basic,yoroi-akado-core,BASIC,basic-punch,Basic Punch,Basic Punch,PHYSICAL,BASIC,combat,HERO_VERSION_EXPLICIT_ALIAS,PLAYABLE_DESIGN_BASELINE,Explicit per-version alias seeded from medical/basic-punch; M47 must tune version-specific mechanics and evidence before final canon parity.
hvs-yoroi-akado-core-skill-1,yoroi-akado-core,SKILL_1,chakra-punch,Chakra Punch,Chakra Punch,PHYSICAL,ACTIVE,combat,HERO_VERSION_EXPLICIT_ALIAS,PLAYABLE_DESIGN_BASELINE,Explicit per-version alias seeded from medical/chakra-punch; M47 must tune version-specific mechanics and evidence before final canon parity.
hvs-yoroi-akado-core-skill-2,yoroi-akado-core,SKILL_2,mystical-palm,Mystical Palm,Mystical Palm,CHAKRA,ACTIVE,combat,HERO_VERSION_EXPLICIT_ALIAS,PLAYABLE_DESIGN_BASELINE,Explicit per-version alias seeded from medical/mystical-palm; M47 must tune version-specific mechanics and evidence before final canon parity.
hvs-yoroi-akado-core-ultimate,yoroi-akado-core,ULTIMATE,hundred-healings,Strength of a Hundred Healings,Strength of a Hundred Healings,CHAKRA,ULTIMATE,heal|burst,HERO_VERSION_EXPLICIT_ALIAS,PLAYABLE_DESIGN_BASELINE,Explicit per-version alias seeded from medical/hundred-healings; M47 must tune version-specific mechanics and evidence before final canon parity.
hvs-yoroi-akado-core-passive,yoroi-akado-core,PASSIVE,passive-medical,Passive Medical,Passive Medical,CHAKRA,PASSIVE,passive,HERO_VERSION_EXPLICIT_ALIAS,PLAYABLE_DESIGN_BASELINE,Explicit per-version alias seeded from medical/passive-medical; M47 must tune version-specific mechanics and evidence before final canon parity.
hvs-yugao-uzuki-core-basic,yugao-uzuki-core,BASIC,basic-sword,Basic Sword,Basic Sword,PHYSICAL,BASIC,combat,HERO_VERSION_EXPLICIT_ALIAS,PLAYABLE_DESIGN_BASELINE,Explicit per-version alias seeded from swordsman/basic-sword; M47 must tune version-specific mechanics and evidence before final canon parity.
hvs-yugao-uzuki-core-skill-1,yugao-uzuki-core,SKILL_1,body-flicker,Body Flicker,Body Flicker,PHYSICAL,ACTIVE,combat,HERO_VERSION_EXPLICIT_ALIAS,PLAYABLE_DESIGN_BASELINE,Explicit per-version alias seeded from swordsman/body-flicker; M47 must tune version-specific mechanics and evidence before final canon parity.
hvs-yugao-uzuki-core-skill-2,yugao-uzuki-core,SKILL_2,chakra-blade,Chakra Blade,Chakra Blade,PHYSICAL,ACTIVE,combat,HERO_VERSION_EXPLICIT_ALIAS,PLAYABLE_DESIGN_BASELINE,Explicit per-version alias seeded from swordsman/chakra-blade; M47 must tune version-specific mechanics and evidence before final canon parity.
hvs-yugao-uzuki-core-ultimate,yugao-uzuki-core,ULTIMATE,crescent-slash,Crescent Slash,Crescent Slash,PHYSICAL,ACTIVE,combat,HERO_VERSION_EXPLICIT_ALIAS,PLAYABLE_DESIGN_BASELINE,Explicit per-version alias seeded from swordsman/crescent-slash; M47 must tune version-specific mechanics and evidence before final canon parity.
hvs-yugao-uzuki-core-passive,yugao-uzuki-core,PASSIVE,passive-swordsman,Passive Swordsman,Passive Swordsman,CHAKRA,PASSIVE,passive,HERO_VERSION_EXPLICIT_ALIAS,PLAYABLE_DESIGN_BASELINE,Explicit per-version alias seeded from swordsman/passive-swordsman; M47 must tune version-specific mechanics and evidence before final canon parity.
hvs-yugito-base-basic,yugito-base,BASIC,basic-punch,Basic Punch,Basic Punch,PHYSICAL,BASIC,combat,HERO_VERSION_EXPLICIT_ALIAS,PLAYABLE_DESIGN_BASELINE,Explicit per-version alias seeded from jinchuriki/basic-punch; M47 must tune version-specific mechanics and evidence before final canon parity.
hvs-yugito-base-skill-1,yugito-base,SKILL_1,tailed-cloak,Tailed Cloak,Tailed Cloak,CHAKRA,ACTIVE,combat,HERO_VERSION_EXPLICIT_ALIAS,PLAYABLE_DESIGN_BASELINE,Explicit per-version alias seeded from jinchuriki/tailed-cloak; M47 must tune version-specific mechanics and evidence before final canon parity.
hvs-yugito-base-skill-2,yugito-base,SKILL_2,kurama-claw,Kurama Claw,Kurama Claw,CHAKRA,ACTIVE,combat,HERO_VERSION_EXPLICIT_ALIAS,PLAYABLE_DESIGN_BASELINE,Explicit per-version alias seeded from jinchuriki/kurama-claw; M47 must tune version-specific mechanics and evidence before final canon parity.
hvs-yugito-base-ultimate,yugito-base,ULTIMATE,tailed-beast-bomb,Tailed Beast Bomb,Tailed Beast Bomb,CHAKRA,ULTIMATE,burst,HERO_VERSION_EXPLICIT_ALIAS,PLAYABLE_DESIGN_BASELINE,Explicit per-version alias seeded from jinchuriki/tailed-beast-bomb; M47 must tune version-specific mechanics and evidence before final canon parity.
hvs-yugito-base-passive,yugito-base,PASSIVE,passive-jinchuriki,Passive Jinchuriki,Passive Jinchuriki,CHAKRA,PASSIVE,jinchuriki|passive,HERO_VERSION_EXPLICIT_ALIAS,PLAYABLE_DESIGN_BASELINE,Explicit per-version alias seeded from jinchuriki/passive-jinchuriki; M47 must tune version-specific mechanics and evidence before final canon parity.
hvs-zabuza-momochi-core-basic,zabuza-momochi-core,BASIC,basic-sword,Basic Sword,Basic Sword,PHYSICAL,BASIC,combat,HERO_VERSION_EXPLICIT_ALIAS,PLAYABLE_DESIGN_BASELINE,Explicit per-version alias seeded from water/basic-sword; M47 must tune version-specific mechanics and evidence before final canon parity.
hvs-zabuza-momochi-core-skill-1,zabuza-momochi-core,SKILL_1,water-dragon,Water Dragon,Water Dragon,CHAKRA,ACTIVE,water,HERO_VERSION_EXPLICIT_ALIAS,PLAYABLE_DESIGN_BASELINE,Explicit per-version alias seeded from water/water-dragon; M47 must tune version-specific mechanics and evidence before final canon parity.
hvs-zabuza-momochi-core-skill-2,zabuza-momochi-core,SKILL_2,mist-assassination,Mist Assassination,Mist Assassination,PHYSICAL,ACTIVE,combat,HERO_VERSION_EXPLICIT_ALIAS,PLAYABLE_DESIGN_BASELINE,Explicit per-version alias seeded from water/mist-assassination; M47 must tune version-specific mechanics and evidence before final canon parity.
hvs-zabuza-momochi-core-ultimate,zabuza-momochi-core,ULTIMATE,water-shark-bomb,Water Shark Bomb,Water Shark Bomb,CHAKRA,ULTIMATE,water|burst,HERO_VERSION_EXPLICIT_ALIAS,PLAYABLE_DESIGN_BASELINE,Explicit per-version alias seeded from water/water-shark-bomb; M47 must tune version-specific mechanics and evidence before final canon parity.
hvs-zabuza-momochi-core-passive,zabuza-momochi-core,PASSIVE,passive-swordsman,Passive Swordsman,Passive Swordsman,CHAKRA,PASSIVE,passive,HERO_VERSION_EXPLICIT_ALIAS,PLAYABLE_DESIGN_BASELINE,Explicit per-version alias seeded from water/passive-swordsman; M47 must tune version-specific mechanics and evidence before final canon parity.
hvs-zaku-abumi-core-basic,zaku-abumi-core,BASIC,basic-kunai,Basic Kunai,Basic Kunai,PHYSICAL,BASIC,combat,HERO_VERSION_EXPLICIT_ALIAS,PLAYABLE_DESIGN_BASELINE,Explicit per-version alias seeded from wind/basic-kunai; M47 must tune version-specific mechanics and evidence before final canon parity.
hvs-zaku-abumi-core-skill-1,zaku-abumi-core,SKILL_1,wind-scythe,Wind Scythe,Wind Scythe,CHAKRA,ACTIVE,wind,HERO_VERSION_EXPLICIT_ALIAS,PLAYABLE_DESIGN_BASELINE,Explicit per-version alias seeded from wind/wind-scythe; M47 must tune version-specific mechanics and evidence before final canon parity.
hvs-zaku-abumi-core-skill-2,zaku-abumi-core,SKILL_2,wind-blade,Wind Blade,Wind Blade,CHAKRA,ACTIVE,wind,HERO_VERSION_EXPLICIT_ALIAS,PLAYABLE_DESIGN_BASELINE,Explicit per-version alias seeded from wind/wind-blade; M47 must tune version-specific mechanics and evidence before final canon parity.
hvs-zaku-abumi-core-ultimate,zaku-abumi-core,ULTIMATE,great-wind-burst,Great Wind Burst,Great Wind Burst,CHAKRA,ULTIMATE,wind|burst,HERO_VERSION_EXPLICIT_ALIAS,PLAYABLE_DESIGN_BASELINE,Explicit per-version alias seeded from wind/great-wind-burst; M47 must tune version-specific mechanics and evidence before final canon parity.
hvs-zaku-abumi-core-passive,zaku-abumi-core,PASSIVE,passive-strategist,Passive Strategist,Passive Strategist,CHAKRA,PASSIVE,passive,HERO_VERSION_EXPLICIT_ALIAS,PLAYABLE_DESIGN_BASELINE,Explicit per-version alias seeded from wind/passive-strategist; M47 must tune version-specific mechanics and evidence before final canon parity.
